platform,brand,record_type,record_id,date,engagement_metric,engagement_value,text_sample
amazon,Celsius,product,B002RSRURY,,ratings_total,6898.0,"CELSIUS On-The-Go Powder Stick Packs, Zero Sugar (14 Sticks per Pack), Berry, 2.5 Ounce"
amazon,AdvoCare,product,B0038NEOKS,,ratings_total,2616.0,"AdvoCare Spark - Energy Drink Mix - Vitamin & Amino Acid Supplement - Supports Energy & Focus - Portable Immune Support - Sugar-Free - Fruit Punch, (10.5 oz)"
amazon,Celsius,product,B0050MMKBA,,ratings_total,2199.0,"CELSIUS Fitness Drink 9-Flavor Variety Pack, Zero Sugar, Slim Can 12 Fl Oz (Pack of 12)"
amazon,GURU,product,B00I5LNILE,,ratings_total,1391.0,"GURU Energy Drink Original, Organic Sparkling Energy Drink, 140 MG Natural Caffeine for Workouts, Performance & Midday Boost, Plant Based, Gluten Free, Vegan, 12 Fl Oz, 12 Pack."
amazon,Monster,product,B00IB9RZSM,,ratings_total,4292.0,"Monster Energy Import, Energy Drink, 18.6 Ounce | Pack of 12"
amazon,Celsius,product,B07BY3HJPT,,ratings_total,7451.0,"CELSIUS Sparkling Kiwi Guava, Sugar Free Energy Drink, 12 Fl Oz (Pack of 12)"
amazon,,product,B07FP2KHW1,,ratings_total,1766.0,"Hiball Clean Energy Drink - Variety Pack - Zero Sugar, Zero Calorie Sparkling Water with 160mg Organic Caffeine, 50mg Organic Ginseng, 50mg Organic Guarana and B Vitamins - 16 fl oz (8-Pack)"
amazon,Alani Nu,product,B07PMLBFKG,,ratings_total,2815.0,"Alani Nu HAWAIIAN SHAVED ICE, Sugar Free, Low Calorie Energy Drinks, 200mg Caffeine, Biotin, B Vitamins, Zero Sugar, 10 Calories, 12 Fl Oz Cans, 12 Pack"
amazon,Xwerks,product,B07WV6FGM2,,ratings_total,115.0,"Xwerks Ignite Pre Workout Powder for Men and Women, Natural Preworkout Energy Drink Powder, Gluten Free Keto Formula for Endurance Stamina and Workout Focus, 150 mg Caffeine, 30 Servings, Watermelon"
amazon,Ghost,product,B08MW9LXK7,,ratings_total,13570.0,"GHOST Energy Drink - 12-Pack, Warheads Sour Watermelon, 16oz - Energy & Focus & No Artificial Colors - 200mg of Natural Caffeine, L-Carnitine & Taurine - Gluten-Free & Vegan"
amazon,Celsius,product,B095Q98Z97,,ratings_total,6437.0,"CELSIUS Sparkling Tropical Vibe, Functional Essential Energy Drink 12 Fl Oz (Pack of 12)"
amazon,C4,product,B09FXVQ8WN,,ratings_total,6541.0,C4 Performance Energy Drink | Strawberry Blast | Zero Sugar Carbonated Preworkout Energy | 200mg Caffeine with Beta Alanine | 16 Fl Oz (12 Pack)
amazon,C4,product,B09RGKQW2L,,ratings_total,3789.0,"C4 Performance Energy Drink Cosmic Rainbow, Zero Sugar Carbonated Preworkout Energy, 200mg Caffeine with Beta Alanine, 16 Fl Oz (12 Pack), Packaging May Vary"
amazon,Celsius,product,B09X22BTZT,,ratings_total,3270.0,"CELSIUS ARCTIC VIBE Sparkling Frozen Berry, Sugar Free Energy Drink, 12 Fl Oz (Pack of 12)"
amazon,Ghost,product,B09YGDKGDW,,ratings_total,13570.0,"GHOST Energy Drink - 12-Pack, Orange Cream, 16oz Cans - Energy & Focus & No Artificial Colors - 200mg of Natural Caffeine, L-Carnitine & Taurine - Gluten-Free & Vegan"
amazon,,product,B0B994RPC6,,ratings_total,1473.0,"RYSE Fuel Energy Drink - Variety Pack - Sugar Free, Gluten Free & Vegan - 200mg Natural Caffeine, Taurine & Choline for Focus & Energy - No Artificial Colors - 16 fl oz Cans (12-Pack)"
amazon,Monster,product,B0BJX5VNVF,,ratings_total,4547.0,"Monster Energy Drink, Green, Original, 16 Ounce | Pack of 15"
amazon,Monster,product,B0BL6SXDL4,,ratings_total,6031.0,"Monster Energy Juice Pipeline Punch, Energy Drink, 16 Ounce | Energy + Juice, Pack of 15"
amazon,Monster,product,B0BL6WQKPM,,ratings_total,8904.0,"Monster Energy Ultra Sunrise, Sugar Free Energy Drink, 16 Fl Oz | Pack of 15"
amazon,Monster,product,B0BL6X167P,,ratings_total,3548.0,"Monster Energy Zero Sugar, Green, Original, Low Calorie Energy Drink, 16 Ounce (Pack of 15), Can"
amazon,Monster,product,B0BL7316GD,,ratings_total,34860.0,"Monster Energy Zero Ultra, Sugar Free Energy Drink, 16 Ounce | Pack of 15"
amazon,Monster,product,B0BL75738K,,ratings_total,7074.0,"Energy, Lo-Carb Monster, Low Carb Energy Drink, 16 Ounce | Pack of 15"
amazon,Monster,product,B0BL7D61N5,,ratings_total,2750.0,"Monster Energy Ultra Strawberry Dreams, Sugar Free Energy Drink, 16 Ounce | Pack of 15"
amazon,Red Bull,product,B0C9G3KRGX,,ratings_total,1536.0,"Red Bull Energy Drink Variety Pack, Red Edition, Amber Edition and Yellow Edition Energy Drinks, 8.4 Fl Oz, 24 Cans"
amazon,Monster,product,B0CGMF1J8Z,,ratings_total,1282.0,"Energy Juice Monster Variety Pack, PPMLPP, Energy Drink, 16 Ounce | Energy + Juice, Pack of 15"
amazon,Monster,product,B0CGMF4B74,,ratings_total,2052.0,"Monster Energy Ultra Variety Pack, PKZSD, Sugar Free Energy Drink, 16 Ounce | Pack of 15"
amazon,GURU,product,B0CHGK2SGN,,ratings_total,139.0,"GURU Organic Energy Drinks Variety Pack, Clean Energy Drink with Plant Based Natural Caffeine from Green Tea, Gluten Free and Vegan, 140MG Caffeine, Healthy Drinks, 12 oz (Pack of 12)"
amazon,Celsius,product,B0CJW7BRX4,,ratings_total,1911.0,"CELSIUS On The Go Strawberry Coconut, Sugar Free Energy Drink Mix (14 Sticks per Pack)"
amazon,Alani Nu,product,B0CN3S8FXH,,ratings_total,3708.0,"Alani Nu CHERRY SLUSH Ice Sugar Free, Low Calorie Energy Drinks | 200mg Caffeine | Antioxidants | Biotin, B Vitamins | Zero Sugar | 15 Calories or Less | 12 Oz Cans | 12 Count"
amazon,C4,product,B0CQRTWDWM,,ratings_total,1034.0,"C4 Performance Energy Drink, Grape Popsicle, Zero Sugar Carbonated Preworkout Energy, 200mg Caffeine with Beta Alanine, 16 Fl Oz (12 Pack) | Carbonated, Pre Workout, Performance Drink, no Artificial Colors, no Dyes"
amazon,Celsius,product,B0CRHXVP3X,,ratings_total,962.0,"CELSIUS ESSENTIALS™ Sparkling Blue Crush, Sugar Free Performance Energy Drink, 16 Fl Oz (Pack of 12)"
amazon,Spylt,product,B0CS2D278X,,ratings_total,396.0,"Spylt High Protein Max Chocolate Milk with 140mg Caffeine & 20g Protein - 90 Calories, Ready to Drink, Sugar Free, Lactose Free Milk, Perfect for Workout Recovery & Afternoon Pick Me Up - 12 Count"
amazon,Liquid I.V.,product,B0CSQWZPBX,,ratings_total,5140.0,"Liquid I.V. Hydration Multiplier Sugar-Free Variety Pack - Raspberry Melon, Lemon Lime, White Peach, Green Grape | Electrolyte Powder Drink Mix | 1 Pack (16 Servings)"
amazon,Celsius,product,B0CTGP9PNB,,ratings_total,1103.0,"CELSIUS ESSENTIALS™ Sparkling Dragonberry, Sugar Free Performance Energy Drink, 16 Fl Oz (Pack of 12)"
amazon,Alani Nu,product,B0CYDXTF5J,,ratings_total,1374.0,"Alani Nu PINK SLUSH, Sugar Free, Low Calorie Energy Drinks, 200mg Caffeine, Biotin, B Vitamins, Zero Sugar, 10 Calories, 12 Fl Oz Cans, 12 Pack"
amazon,,product,B0CZ346ZC1,,ratings_total,302.0,Cellucor C4 Ultimate | Pre Workout Sugar Free Energy Drink Official Variety Pack | Tri-Stim Experience with 300mg Caffeine + TeaCrine + Dynamine | 16oz (Pack of 12)
amazon,Ghost,product,B0D9NLF8Z3,,ratings_total,2104.0,"GHOST Legend Pre-Workout Powder, Warheads Sour Watermelon - 30 Servings – Pre-Workout for Men & Women with Choline, L-Citrulline, & Beta Alanine for Energy & Focus"
amazon,Alani Nu,product,B0DD1R3WCK,,ratings_total,296.0,"Alani Nu COSMIC STARDUST, Sugar Free, Low Calorie Energy Drinks, 200mg Caffeine, Biotin, B Vitamins, Zero Sugar, 10 Calories, 12 Fl Oz Cans, 24 Pack"
amazon,Ghost,product,B0DF1L929C,,ratings_total,13570.0,"GHOST Energy Drink - 12-Pack, Welch's Grape, 16oz Cans - Energy & Focus & No Artificial Colors - 200mg of Natural Caffeine, L-Carnitine & Taurine - Gluten-Free & Vegan"
amazon,Bloom Nutrition,product,B0DFNHYD49,,ratings_total,544.0,"Bloom Nutrition Sparkling Energy Drink for Focus, Natural Caffeine, Zero Sugar, 180mg Caffeine, Antioxidant-Rich with Green Coffee Bean, Green Tea Extract, & Prebiotics, Raspberry Lemon 12oz 12 Pack"
amazon,Bloom Nutrition,product,B0DFNM6NVQ,,ratings_total,2831.0,"Bloom Nutrition Sparkling Energy Drink - Variety Pack - Natural Caffeine, Zero Sugar, 180mg Caffeine - Antioxidant-Rich with Green Coffee Bean, Green Tea Extract, Prebiotics - 12oz 12 Pack"
amazon,Alani Nu,product,B0DK6116J5,,ratings_total,678.0,"Alani Nu CHERRY TWIST Energy Sticks, Energy Drink Powder, 200mg Caffeine, Pre Workout Performance with Antioxidants, On-The-Go Drink Mix, Biotin, B Vitamins, Zero Sugar, 5-10 Calories, 10 Pack"
amazon,Alani Nu,product,B0DK6491TM,,ratings_total,476.0,"Alani Nu PINK SLUSH Energy Sticks, Energy Drink Powder, 200mg Caffeine, Pre Workout Performance with Antioxidants, On-The-Go Drink Mix, Biotin, B Vitamins, Zero Sugar, 5-10 Calories, 10 Pack"
amazon,Liquid I.V.,product,B0DNNCRDP2,,ratings_total,89.0,Liquid I.V. Hydration Multiplier Sugar Free + Energy - Pomegranate Punch | Electrolyte Powder Drink Mix | 1 Pack (14 Servings)
amazon,,product,B0DPY3CYY9,,ratings_total,74.0,"BUM Sugar-Free Energy Drink, Grape - Lightly Carbonated & No Artificial Colors, Natural Caffeine & Citicoline for Energy & Focus, Brain Boost & Workout Sports Beverage - 12 oz, Pack of 12"
amazon,,product,B0DQ6R3VX5,,ratings_total,290.0,"PRIME Energy CHERRY LIMEADE, Zero Sugar Energy Drink, 200mg Caffeine and 355mg of Electrolytes for Hydration, Vegan, Gluten Free,16 Fluid Ounce, 12 Pack"
amazon,Monster,product,B0DSGP2GML,,ratings_total,1023.0,"Monster Energy Juice Viking Berry, Energy Drink, 16 Ounce | Energy + Juice, Pack of 15"
amazon,Monster,product,B0DSGRDCHY,,ratings_total,1300.0,"Monster Energy Ultra Blue Hawaiian, Sugar Free Energy Drink, 16 Ounce | Pack of 15"
amazon,Alani Nu,product,B0DTLYVG3Y,,ratings_total,430.0,"Alani Nu STRAWBERRY SUNRISE Sugar Free, Low Calorie Energy Drinks, 200mg Caffeine, Biotin B Vitamins, Zero Sugar, 10 Calories, 12 Fl Oz Cans, 12 Pack"
amazon,Monster,product,B0DWCX9R49,,ratings_total,1582.0,"Monster Energy Ultra Variety Pack, Blue Hawaiian, Ultra Vice Guava, Ultra Fantasy Ruby Red, Sugar Free Energy Drink, 16 Ounce Can (Pack of 15)"
amazon,Alani Nu,product,B0DWQC12R5,,ratings_total,1630.0,"Alani Nu VARIETY PACK (CHERRY SLUSH, JUICY PEACH, ORANGE KISS), Low Calorie Energy Drinks, 100mg Caffeine, Biotin, B Vitamins, Zero Sugar, 10 Calories or Less, 8 Fl Oz Cans, 12 Pack"
amazon,Alani Nu,product,B0DZKGWX5G,,ratings_total,751.0,"Alani Nu SHERBET SWIRL Sugar Free, Low Calorie Energy Drinks, 200mg Caffeine, Biotin B Vitamins, Zero Sugar, 10 Calories, 12 Fl Oz Cans, 12 Pack"
amazon,Ghost,product,B0DZLW1TXV,,ratings_total,892.0,"GHOST Hydration Drink, Welch’s Grape - RTD Sports Drink with Electrolytes, Natural Vitamins & Minerals - All Day Lifestyle Hydration Beverage - Zero Caffeine & Zero Sugars - 16.9 Fl Oz, 12 Pack"
amazon,Celsius,product,B0F6DYMJDF,,ratings_total,270.0,"CELSIUS Fizz Free Dragon Fruit Lime, Sugar Free Energy Drink, 12 Fl Oz (Pack of 12)"
amazon,Celsius,product,B0F6F8M3KG,,ratings_total,349.0,"CELSIUS Fizz Free Pink Lemonade, Sugar Free Energy Drink, 12 Fl Oz (Pack of 12)"
amazon,,product,B0FKKGB9HV,,ratings_total,32.0,"BUM Sugar-Free Energy Drink, Pina Colada - Lightly Carbonated & No Artificial Colors, Natural Caffeine & Citicoline for Energy & Focus, Brain Boost & Workout Sports Beverage - 12 oz, Pack of 12"
amazon,Zipfizz,product,B0FP3XLRB5,,ratings_total,108.0,"Zipfizz Daily Energy Drink Powder, Strawberry Kiwi, 20 Pack | 3-in-1 Sustained Energy, Rapid Hydration, and Essential Vitamins | Sugar-Free | Electrolyte Powder | Contains Vitamin B-12 & Antioxidants"
amazon,,product,B0FSG4V4H8,,ratings_total,340.0,"Ultra Focus Pouches (Variety Pack, 3 Cans) Nicotine-Free, Caffeine-Free | Enfinity Paraxanthine | Vitamin B6 + B12, L-Theanine, Alpha GPC, Ginseng | Nootropic Energy & Clarity Pouches"
amazon,Liquid Death,product,B0FV9BGJG1,,ratings_total,444.0,"Liquid Death Sparkling Energy - Scary Strawberry, Zero Sugar Energy Drink, Unextreme Caffeine 100mg, Essential Vitamins, 12 Fl Oz (Pack of 12)"
amazon,Liquid Death,product,B0FVB3JXKR,,ratings_total,403.0,"Liquid Death Sparkling Energy - Murder Mystery (Cherry, Cream, Spice), Zero Sugar Energy Drink, Unextreme Caffeine 100mg, Essential Vitamins, 12 Fl Oz (Pack of 12)"
amazon,Red Bull,product,B0FZXS2BFQ,,ratings_total,1361.0,"Red Bull Iced Vanilla Berry Energy Drink, 8.4 Fl Oz, Pack of 24 Cans (6 packs of 4)"
amazon,Red Bull,product,B0FZXWP3VB,,ratings_total,197.0,"Red Bull Zero Sugar Variety Pack, Zero Energy Drink, Iced Vanilla Berry, & White Peach, 8.4 Fl Oz, 12 Cans (2 Packs of 12)"
amazon,Monster,product,B0G2Z2L3Z7,,ratings_total,468.0,"Monster Energy Juice Bad Apple, Energy + Juice, Energy Drink, 16 Ounce (Pack of 15)"
amazon,Monster,product,B0G2Z5FDCZ,,ratings_total,247.0,"Monster Energy Orange Dreamsicle, Energy Drink, 16 Ounce (Pack of 15)"
amazon,Alani Nu,product,B0G3T9HQP5,,ratings_total,41.0,"Alani Nu Winter Wonderland, Sugar Free, Low Calorie Energy Drinks, 200mg Caffeine, Biotin, B Vitamins, Zero Sugar, 10 Calories, 12 Fl Oz Cans, 24 Pack"
amazon,Monster,product,B0G5B6MM22,,ratings_total,176.0,"Monster Energy Ultra Punk Punch, Sugar Free Energy Drink, 16 Ounce (Pack of 15)"
amazon,Monster,product,B0G5BBHY3H,,ratings_total,171.0,"Monster Energy Strawberry Shot, Green, Original, Energy Drink, 16 Ounce (Pack of 15)"
amazon,Monster,product,B0G5BDLM18,,ratings_total,228.0,"Monster Energy Lando Norris, Sugar Free Energy Drink, 16 Ounce (Pack of 15)"
amazon,Pureboost,product,B0GD2TYNT5,,ratings_total,1473.0,"Pureboost Sugar-Free Clean Energy Booster, Acai Alert 10 Count, Refreshing Energy Drink Mix with B12 Vitamins, Electrolytes, Antioxidants, No Sucralose"
amazon,Ghost,product,B0GHD3YHL8,,ratings_total,,"GHOST Energy Drink,Sour Patch Kids Blue Raspberry,16oz - Energy & Focus & No Artificial Colors - 200mg Natural Caffeine,L-Carnitine-& Taurine - Gluten-Free-& Vegan,(Pack of 24)"
amazon,Red Bull,product,B0GN94VSVQ,,ratings_total,1.0,"Red Bull Iced Edition Sugarfree Energy Drink, Iced Vanilla Berry, 8.4 fl. oz., Pack of 8, with 80mg Caffeine, Taurine & B Vitamins"
amazon,Red Bull,product,B0GN97W382,,ratings_total,2.0,"Red Bull Peach Edition Sugarfree Energy Drink, White Peach, 8.4 fl. oz., Pack of 8, with 80mg Caffeine, Taurine & B Vitamins"
amazon,Red Bull,product,B0GN9FZ937,,ratings_total,4.0,"Red Bull Iced Edition Energy Drink, Iced Vanilla Berry, 8.4 fl. oz., Pack of 8, with 80mg Caffeine, Taurine & B Vitamins"
amazon,Alani Nu,product,B0GT6VRQRH,,ratings_total,7.0,Alani Nu Cotton Candy Sugar Free Energy Drink (Pack of 12)
amazon,Celsius,product,B0GVTW2RRC,,ratings_total,12.0,"CELSIUS Sparkling Electric Vibe, Functional Energy Drink 12 Fl Oz (Pack of 12)"
amazon,Celsius,review,R3VZVXAHVD4GD7,2021-06-04,helpful_votes,,"I love it, where can I buy it again?"
amazon,Celsius,review,R2N3NF36X26JPM,2023-08-19,helpful_votes,,Nice
amazon,Celsius,review,RA9LT60FRW7I3,2024-12-21,helpful_votes,27.0,"The CELSIUS On-the-Go Powder Stick Packs in Berry flavor (Zero Sugar, 14 Sticks per Pack, 2.5 Ounce per Pack) have received a lot of positive attention for their convenience, refreshing taste, and effective energy-boosting properties. Here’s a breakdown of what customers typically highlight in their reviews:### **Taste:**Many users enjoy the **Berry flavor** of these powder sticks. It's described as **refreshing** and not overly sweet, despite being sugar-free. It strikes a balance between tart and sweet, providing a pleasant experience when mixed with water.### **Convenience:**The **on-the-go powder sticks** are frequently praised for their portability. They come in individual packets, making them incredibly convenient for people who are always on the move. Simply add one packet to water and enjoy a quick energy boost without needing to carry bulky cans or bottles.### **Performance:**CELSIUS powder sticks are marketed as a product that provides **natural energy** without the sugar crash associated with many energy drinks. The formula includes ingredients like **green tea extract, caffeine, and ginger**, which provide a clean boost of energy. Reviewers often mention feeling energized and alert after drinking, with many appreciating the **lack of jitters** or crashes.### **Zero Sugar:**For those who are watching their sugar intake, the zero-sugar aspect is a significant selling point. Customers often note that they can enjoy a flavorful energy drink without the negative effects of sugar, like an insulin spike or crash.### **Health Focus:**CELSIUS is positioned as a **fitness and wellness product**, so it's marketed as being free from artificial preservatives, flavors, and sweeteners. Many reviews highlight the product’s **health-conscious ingredients**, which include **vitamins and minerals** that may support metabolism.### **Drawbacks:**Some customers mention that the flavor can be a bit **strong or artificial** for certain tastes, especially if mixed with too little water. Also, while the caffeine boost works for many, those sensitive to caffeine might find it a bit too strong.### **Packaging:**The compact, lightweight packaging makes it perfect for tossing in a gym bag or backpack. The 14-stick pack provides a decent quantity for frequent use, though some users might find it runs out quickly if consumed regularly.Overall, **CELSIUS On-the-Go Powder Stick Packs** are highly rated for their **convenience**, **taste**, and **energy-boosting effects**. They're an excellent option for individuals looking for a sugar-free, healthy alternative to traditional energy drinks. If you enjoy berry-flavored drinks and need a quick pick-me-up, this product is likely a good fit. Just be mindful of the caffeine content if you're sensitive to stimulants."
amazon,Celsius,review,R1A56Y033MCD0S,2025-10-07,helpful_votes,,Súper deliciosos y sirven muy bien como pre entreno
amazon,Celsius,review,R2TJETTMDB2907,2025-11-29,helpful_votes,,"I love these Celsius On-The-Go packets! They’re perfect for busy mornings or when I need a quick pick-me-up during work. The flavor is really good—not too sweet—and it dissolves easily in water without leaving any gritty texture.I’ve noticed it gives me a clean, steady energy boost without the jitters or crash I get from other drinks. It’s also super convenient to toss a few packets in my bag so I don’t have to rely on buying energy drinks when I’m out.Overall, great taste, great energy, and perfect for staying active throughout the day. Definitely a must-have for anyone who wants something quick and effective!"
amazon,Celsius,review,R23OE4IIMQVBFZ,2025-11-30,helpful_votes,6.0,"These CELSIUS stick packs are absolutely fantastic for anyone who needs a quick, reliable energy lift without the fuss of a can.On-the-Go Power: These are great for an on-the-go caffeine boost! They're super convenient to throw into a purse, backpack, or gym bag—perfect for travel, work, or before a workout.Easy to Use: Just pour the powder into a water bottle and shake. It dissolves easily and quickly.Zero Sugar: I love that they are zero sugar but still deliver a clean, effective energy boost without the jitters or the crash.Good Flavor: The Berry flavor is quite good and refreshing, not artificial or overly sweet.Highly Recommended: If you want a portable, efficient, and zero-sugar way to get energy, these stick packs are a winner."
amazon,Celsius,review,R1PPZIKOYS7SY6,2025-12-15,helpful_votes,6.0,"I drink Celsius nearly every day and these are perfect for how much I travel. I can just throw them in my bag and shake them up with a water bottle in the morning. They are great quality. They have a good caffeine content since I don’t drink coffee, and they’re super effective for increasing my energy level. They’re really easy to mix and taste very similar to Celsius that you would buy in a can at a fraction of the price. They obviously last a lot longer than the carbonated version does since they are self stable.  highly recommend to anyone who is a Celsius lover."
amazon,Celsius,review,R35HKFPGSZNCIS,2026-01-02,helpful_votes,,"El producto es buenísimo pero además, les recomiendo este vendedor. Puso en una bolsa de plástico la caja, la selló y entonces envió la cajita a reparto. Al ser una caja de cartón, fácilmente se aplasta y puede salir el producto."
amazon,Celsius,review,R2OISQ1KNZ007F,2026-02-21,helpful_votes,,"These are great, so convenient"
amazon,Celsius,review,R1AGKZWDYUEXBJ,2026-03-31,helpful_votes,1.0,"Love these!  Convenient to travel with and correct funky tasting water, Amazon always has my favorite flavors (unlike the grocery store I frequent), MUCH easier on the stomach than coffee, zero sugar/low carb (1g), and great flavor.  The only true cons I have with these is their use of artificial sweeteners (sucralose)…wish we could get past them."
amazon,Celsius,review,R3LGOIDVJSPMBP,2026-04-06,helpful_votes,,Bought for a coworker who loves this flavor. I’m partial to the tropical flavors but this one is pretty good too!
amazon,Celsius,review,R3OMBL8Z5YWDQN,2026-04-21,helpful_votes,,"Picked these up to try something different and they’ve been solid. Flavor’s actually pretty good—not overly sweet or fake. I add it to yogurt sometimes. Easy to mix, no clumps. Gives a decent boost without making me feel wired."
amazon,Celsius,review,R2HSFIE2PZ6VN3,2026-05-02,helpful_votes,,"Great taste, good price, gives the energy needed to help me at work."
amazon,AdvoCare,review,R2S9H9UHYTUNMF,2014-02-25,helpful_votes,35.0,"As wrestler, I am very concerned with diet, exercise, and getting as much long lasting energy as possible from everything that I eat (yes believe it or not most successful wrestlers do eat. They just know what to eat and when)! Spark is something I live on both in and out of my season! Long lasting energy, no crash, and compared to most energy supplements extremely healthy!! But that's only half the battle. The other half is finding something that tastes good enough that you are actually excited to take it, and spark does just that! Three scoops (which are surprisingly small) of this stuff spread out throughout the day has been enough to get me through grueling tournaments (including my time at the Colorado state tournament) with ease. Personally I mix a scoop of this with a scoop of Accelerade to make the ultimate energy/recovery/rehydration drink I have ever had. And the best part about spark is that it triples as both a preworkout, energy supplement during your workout, or postworkout/rehydration suppliment depending on when you take it.Outside of wrestling, I am a lifter, work at a tire shop, and particpate in many other sports and community service projects. Through it all, Spark is my go to choice for energy when I need it. Not soda, not red bull, not gatoraid, and not other types of quick energy replacement suppliments. Although I am sure these things do work for other people, I have found that Spark is not only the healthiest of these options, but (at least for me) also one of the most effective options as well. Even on those weigh in days for wrestling or just a normal day when no water is available, I love the taste enough to be able to just put the powder straight in my mouth and take it that way.In terms of the actual product, it mixes very well. Minimal clumping even when it might be a little more saturated than normal due to the lack of enough water and it mixes well with other products (such as Accelerade) nicely if you like to do that. Out of the many flavors I prefer the fruit punch the best, however I have tried all the flavors and would not hesitate to buy any of them if the fruit punch was sold out. You do have to rinse your water bottle a few times to get it all out after you drink it but that is pretty typical of any type of supplement or energy drink. If you have never tried Spark before, I know it might look a little pricey, but it is worth the money! I would definitely recommend trying it out! Take it from the wrestler and just an everyday person who has tried just about everything when it comes to energy/rehydration suppliments out there."
amazon,AdvoCare,review,R3SCATR6SQG5AE,2025-12-05,helpful_votes,4.0,"Love the Fruit Punch flavor, and sustained energy it provides.  I wish the company would use more natural sweeteners such as Stevia or Monk fruit"
amazon,AdvoCare,review,R1LEFRNHH4L67E,2026-02-28,helpful_votes,,Great product and price
amazon,AdvoCare,review,RQ9OPTX0JECD6,2026-03-22,helpful_votes,,"Ive used spark for over a decade. I am in my 40, run a business, and also a runner of 10ks. I love how focused and energized its made me feel every use and without the shakes. Amazing product!!! Go Advocare!!"
amazon,AdvoCare,review,R1SXUHN8ZVH3TH,2026-04-14,helpful_votes,,Tastes so good! Gives nice boost of energy before a workout or just maybe to get you through a sluggish day. Did not give me the jitters like some of the other energy drinks I have tried.
amazon,AdvoCare,review,R1K4IQSLZP96XK,2026-04-23,helpful_votes,,People use this for pre workout but I use it to wake up in the mornings! Im not a coffee drinker so I need a little extra boost and this does the trick. I don't have a crash with this. Been using it for years and it actually helped me quit energy drinks and its a healthy alternative.
amazon,AdvoCare,review,R2ONBLCKVSWXYJ,2026-04-24,helpful_votes,,i love this flavor. works well to help brink a spring to my morning step
amazon,AdvoCare,review,R2GP0362UJE9NF,2026-05-03,helpful_votes,,Love SPARK!
amazon,Celsius,review,R25ZEF5ZJP8K8W,2014-05-27,helpful_votes,52.0,"This stuff is pretty great! I've typically been drinking a can each morning before my run and I have burned more calories from the energy it gives me than I was burning previous to drinking these. That's definitely what they mean by ""burn an extra 100 calories"". Simply drinking Celsius will not shed any pounds; it is meant to be a supplement to aid in calorie burning.Although Celsius seems to be an excellent source of energy, I learned the hard way not to drink it at night. I was so excited to receive them that as soon as they arrived at 7pm, I immediately chugged an entire can. While my run was awesome and filled with energy that night, I finished the run and spotlessly cleaned every surface in my apartment, vaccumed every inch of carpet, scrubbed all of my tile, and pointlessly did laundry and other various chores that were definitely not necessary. Having all of that energy was great until it was suddenly 3am and I was unable to fall asleep to wake up at 6am for work! Big mistake.The flavors aren't too bad, either:Raspberry Acai Green Tea - This one is, by far, my favorite. Perhaps it's just because I love tea, but the flavor is nice and refreshing. It almost tastes like a low calorie snapple.Sparkling Orange - While I'm not a fan of carbonation, this flavor wasn't bad at all. To me, it tasted like diet orange soda.Sparkling Wild Berry - Another carbonated flavor that isn't too bad if you like that kind of thing. I thought it tasted like a fruity soda.Cola - This tastes EXACTLY like diet Pepsi.Green Tea Peach Mango - This flavor was also quite good. You can definitely taste the fruit in it, which is comforting and yummy.So basically, if you're looking to boost the energy in your workouts, I would suggest Celsius. It's a million times better than any other energy drink on the market and it's much better for your health. Try it out!"
amazon,Celsius,review,RK47MY2Q9ZZOQ,2016-03-25,helpful_votes,2.0,"I bought this as a temporarily replacement to Monster as a caffeine source since I couldn't get to a store to buy a pack, and I was pleasantly surprised. First off, please note that I paid only $11 for these since I had a gift card to apply, so I'm not so sure if I'd find it worth the $20 price tag in the future. I usually have to drink a full energy drink to get through any day, and I can barely feel the caffeine's effects when I drink one. With these, I could feel energized (I believe that's because there's a little more caffeine in a can of this than there is in a Monster); it did make me a little jittery, so if you don't like that feeling, these might not be for you. I personally don't regularly work out, but my friend does, so I gave him a few of the cans to try, and he found that he enjoyed his workout more those days. For me, the fact that they're all 5 or 10 calories is good enough since I don't work out. As for the flavors, there are five different ones, and my friend and I enjoyed each one except for the cola, but hey, I can overlook one bad flavor for all the caffeine these have."
amazon,Celsius,review,RD7AVVIBZH52D,2016-04-16,helpful_votes,198.0,"I suffer from chronic fatigue syndrome and have to take medication daily to help combat it, but it still doesn't work completely. Getting going in the morning, staying focused, energized, and physically motivated has been a struggle for me since childhood, and genetically I metabolize caffeine at much faster rate than what is considered to be average or normal (I had DNA genome testing done). This means the amount of caffeine I need to consume in order to benefit from its effects is much greater, and the duration of its effects is considerably shorter. I end up having to drink caffeinated beverages all day long just to stay awake, but it does very little in regards to keeping me from feeling sleepy or physically exhausted. Unfortunately this has also led to weight gain because I'm not as active as I'd like to be.I've tried every energy drink, every caffeinated gum, every powder, every energy pill. They either don't work well enough, are too sweet, make me feel nauseous or shaky rather than energized, cause headaches or sugar crashes and leave me feeling worse.I ordered a case of Celsius not knowing what to expect, but willing to give it a go. The fact that it is sugar free, aspartame free, free of artificial preservatives, high fructose corn syrup, and free from artificial coloring and flavors was the high selling point for me. The burning an extra 100 calories claim was just a bonus, but also intriguing. I hoped that it wouldn't taste awful. I'm very happy to say that not only does it work at keeping me energized and not just awake, it tastes great!My favorite are the two non-carbonated flavors, but the carbonated flavors aren't horrible though, even the cola which I was dubious about.Just ONE of these in the morning has completely replaced my need to drink copious amounts of coffee, tea, or soda throughout the day. Only one day did I have Celsius and coffee both. It makes me feel awake, focused, and most of all I get things DONE! It doesn't make me feel nauseous, shaky, give me headaches or cause any kind of crash either!I'm am SO glad I tried this! This is a total game changer for me! I am now completely out and ordered another case.Word of advice: if you drink it too late in the day you're gonna be up all night. The first time I tried it I drank it at around 7pm because I was falling asleep and needed to cook dinner. I ended up not being able to sleep until about 4 am. Also, if you're sensitive to caffeine I'd drink half and wait to see how it affects you before drinking the other half. My friend tried one when visiting because I was raving about it and it made him really shaky and anxious before he even finished it.I'm a complete convert and now I don't think I could go a day without having one in the morning.Highly recommend trying! Not only does it work, it's not full of nasty chemicals. Who could ask for anything more?**Update 12/6/16**I still drink one of these a day, sometimes two depending on what I'm doing and how much energy I need. I basically only drink the Cola and the Raspberry Acai flavors at this point.I tried the Watermelon recently and I don't like it at all. It has that chemical watermelon taste to it that watermelon gum has. Gah! I don't recommend that one. It's the ONLY flavor I've tried that I flat out dislike. It's way too sweet. I still have the case in my pantry. If I'm out of my regular flavors I will down one quickly before it loses any of its coldness. It's honestly the only way a I can get it down, bleh!Avoid!Despite the nastiness of the Watermelon, Celsius is still part of my daily routine. It's still the only drink to have the effects I'm looking for in an energy drink.I've even gotten a friend hooked and she now orders them and drinks them daily as well.My mom has MS and has a lot of lethargy because of it. She was drinking a few of the leading brands of energy drinks, and all the chemicals in them worried me, especially with how much of them she was drinking. I recommended that she try out Celsius, and now she drinks one a day and no longer needs to drink the other brands, and she is able to function much better all around. She swears by them and tells me she isn't getting headaches anymore, doesn't get jittery and her stamina for physical activity has improved greatly."
amazon,Celsius,review,R1QHJW8T8UWRRG,2026-01-19,helpful_votes,,Great flavor
amazon,GURU,review,R2IKVORG8UBTN7,2006-11-17,helpful_votes,64.0,"I personally am a connoisseur of energy drinks. I rely on caffeine for most of my projects at school and for late night coding sessions as well as marathon gaming. Although energy drinks can be considered a crutch, it's a lifestyle decision that many, many people embrace rather than attempt to avoid... I am one of these people.That said, Guru Energy is fairly cheap ($1.25USD/can) if you buy it here off Amazon, it comes in the Redbull standard 8.3 fl/oz cans, and is shipped in a suprisingly lightweight and compact case (compare this to Monster, Rockstar, or any other brand with standard 16 fl/oz cans).The taste, like Guru's website describes, is very indescribable. It is very sharp and light with a medium amount of carbonation. The caffeine buzz is more ""natural""... it has more of an upslope and downslope rather than a sudden cracked out (which is arguably awesome too in its own respect) then big crash sort of feeling. This is because the caffeine in Guru is derived from 125mg of Guaranine (Guarana Herb) rather than synthetically separated then added. There is no mention about how much of the 125mg of Guaranine is real caffeine, but since Red Bull checks in at 80mg / 8.3oz it seems that Guru is in pretty good shape.I think a particular good feature of Guru is that it uses cane sugar rather than high fructose corn syrup. I appriciate a good quality soda, particularly microbrew colas, and they often exclusively contain cane sugar.So in summary, this energy drink is farily cheap, good buzz, all natural, and great for coding, gaming, or studying."
amazon,GURU,review,R19L3JVKQR68JJ,2022-10-04,helpful_votes,2.0,"I have searched high and low for an energy drink like this one. This is literally the only simple ingredient energy drink still on the market. The caffeine comes from natural sources. There are no artificial flavors, colors, or sweeteners. There is no high fructose corn syrup. It is clean and simple. It tastes good and gives a good energy boost without the crash that the big name drinks do.***Edit: Summer 2024, I have had these drinks on my subscribe and save monthly delivery for years. These were by far my favorite energy drink. A few months ago I received my regular shipment and it tasted terrible. The ingredient list no longer says ""cane sugar"" it now says ""cane syrup"". I contacted the company's customer service and after jumping through a bunch of hoops they sent me a replacement case of drinks. Sadly, the replacement drinks were the same new ""cane syrup"" formula that tastes terrible. The art on the can is different than what Amazon shows in the listing. And the ingredients list shown in the Amazon listing still states cane sugar. This is false advertising. ***Please change the drink back to the original formula*** Or at least stop false advertising."
amazon,GURU,review,R1IEODO3LUCK9Y,2024-03-19,helpful_votes,,Product is fine unless it shows up damaged. I had 5 drinks which were damaged and I could not get a refund on my purchase.Edit: Even though Amazon.com didn't give me a refund. I messaged Guru and they offered me a full refund. Do 5 stars for great customer service
amazon,GURU,review,R36MMJY7O6XB1U,2024-08-31,helpful_votes,47.0,"I used to bulk order these on a regular basis. Imagine my surprise when I received my latest order, cracked open the can, took a sip expecting the crisp refreshing taste of the Original Guru, and tasted the Lite version! I thought surely there had been a mix up or maybe it was a bad batch! So I went to Whole Foods to conduct an experiment and grabbed two Original cans from the shelf. One tasted like Original and one tasted Lite despite both being Original cans. Come to find out after some online sleuthing - THERE'S BEEN A RECIPE CHANGE! They've replaced organic cane SUGAR with SYRUP and its ruined the taste completely. I wish they had advertised this prior to my latest purchase (which will be my last) that was unable to be returned. It was a good run Guru, but you've lost a loyal customer. This one hurts just as bad as when RedBull discontinued their cranberry flavor :("
amazon,GURU,review,R290DZMLBEPIB9,2024-09-19,helpful_votes,,This drink is  part of my daily diet it feels good without jitters that you get from other energy drink. I highly recommend.
amazon,GURU,review,R17VUXUI4IRNN7,2024-11-25,helpful_votes,,"I have bought Guru drinks for years and the can appearance isn’t the only thing which has changed. The flavour is different now; less sour and more sweet, but not in a good way. There is a distinct aftertaste that no one in my family cares for. I won’t be buying more but that doesn’t mean you don’t have to avoid them. I am writing this in the hopes that other people won’t waste 50+ dollars on a case of something they might not like. Try an individual can from the store first!"
amazon,GURU,review,R1MF6HSEYHHRCE,2025-04-05,helpful_votes,,"Je commande habituellement directement sur le site de Guru, mais le prix était imbattable avec l'offre de -35%. Reçu mes caisses en bonne et due forme, je vais récemment recommander lorsqu'il y aura de nouveaux rabais."
amazon,GURU,review,R2AESE056H7UUN,2025-05-13,helpful_votes,17.0,"I've been drinking energy drinks since I was a little kid, and the first one was obviously Red Bull back in the 1990s.  I can tell you though, I've always had issues with skin breakouts when drinking energy drinks, and gitteryness that gets my heart going to a wild speed that I don't think is very healthy.I love Guru, and the reason why is because they have half the amount of sugar, and it's not refined sugar, it's cane sugar!  The Original Flavor is my favorite, and I get this almost every month (if not sometimes twice a month in large quantities).  I wish I could work for Guru, because they're a fantastic company and I'd probably have an unlimited amount of Guru Energy Drinks to consume.One of the big factors I've noticed is, I don't have an irregular heart beat with Guru at all.  I can drink 3 of them, and I feel alert, yet fine and relaxed at the same time.  Yes, it gives you energy, but a GOOD energy and a positive feeling in your mindset.  I think cane sugar is far better than consuming refined sugar which is usually in cheap soda in the USA.Guru is best chilled, so leave it in your fridge in ice, or you could sandwich is between to ice cold buckets of ice cream, or whatever contents you have in the freezer.  I usually go the freezer route so I can get it chilled quick (5 to 10 minutes time, and it's good to go).I have also noticed that I don't get cavities with Guru Energy Drinks, not sure why but maybe it's just good luck?  My skin looks fine after consuming so many of these which to me is highly important, and why I strongly believe that the cheaper refined sugars 50+ grams found in your average Soda Pop will disrupt, and aggravate your skin sebum production in turn you get pimples (which Guru won't do), and this is a FACT I've witnessed over years of drinking Guru.Trust me, Guru is the best Energy Drink, and well worth the investment and money!  They ship in a very hefty thick box which can be used for storage if you choose to go that route as well.  Well-packaged, lower sugar yet taste amazing, and also won't disrupt your heart beat for the worse, or make you break out which is the case with refined sugars.Thank you for taking your time to review MY review on Amazon. :)  Love my Guru!**UPDATE**  Still the BEST drink EVER!!!!!!"
amazon,GURU,review,R3OW52FNKF5EO7,2026-02-08,helpful_votes,,I adore this product. I took off a star because some cans came dented.
amazon,Monster,review,R1ANV1DCUBWSZ5,2019-12-22,helpful_votes,,Merci Amazon
amazon,Monster,review,RQQSCDEQIXICH,2022-03-26,helpful_votes,,"Product arrived early and undamaged, very happy"
amazon,Monster,review,R3LZX4EF9MFSO3,2025-08-23,helpful_votes,8.0,"Best version of monster, and covered by SNAP!I've been drinking monsters since I was 12 The amount of sugar and I'm trying to cut back on the amount of sugar I'm consuming daily. I buy one pack of these a month, drink half, put it back in the fridge, and drink the other half the next day and it's not flat. Can't say I can do that with any of the othersIt's also larger than typical monster cans with less sugar, because it's made with real sugar rather than artificial sweeteners. It has a much less pungent ""battery acid"" flavor than typical monsters, I had one of my friends try them and she agreed.If you can snag them on discount go for it. Price is hefty But if you can split it over 2 days like I do it's less expensive than a regular monsterThe one major downside was the shipping. Whoever put it in the box tore apart the plastic packaging and just let half of them bang around inside the box loose. It's a miracle there were no leaks. There was the correct quantity though so, not sure why they did that 🤷"
amazon,Monster,review,R4SIOTSAW7SZP,2026-01-11,helpful_votes,,The cans were a bit scared up but other than that. One of my favorite monsters
amazon,Monster,review,R25HJNE9YJAS4X,2026-01-19,helpful_votes,3.0,"As the side label suggests, it is a slightly not as sweet variant of the regular 16 oz monster. Still very sweet imo but not quite as much. For me that is a good thing. 2.6 more ounces to drink should help it last just a little longer through the day if you bring this as your morning or afternoon fuel during driving.The energy blend is slightly different than regular monsters, it has Guarna in it, which I can't find on the ingredient lists in monsters I get from gas stations and walmarts. An added bonusAnd one of the biggest kickers, the resealable top. It is great for preventing spilling when driving or just walking around with an ""open"" can. It limits fluid flow so rate of drinking will be reduced but not by a significant margin. Beware though when first time opening, and subsequent opening after twisting the top closed, the contents inside will still want to burst out. Putting your mouth over the top of the can whist opening the can like how scientists put snakes mouths over the edge of a jar to get their venom, is a method I found to mitigate surprise splashing.Overall a great thing for energy drink enjoyers on the go"
amazon,Monster,review,R36AG331SA65TI,2026-02-28,helpful_votes,,The resealable can is not only unique but also helpful to lock in the carbonation and keep debris out. The top doesn’t leak so if it gets tipped over it won’t spill. It’s easy to open and close with 1 finger. It’s not as sweet as a regular monster and has a unique flavor.
amazon,Monster,review,R183Q9PZYIFHIC,2026-03-08,helpful_votes,1.0,I've had this import type before. Several years ago but it doesn't taste any different than the other cans. It does say made in the Netherlands on the back of the can. I'm not sure if the liquid is made there or the cans. Great tasting and perfect carbonation. It's loaded with sugar and caffeine. I like the can size. Cans are durable and have a different type of opening. Re-closable.
amazon,Monster,review,R113M5G0FY02EQ,2026-03-14,helpful_votes,,Great to have a bunch on hand. Saved money
amazon,Monster,review,RQCU3XCUIAXX9,2026-04-13,helpful_votes,,Its very good and very testy I like the taste
amazon,Monster,review,R3RNFDZ0M3FAPS,2026-04-27,helpful_votes,,my favorite monster!! it’s so hard to find them now a days so i went ahead and bought the whole case. so good!!
amazon,Celsius,review,R3A683IZJV4A3D,2021-07-22,helpful_votes,,This drink is so delicious and has vitamins in it. The package arrived quicker than I expected for Australian delivery. I made my friends try this drink and now they all love it too!!! Highly recommend the kiwi guava flavour :)
amazon,Celsius,review,R29K43EJVHNYAJ,2021-09-09,helpful_votes,,My order arrived earlier than expected and was packed really securely. I wasn’t sure what to expect but saw some good reviews. I Ordered Kiwi Guava to try first and it is so tasty and definitely gets me going in the AM. I am interested in trying some of the other flavors since I have been enjoying the product. I do recommend drinking it a bit earlier in the day if you find caffeinated drinks to effect your sleeping. Other than that I’m happy with it so far. Enjoy xx
amazon,Celsius,review,R1PP7ZR3DIS3N8,2025-06-07,helpful_votes,7.0,I love this guava kiwi flavor. It is a little sweet and a little tart but wonderfully delicious. If you read the ingredients list this is actually pretty natural. The ingredients are high quality and very good. I especially like that they do not use artificial colors which are unnecessary. This taste delicious and gives me a nice boost of energy for several hours. I don't get a caffeine crash after drinking this either. I also really like that this is zero sugar. I will definitely get this flavor again.
amazon,Celsius,review,R9I1J2AZ8XTQ6,2025-10-21,helpful_votes,1.0,"Celsius tastes much better than Red Bull and I would buy more cases if it wasn't so pricey.  Instead, I buy Celsius powder mixes; a box of 30 costs less than $10 at Costco.  While fizz-less the powder version still provides the same amount of caffeine as the canned version."
amazon,Celsius,review,R1GQ28AWROZ3HG,2026-03-16,helpful_votes,2.0,"A couple of weeks ago I bought one of this at a 7-11 store and was pleased with the cost, the flavor and the small energy charge it gave me. As I researched later the item, I found that is has the same punch as 2 cups of coffee, so I don't drink it at night, but i have used it to substitute my coffee habit in the morning. Sometimes I just have half of one with my breakfast, and the other half at lunch. Buying them at Amazon as a 12 pack helps tremendously with the cost."
amazon,Celsius,review,R1ER2RIA3LNRN3,2026-04-20,helpful_votes,1.0,"Celsius leaves me feeling energized and guilt free. This flavor is good. Not as sweet as the berry flavor. I can drink it on an empty stomach, and it doesn't bother me. I do think 200 mg is too much caffeine. I get headaches drinking 200 mg of caffeine per day."
amazon,Celsius,review,RC15TSNHC6CRB,2026-04-25,helpful_votes,,Delicious flavor!! I will buy again!!
amazon,Celsius,review,R3GIC2IA9XHQW3,2026-04-26,helpful_votes,,"My husband loves these! We buy them by the case on the regular, he loves his flavor and they are so tasty! They give him the energy that he needs to get him through the workday or the weekend w the kids lolol"
amazon,Celsius,review,R2Y4V9KO9Y0Q9Y,2026-04-30,helpful_votes,,Love the taste and does give you energy
amazon,Celsius,review,RTKJGR6QHWBS8,2026-05-07,helpful_votes,,"My husband loves Celsius. The fact that it is sugar free is a bonus. He prefers the sparkling vs non carbonated, and Amazon offers many varieties of flavor.  I don't know if it gives him more energy throughout the day, but he keeps this flavor on autoship!"
amazon,,review,RKI42O0LSVYCX,2019-02-10,helpful_votes,230.0,"It tastes good, it’s refreshing and it’s how I’ve started my day of work for years. I’ve been a long time fan of Hiball, since 2010.I had hoped that with more popularity that the prices would stabilize. They are certainly very proud of their beverage.The elimination of 12 packs have only compounded this issue. Local prices are now $3.49-3.99 a can.  I recall a time when I was ordering 12 packs on amazon at a price of $1.50 a can.Just skimmed through my order history from Amazon alone,  I’ve purchased over 500 cans online over the last several years. That’s not including the countless cans from local retailers, starting with my first Hiball beverage back in the bottle days at Whole Foods over 8 years ago.So today has marked an end of an era for me. I cancelled all S&S orders of Hiball and will only purchase again when the price is reasonable."
amazon,,review,R13V7TN5QRHO3W,2019-03-25,helpful_votes,3.0,"Hiball itself is GREAT. However, this order arrived like the box of cans had been thrown every time it was moved. The cans were dented and two cans had been busted open. This product is expensive enough without getting cheated out of several cans!The picture wouldn't load.  I have this delivered all the time and only on this occasion and one other time has the product been damaged. Normally, the Hiball box has cardboard ""end-caps"" on each end and then it stuck in another sturdy box. This was not the case this time - it was shipped loosely in a larger ""flimsier"" box with insufficient padding to protect when being tossed to and fro."
amazon,,review,R3ME3ZP6OFMIFY,2021-04-16,helpful_votes,9.0,"Wow,, these are amazing!  They taste like mineral water with just a HINT of fruit flavor (think, juice of a small lime wedge).  The energy is legit.  Perfect for the afternoon ""wall"" I hit sometimes.  They are a quick and easy ""grab and go"", especially if you have no time to brew a coffee.The price is a little high, but that's always the case with high quality, natural products. The cans are large, so you get a lot in each one.Also, I was pleasantly surprised to see how well these were packed and that there was no damage to the cans, as some have experienced."
amazon,,review,R1MAS8U2XH44V6,2021-08-05,helpful_votes,1.0,"Originally I had been shipped the wrong flavor, I contacted the seller and they immediately corrected the matter by sending me the right order. I was very impressed as to how quickly they took care of the issue. I like the flavors, they might seem a bit bland and not too sweet for some but for me they are just about right."
amazon,,review,R221L4SR6YT1GU,2022-07-26,helpful_votes,5.0,"I've been an avid coffee drinker, unfortunately cannot drink coffee any longer due to stomach issues. Long time ago was hooked on Rockstar and other energy drinks, which are terribly bad for you and they give you a huge crash once the energy boost wears off.I was introduced to highball from co-worker. Gave it a shot when having to work crazy early mornings or long nights.Absolutely amazing product!Benefits: 1)Minimal ingredients, those of which aren't harmful, in fact some, if not all, are quite beneficial. 2) gives the energy boost you need, but also sustains it like a slow burn, and there is no crash. 3) no stomach irritation, no jitters, no sugars so also no insulin high/low. 4) light bubbly seltzer with a light flavor which makes it for smooth drinking.The variety pack is great. Even the grapefruit (a flavor which I generally don't like)  is even pretty good!"
amazon,,review,R3E6VC43N4JYIE,2026-04-07,helpful_votes,2.0,"Love Hiball Clean Energy. No sugar, zero calories, but a legit energy bump that lasts my entire work shift. The variety pack is perfect, different flavors and the carbonation is just right. It's my everyday go to now and I feel alert without the crash. Tiny nitpick would be nice if every flavor hit the same caffeine level, but it's a minor thing."
amazon,,review,R2O27J9PCA4I25,2026-04-08,helpful_votes,,Please keep the prices low! Any higher and a lot of us will be forced to switch back to the alternative cheaper options! Thank you for the great drink at a great price!
amazon,,review,R3D9TXMWVVYX00,2026-05-03,helpful_votes,,"Overall it's pretty good. I love the variety of flavors and that there's no sugar or calories, plus it's portable and easy to grab on the go. The taste could be better though, it's not my favorite aftertaste. Still, I'd buy again for the convenience and how easy it is to take with me."
amazon,Alani Nu,review,R22VJ6SJZTZPWD,2025-06-05,helpful_votes,,"Great flavor. It’s a little sweet, but taste is good!"
amazon,Alani Nu,review,R1JY4UAU6CURK5,2025-09-27,helpful_votes,1.0,"This Alani Hawaiian Shaved Ice flavor has quickly become my absolute favorite! The product arrived in perfect condition with no damage to the packaging, which I really appreciate when ordering drinks online.What impressed me most was the value - I was able to get this for a better price than what I’ve seen in local stores, making it an excellent deal. Alani drinks always get my morning started off right. The flavor itself is refreshing and not overly sweet, with a smooth taste that makes it enjoyable to drink regularly. If you’re looking for a delicious and refreshing flavor option, I highly recommend giving this Hawaiian Shaved Ice a try. I’m already planning my next order."
amazon,Alani Nu,review,R1X4SFVB3CE0TB,2026-02-10,helpful_votes,3.0,Fantastic flavor! My only wish is that they were bigger… But then that would be too much caffeine LOL!I highly suggest getting one of the containers that will hold the small metal cans as you drink them.
amazon,Alani Nu,review,R1CQHXSRF120FE,2026-02-16,helpful_votes,1.0,Our favorite flavor so far! Not too sweet & does the trick when you need that mid day pick me up!
amazon,Alani Nu,review,R20P788VFGAS1L,2026-03-01,helpful_votes,1.0,No issues and love this flavor
amazon,Alani Nu,review,R1LVHN6GVBZ05V,2026-04-26,helpful_votes,,Literally my favorite flavor of Alani. Great value when purchased in bulk. Cans came in great condition.
amazon,Alani Nu,review,R1G6OIXDE726J6,2026-04-28,helpful_votes,,"such a good deal, they taste exactly how they should! will be subscribing :)"
amazon,Alani Nu,review,R16GPMIBX9M72Q,2026-05-12,helpful_votes,,Yummy greatest flavor
amazon,Xwerks,review,R24GTG2Z7FJ63D,2020-01-02,helpful_votes,,One of the best preworkouts I’ve ever taken. Gives you a nice boost without feeling too jittery. Never had a crash after taking it.
amazon,Xwerks,review,R27RUTGO1DAC3Z,2020-02-18,helpful_votes,,Ignite is hands down my favorite preworkout. It gives a nice energy boost without the nasty crash after my workout. Well worth the money and watermelon and blue razz are simply incredible.
amazon,Xwerks,review,R3F780H6U15BKY,2020-02-18,helpful_votes,2.0,"I love the watermelon flavor. I have had the orange and it isn't bad. But so far the watermelon has been one I don't mind drinking often. This is the third time I have ordered this pre-workout. I love it. I take other supplements and this pre-workout doesn't disrupt them. Their protein is excellent also, tastes great."
amazon,Xwerks,review,R3L456XZAJIEYI,2020-04-08,helpful_votes,,"This pre-workout is amazing, and watermelon is so fresh. New fave. All amp no crash."
amazon,Xwerks,review,RK18IH66M58Z3,2020-08-06,helpful_votes,4.0,"This stuff is great I just want the gasoline undertone to not be there. But it’s very light. The flavor is really good. I noticed the tingle sensation through my blood and loved it. I could grab my hair by the roots and pull Hard  and it felt so good for some reason. I’m usually tender headed. I feel like for $50, they can give you more of it also. Very pricy!"
amazon,Xwerks,review,RU5CHY3QDOEGD,2022-06-29,helpful_votes,,I've been lifting since 2004 and have never had a pre workout that disappointed me to badly. This pre workout gave me none of the pump or prickley excitement I have come to expect and look forward to in a pre workout. No energy boost. Just artificial watermelon flavor with a chalky texture that was not very pleasant in my opinion. The amount left in the jar was about 4 gym visits worth of being gassy for no reason. I have since tried a new brand that came in today so ill be throwing the rest of the jar away.
amazon,Xwerks,review,R36MEA428O280O,2022-09-25,helpful_votes,,Effective and doesn’t give your skin the burning feeling but it’s good for the price.
amazon,Xwerks,review,R3K89OVKL8JWF8,2025-03-06,helpful_votes,,Great item
amazon,Celsius,review,R1B5BXQFMMOG8P,2024-05-30,helpful_votes,,"Tastes great. Just to sweet. 50 calories per 8 oz can. 8 vitamins. Do wish it came in one litre and 64 oz size!??? Non GMO. Gluten free. Has caffeine. Has sucrolose. Not everything you drink has to be sweet. Think of V8 vegetable juice. It is not sweet and tastes especially good. I've been drinking it for decades! Use it to cook with. Homemade tomato soup. Vegetable soup. Spaghetti sauce, lasagna. Many others. I like to eat, I like cook. Like to eat healthy.You need to LOSE THE SUCROLOSE and you will gain a whole new market for those who want a healthier lifestyle and cannot have sugar. How much sucrolose is in 8 oz? How caffeine is in 8 oz?"
amazon,Celsius,review,R3MYXSI68TSCB4,2026-02-24,helpful_votes,3.0,"I’ve tried quite a few energy drinks, and Tropical Vibe is easily one of the better-tasting flavors Celsius makes. The flavor is bright and refreshing — more like a light sparkling tropical juice than a typical overly sweet energy drink. You can actually taste the pineapple and citrus notes without it feeling artificial or syrupy.What I like most is that it gives a clean energy boost without the crash or jittery feeling I get from some other brands. The carbonation is just right, and since it’s zero sugar, it doesn’t leave that sticky aftertaste.I usually drink this before workouts or in the morning when I need a pick-me-up, and it feels energizing without being too heavy on the stomach. If you’re someone who wants energy but doesn’t enjoy overly sweet or harsh flavors, this is a solid choice.Pros:• Refreshing tropical flavor• Not overly sweet or artificial tasting• Smooth energy boost• Zero sugar with no weird aftertasteCons:• Might be a little light if you prefer very bold/sweet energy drinksOverall, this has become one of my go-to flavors, and I’ll definitely keep buying it."
amazon,Celsius,review,R2FPMCWB304O6H,2026-04-04,helpful_votes,1.0,I am not a very big energy drink fan as I am fairly picky over taste. The only ones that I regularly drink are the Celsius Tropical Vibe and Monster Aussie Lemonades (which unfortunately were discontinued in the US last year). I like how it does not have the chemical after taste I tend to associate with energy drinks and does not mess with my stomach. Started ordering packs online because it is much cheaper this way. Less than $2 a can. I can read all the ingredients which is important to be and the added nutrients are a huge bonus. It has 200mg of caffeine. Higher than most other energy drinks on average. I'll probably try the other Celsius flavors eventually but am quite content with the tropical one for one.
amazon,Celsius,review,R16DOD5EV69XKZ,2026-04-20,helpful_votes,,These are delicious we love them very refreshing  with a boost of energy
amazon,Celsius,review,R9KDZPCJDOSRJ,2026-04-26,helpful_votes,,It tastes amazing! It gives you good energy without making you feel shaky! This is my go to before a shift at work!
amazon,Celsius,review,R2UIX4LP74E0T4,2026-05-02,helpful_votes,,Good deal and you dont have to carry home. one of the better tasting celsius. Make sure you dont drink more that 2 a day - there is a warning on the can! High caffeine
amazon,Celsius,review,R2PH2JRD0EM3V1,2026-05-02,helpful_votes,,Fulfilled on the energy and focus. Not sure why the black top discolors after a few sips. Recommend using a straw.
amazon,Celsius,review,R1UFKKM92REFM0,2026-05-06,helpful_votes,,A favorite flavor at great price.
amazon,C4,review,R2DCIAZID7IJ1S,2023-07-09,helpful_votes,,I have tasted 7 different flavours and this one is my favourite so far.
amazon,C4,review,RUQP0UH4QYWB8,2024-11-19,helpful_votes,,"Nicely sweet and refreshing but very artificial tasting, which is to be expected somewhat but a little bit of a fruitier taste would have been nice."
amazon,C4,review,R2TGPDQ4NLHCOL,2025-06-17,helpful_votes,,amazing for a pre workout. Gives you a boost and what you need.
amazon,C4,review,R2JL02UNX2ZTEY,2026-04-04,helpful_votes,1.0,Good tasting energy drink at a good price. This is way less expensive than buying them from the gas station every day. Especially when you drink 2 a day. They are not my absolute favorite energy drink but they are a better deal than the ones I normally drink and they are good tasting.
amazon,C4,review,R2SUOPF7FUVT9E,2026-04-15,helpful_votes,,Favorite flavor of all. I love the fact that it’s sugar free and I don’t get the jitters from drinking these compared to the occasional from the pre workout powders. The energy lasts all day and I don’t feel the need to have a second energy drink like I do with other brands.
amazon,C4,review,RZ6G3Y7UV2NKL,2026-04-17,helpful_votes,,"Love this flavor. This is my favorite energy drink brand - sugar free / low calorie, good tasting, and effective energy. I’m a repeat purchasers of many C4 products, and this is on subscription.I don’t have any jitters from this product - it’s convenient for my daily caffeine (and effective for pulling all-nighters!). Good stuff - highly recommend."
amazon,C4,review,R289VWS9W5HVDD,2026-04-24,helpful_votes,,"Ok, so I'll admit it.  I'm not the biggest C4 fan, however, this flavor is fantastic.  Very bold.  It reminds me of a Strawberry Starburst.  So much so that I looked it up and at one time it shared that branding.  To me, this is the best strawberry energy drink on the market and that's saying something with Monster having a pretty fantastic offering.  They only reason I don't give it full marks is my wife tastes a medicinal flavor that hits on the back end.  I don't have that issue, but I do have it with other C4 products.  So if you're particularly sensitive to that or you get the C4 tingles you may want to avoid."
amazon,C4,review,R18YH5A75T1ZVB,2026-04-30,helpful_votes,,Replaced my broken package. Came great and all cans intact! Tastes great as well
amazon,C4,review,R3G0D72TGDBG61,2026-05-05,helpful_votes,,"arrived on time. good price. driver put on the porch, instead of the stairs or walkway. nice touch. appreciated."
amazon,C4,review,R8SBRJ660VL0B,2026-05-06,helpful_votes,1.0,"Hey there.  So you are curious if this stuff is any good?  Set down for a second, and ask yourself., ""Do I want to taste a the full spectrum of colors?""  Ok, so maybe this flavor (strawberry blast), doesn't taste like a twizzler that fell into the hadron collider, but as you take your first sip you can feel the flavor wash over you and take you to another level.  Yeah, maybe the that is the Beta Alanine making you feel every sound, and giving you the itch of meth head but drinking this at your desk will give you the brute energy to pour through the rest of the afternoon at your soul sucking job for the next 3 hours after eating that sloppy crap your brought for lunch.By far, this is my favorite energy drink.  C4 always is on point with their flavors, but Strawberry Blast is the one that really takes me home.  Just buy it."
amazon,C4,review,RXGZQ5HY28EUE,2026-05-08,helpful_votes,,My fave flavor C4!
amazon,C4,review,RLPTU2L1P2R4J,2022-08-17,helpful_votes,,"Taste not so good, cotton candy by far much better"
amazon,C4,review,R362JIHZ0Q0ZQ6,2024-11-11,helpful_votes,,"It does actually say on the can that there's no skittles in the product. The fact that it's just generic skittles flavour too is a little bit of a red flag. It just generally tastes sweet and vaguely berry/fruity flavoured.This being said, I love C4 energy drinks and always enjoy trying a new flavour to keep me going through a long shift and found this to be a fun one to enjoy. People frequently were interested and asking me about this at work so I think it markets itself well.I think if it's on a reduced price it's probably worth a purchase and try."
amazon,C4,review,R18UAIM0FBR8C2,2025-07-11,helpful_votes,13.0,"I purchased the Cosmic Rainbow flavor C4 Performance Energy Drink. It has Zero Sugar which was very important for me when searching for the perfect energy drink. There is NO Sodium, and, 200mg of Caffeine. The taste of these is literally Skittles in a can but perfectly made to not be overwhelmingly sweet, I am amazed at how they managed to create such a perfect taste with no sugar. Does it actually give me energy? YES. Can I focus with this? Yes, drinking this helps me lock in. Without a doubt, whenever I am not able to muster up the energy myself these save me and get me going. I am not the type to chug an energy drink so my experience with it has been great, no shakes, no crazy increased heart rate, and NO CRASH. Im not sure if they have this flavor with a resealable lid but for someone like me, that likes to take my time drinking energy drinks, that would be a game changer! When I’m drinking this to workout I will drink it while I workout to keep the energy coming (not that the energy isn’t consistent, it is). I noticed that versus other energy drinks the effect of this one lasted the longest and my energy slowly wore off throughout the day, the way natural energy should/would. Whether you’re working out, running errands, at the office, or, just simply trying to make it through the day this energy drink is the answer for the days you can’t find the energy yourself or even just need an extra kick."
amazon,C4,review,R1P5QXXKSPDPD7,2025-07-12,helpful_votes,17.0,"If you're on the lookout for a delicious energy boost, C4's Cosmic Rainbow flavor is definitely worth a try! This zero sugar drink manages to hit the sweet spot without being overly sweet, making it perfect for those who want a tasty pick-me-up without all the sugar guilt. You'd never guess it’s sugar-free!The flavor is a delightful medley of fruity goodness, reminiscent of a fun summer day. Each sip is like a carnival for your taste buds, with a vibrant blend that really showcases all the fruity flavors. It's playful and refreshing, making it a joy to drink whether you’re gearing up for a workout or just need a little extra energy to power through your day.What I love about Cosmic Rainbow is that it’s not just for gym-goers; it’s great anytime you need a burst of energy. The balance of flavors keeps things exciting, and it's definitely a drink you’ll want to keep on hand for those moments when you need an extra kick.Alongside its delicious flavor, C4 Cosmic Rainbow also packs a punch with its impressive ingredient lineup. This energy drink is formulated with key components designed to boost your performance and energy levels without the crash that often comes with sugary alternatives. One of the standout ingredients is **Beta-Alanine**, known for enhancing endurance and reducing fatigue during workouts. Plus, there’s **Caffeine Anhydrous**, providing that much-needed energy boost to help power through your day or gym session.C4 also includes **Citrulline Malate**, which may help improve blood flow and enhance performance, making it a great choice for pre-workout fuel. On top of that, it's fortified with vitamins like B3, B6, and B12, contributing to overall energy metabolism and keeping you feeling vibrant.What’s even better is that all of this comes without sugar, artificial colors, or preservatives often found in energy drinks. So, you can enjoy the fun and fruity taste of Cosmic Rainbow while fueling your body with quality ingredients. It’s the perfect blend of fun flavor and functional energy—ideal for anyone looking to boost their day in a tasty way!"
amazon,C4,review,R14RTQMEOPYXBN,2025-07-12,helpful_votes,5.0,"Why did you pick this product vs others?:I’ve been using C4 Pre-Workout, and it’s become a staple in my fitness routine. Whether I’m doing weight training or cardio, it gives me a noticeable boost in energy, focus, and endurance — without feeling jittery or getting a crash afterward.The flavor I tried (Fruit Punch) tastes surprisingly good — not too sweet or artificial, and it mixes well with water. I usually take it about 20–30 minutes before my workout, and by the time I hit the gym, I feel ready to push harder.The beta-alanine tingles are real, especially if you’re new to pre-workouts, but they wear off quickly and don’t bother me. I also appreciate that it doesn’t overload you with caffeine like some other products do — it’s a clean, focused energy that helps with performance without making you feel wired.Whether you’re just starting your fitness journey or looking for a reliable pre-workout to get more out of your sessions, C4 delivers. Just be sure to follow the serving instructions and stay hydrated!"
amazon,C4,review,R3HNVCFXORQFCK,2026-04-02,helpful_votes,,One of my favorites. Great flavor and will definitely give you an energy boost.
amazon,C4,review,R1MDWYN87EYBR4,2026-04-12,helpful_votes,,"Good taste , less caffeine then the ultimates have. Price is good as long as you are comparing them to what your local stores are selling individual ones for"
amazon,C4,review,R3HKTG9YUESDBC,2026-04-30,helpful_votes,,"I love this energy drink. After freezing it for one hour, you can feel the special taste of it. And I never thought the price in Amazon was so lower, it is a good choice to buy it. After I drink it, I can feel the energy in my body."
amazon,C4,review,RGJI0CCFCB2M5,2026-05-08,helpful_votes,,"This is my favorite energy drink ever. The flavor is amazing. It tastes sweet & fruity. It is very low in calories (10 calories per can), but does not taste like artificial sweeteners. It has a pleasant sweetness. 200 mg of caffeine per can. Gives me a nice afternoon boost. Caution* may cause an all over itchy sensation the first few times you drink this. Does not make me jittery. Best served ice cold."
amazon,C4,review,R1G19D45X3XEW9,2026-05-09,helpful_votes,,Bought these cause they were the cheapest and the flavor is great. Will be buying more
amazon,Celsius,review,RATRK84ROD54F,2023-08-18,helpful_votes,,Not my favorite flavor
amazon,Celsius,review,R2IYW6FA5QZNBC,2025-08-05,helpful_votes,,Love the low sugar and low calorie aspect but the flavor could be better! Great quality and size of the package is great! No leakage in transit either and shipped with care!
amazon,Celsius,review,RAO0NA34LFVK3,2025-12-06,helpful_votes,2.0,"Celsius Arctic Vibe has quickly become one of my go-to energy drinks. The flavor is crisp, cool, and perfectly balanced—like a burst of icy berry freshness without being too sweet. It gives a clean, smooth energy boost that helps me stay focused and motivated throughout the day, with no jittery crash afterward.I love that it feels light and refreshing, and it’s great for powering through workouts or just getting a little extra momentum during a busy day. If you’re looking for an energy drink that tastes amazing and actually makes you feel good, Arctic Vibe is definitely worth trying!"
amazon,Celsius,review,R2ZDG4E8HHUK9Z,2026-02-01,helpful_votes,2.0,"This is a traditional can of energy that makes you feel like a machine, drink it regularly 3 a week spaced out, try to keep it safe, it does a very good job. There’s also the weight metabolism thing going on as well, as the caffeine, you got zero calories, when I’m on the go it fits in the cup holder, as for jitteriness, I have a rule with all caffeinated drinks is drink half, and the other half later. Recently skipped that rule and didn’t have jitteriness at all."
amazon,Celsius,review,R32FC6UOIZH6QU,2026-03-06,helpful_votes,2.0,"Celsius Arctic Vibe is one of my favorite flavors from Celsius. The frozen berry taste is refreshing and not overly sweet, which makes it easy to drink before a workout or during a busy day. It gives a nice clean energy boost without feeling heavy or sugary.I also like that it is sugar free and still tastes great. The carbonation is just right and the flavor stays consistent from can to can. It is a great option if you want an energy drink that tastes good while still supporting an active lifestyle.Overall this is a great flavor with solid energy and a refreshing taste. I would definitely buy it again."
amazon,Celsius,review,RIZZO1F1HH8YO,2026-03-12,helpful_votes,,"Great taste, perfect bit of a pick me up when needed. No jitters, or stomach issues."
amazon,Celsius,review,R110E40YTL0V8T,2026-03-27,helpful_votes,,Great product great price
amazon,Celsius,review,R3HI2TPF0QHS5I,2026-03-30,helpful_votes,,Good and tasty
amazon,Celsius,review,R20T0ZXK2XJ88H,2026-04-16,helpful_votes,,Love the drink.
amazon,,review,R1TSCJGI7NLT0W,2025-12-31,helpful_votes,3.0,"I’ve been reading the reviews and have been wanting to try these for a while.  I finally pulled the trigger and ordered the variety pack.  When ordering I expected 4 different flavors and 3 cans of each, but I was blown away with 8 different flavors and only two duplicates (sunny d and tropical kool-aid).  It’s hard to find a zero sugar energy drink that tastes good and has no aftertaste.  RYSE knocked it out of the park.  200mg of caffeine, no jitters, and no crash afterwards, really got the job done and was super effective when I needed it.  $30 for a 12 pack may seem high but if you compare to getting from convenience stores or other stores, you’re still getting a great value for your money.  Highly recommend and will be purchasing again"
amazon,,review,RYXMWLQYJMEXY,2026-03-03,helpful_votes,3.0,"This is the best variety pack I've had. I dislike none of them in particular. Decent formula and energy. Impressive flavors. I only wish the stimulants lasted longer, so these are ideal for short to medium bursts. I drink these over the span of an hour or two (at most), and start to crash after 6 to 8 hours.Their most accurate flavor is KoolAid Tropical Punch, it's REALLY CLOSE to the real thing! That one gets a 9.5/10 from me, almost perfect.Arctic Berry is a very intense flavor, that's my 2nd favorite at an 8/10.I've tried other brands such as Ghost, Monster, Reign, Yerba Mate, and BUM.Overall, Ryse is my favorite due to the good variety, and I dislike none of the flavors."
amazon,,review,R3MGBRJ2P8U1N8,2026-03-03,helpful_votes,,"I got the variety pack, and it’s a true variety pack. I think the only flavors I had 2 of was the Sunny D and Tropical Punch Kool Aid, all the rest were 1 of each, so got to try a lot of them. I don’t remember if I had a Strawberry Squeeze one or not, but most of the flavors were pretty good with decent energy but not over the top (not a bad thing). A few favorites I’d say are the Grape Kool Aid, Sour Punch Blue Raspberry (surprised me how much I liked this one), and Cherry Ring Pop. In the past I also tried the Frosted Lemonade, and that grew on me pretty quick. Tastes like lemonade with whip on top.At $30 it seems kinda pricey but comes out to $2.50 a can, which isn’t bad."
amazon,,review,R23M8J3PQ0GA3B,2026-03-10,helpful_votes,,"Really good variety of flavors, but they have that taste that's a little off. I don't know quite how to explain it other than it tastes like a knockoff version of each flavor. It's not bad, but when the can says Sunny D I would expect it to be Sunny D and not generic carbonated orange drink you pick up at a gas station.If you handed me each can while blindfolded, I don't think I could identify more than 2 of them. It would just be ""Oh that's certainly a different flavor than the last"" type of situation. Maybe I got a bad batch, but they just kind of lack compared to most energy drinks I've had. Not the worst by far, but absolutely nothing to write home about."
amazon,,review,R25MXUCTZTM6GN,2026-03-27,helpful_votes,,"Good taste, good caffeine amount! Sugar ferry taste so if you dont like that you may not like these, but I'm good with that."
amazon,,review,R1H8CH8T1BTK9K,2026-04-30,helpful_votes,,Amazing taste for zero sugar! Love the variety it comes with. Some you can’t buy at the stores.  Zero crash for me!
amazon,,review,R2EAL15QK57HWB,2026-05-08,helpful_votes,,Absolutely the best place to buy RYSE energy drinks. My area doesn't consistently sell them & these always hit the spot! Flavors are great!!
amazon,,review,R2T62FHOUS2GX8,2026-05-10,helpful_votes,,Seemed pretty good. Like the variety of flavors. I did not like the root beer cream one tho 🤢.
amazon,Monster,review,R36XQABEJLIHRT,2026-03-05,helpful_votes,1.0,"It works!  If you need energy, get a monster.  I don’t drink the whole can in a day, but it keeps me going with just a few sips. Try it, maybe it’ll work for you as well.Now, on the bad side… I didn’t give the product a bad or lower rating because the product works and it’s good. What I am not happy about is the handling of it during shipping. I get this delivered to me on a subscription service, but the last two times that I received my order at least half of the cans have been bent up. I’m sure it happened during the shipping process, so Amazon, please do better, or the next shipment will returned and a replacement needed."
amazon,Monster,review,RVRVKQVEC0864,2026-03-14,helpful_votes,,Great taste gives you energy good size and value
amazon,Monster,review,R36MVX387SRPZ8,2026-04-11,helpful_votes,,The cases have always shown up intact with every can sealed.
amazon,Monster,review,R2C4JD7GJ0613Q,2026-04-13,helpful_votes,2.0,Was tired of buying the 12 packs at the store for almost $25 and now get 3 more cans for less than $30
amazon,Monster,review,ROC1UDGTREOBD,2026-04-18,helpful_votes,,good
amazon,Monster,review,RZX9BUQYQHXG5,2026-05-06,helpful_votes,,Decent price. only issue ive had has been them being damaged when arriving.
amazon,Monster,review,R1OZT2DKOIAJ4O,2026-05-07,helpful_votes,,Fresh and carbonated.
amazon,Monster,review,RKAEW1S8CS12D,2026-05-09,helpful_votes,,"Arrived on time, but was thinking it was a 24 pack like I buy at Sam’s Club for the same price! No it was only a 15 pack??? Scam!!"
amazon,Monster,review,R14PC3CBDBHICE,2023-07-17,helpful_votes,,La pipeline punch tiene un sabor a la Mixxd y la Pacific Punch me ha encantado está riquisima 😋 ojalá que llegue a España
amazon,Monster,review,R19TDQS4RHYXD0,2023-10-02,helpful_votes,,"Perfecto embalaje, todo llegó bien un sabor asombroso, de los mejores que he probado."
amazon,Monster,review,R1V1CIPFGOME8A,2025-08-27,helpful_votes,,Excelente
amazon,Monster,review,R5T16C7ARSU5F,2025-11-29,helpful_votes,,"My favorite Monster drink.. Actually cheaper than the local dollar store has them, at the time of purchase it saved me 85 cents per can."
amazon,Monster,review,R1DVTFMTYKUJ8O,2025-12-10,helpful_votes,,Come undamaged and taste great.
amazon,Monster,review,R36IZ3ZY719HH9,2026-02-04,helpful_votes,,Best flavor monster energy drinks. My local markets are always out of this flavor and the gas stations are always super expensive.
amazon,Monster,review,R3IKPEUV1SC0J1,2026-03-14,helpful_votes,,"I drink one of these a day so it was an easy decision to get a pack of them instead of having to stop at the gas station each morning on the way to work. Its delicious, and goes down smoothly."
amazon,Monster,review,R1X52IOMOT67LE,2026-03-17,helpful_votes,,"Very good flavor, not overly powerful like some other energy drink flavors."
amazon,Monster,review,R26XVR07GIZV3C,2026-03-28,helpful_votes,,Only way I can find the cases. My go-to energy drink to get through my day.
amazon,Monster,review,R3KERBVBU95L1I,2026-04-01,helpful_votes,,I can't get enough of this flavor monster. I've had other flavors but pipeline punch is my favorite. I don't drink coffee so this is my wake me up/keep me up beverage of choice. The taste is sweet like fruit punch but with a little more kick. 5 stars. Recommend to anyone who likes monster drinks
amazon,Monster,review,R325XRGFM6DK3T,2026-04-29,helpful_votes,,"Love the drink and have been very pleased with my orders until now. Box arrived with a busted seam and cans were all over the place. One of the cans leaked over half it's contents, so had to toss that one out and rinse off the other cans because they were sticky."
amazon,Monster,review,R1AH679OQZTJA4,2025-11-06,helpful_votes,1.0,"Love it. My favorite drink at very fair prices with the convenience of overnight shipping with my Prime membership.Zero Ultra and Ultra Sunrise are by far my favorites. I could alternate between these two forever. Ultra Violet is alright but a more distant second.Ultra Paradise (green) is not my thing. Too sweet without that citrusey punch that I like about my favorite cans. Ditto for Ultra Strawberry Dreams (pink) and Ultra Peachy Keen (I don't even know what that color is, pink-orange?). Too sweet without that refreshing citrusey kick. They're just too pretty and sweet without anything to balance that out. I would drink them if I'm out of my favorite cans but they would not be my first pick."
amazon,Monster,review,R3B1DMI4OZVZ9Z,2026-02-01,helpful_votes,4.0,"The energy drink itself is my absolute favorite drink in the mornings. The orange is perfect, the carbonation isn't overbearing, and it keeps me awake just fine. It does it's job and it's not too bad for me nutrient/calorie wise.The reason it's 4 stars is because of the price, which is getting to be crazy expensive. I've seen it hit $30 for a 15 pack which is just far too much. I couldn't recommend this at that price. However, at the $25 or so price that you can seemingly occasionally get, I can highly recommend it."
amazon,Monster,review,R1UJDFV6PS7ORG,2026-03-11,helpful_votes,,Good deal and Subscribe & Save make life much easier!
amazon,Monster,review,R1TBAZFM9BV15B,2026-03-24,helpful_votes,,"Tastes great with zero sugar. Light, refreshing, and gives a smooth energy boost. Definitely a go-to for me and team!"
amazon,Monster,review,R2OXBL65YG8ETX,2026-03-27,helpful_votes,,Great price! Fast delivery!
amazon,Monster,review,RARU57C9VM5B7,2026-03-27,helpful_votes,,love these. I mix with sparkling water! yum but expensive.
amazon,Monster,review,R3B48FGDFX7MI,2026-03-29,helpful_votes,,Great flavor but availability isnt great and thebprice fluctuations are frustrating. Often arrive damaged due to poor packaging
amazon,Monster,review,R3VOCBGV5RHSB0,2026-04-21,helpful_votes,,This drink is my Favorite.  Give it a Try!
amazon,Monster,review,R3T374QLWYOJKU,2025-12-07,helpful_votes,5.0,"The Original Monster flavor is my Wife's and my favorite. I used to buy the Large Resealable cans for work every day and THAT is what put me in the hospital with Diabetes So I had to leave them alone for 18 years but NOW with the ""ZERO SUGAR"" I can Drink the Flavor I have missed all these years Plus my Wife enjoys it also except she Can NOT have Carbonated drinks SO I open half of them for her so she can drink them Flat. Buying it in the 15 pack is a Great Value saves me about $3.00 per can.  WE recommend this Product 110% to everyone who wants to enjoy the Greatest Flavor ever made, Besides MARINE CORPS GREEN is my favorite Color,  SEMPER FI !"
amazon,Monster,review,R3NKQ9IMIJ1XPT,2026-02-24,helpful_votes,1.0,I love the Sugar Free Original. I used to drink the white zero sugar and switched to this. Doesn't have a lingering aftertaste and taste so close to the actual original Monster it's great but starting to get a bit too expensive
amazon,Monster,review,R2011WL60Q1GBC,2026-04-12,helpful_votes,2.0,"Best Monster Ultra out there. Yes, better than the white Monster, I said it."
amazon,Monster,review,R2ND6D7YFU35PO,2026-04-30,helpful_votes,,"Great flavor , Better prices than Publix, great energy."
amazon,Monster,review,R1HI88RMXJVUGA,2026-05-04,helpful_votes,1.0,"I have been a Monster fan for years, but the sugar crash always made me feel like I was betraying my own body. When they finally released a zero-sugar version of the original green, I was skeptical. Zero sugar energy drinks usually taste like a science experiment gone wrong.This one does not. It tastes like the real thing. The flavor is smooth, slightly sweet, a little citrusy, and the carbonation level is just right. The 160mg of caffeine per 16oz can delivers a solid, clean lift without the jittery spiral you get from some competitors.The 15-pack is a great value and makes it easy to keep the fridge stocked. Cans arrive well-packaged and undamaged. If you want to keep track of freshness, there is a production date stamped on the bottom of each can.One thing to know going in: the sweetener blend uses sucralose, so if you are sensitive to artificial sweeteners you will notice it. For most people though, it is barely detectable and a non-issue. If you loved original Monster but wanted to ditch the sugar, this is the one you have been waiting for."
amazon,Monster,review,R1HDW3TRRLDSE9,2026-05-07,helpful_votes,,"I’ve drink a lot of zero sugar energy drinks and this is one of the few I actually keep buying because the flavor is genuinely good. It’s crisp, smooth, and sweet enough to be enjoyable without crossing into that artificial, overly syrupy taste some energy drinks have. Easy to drink cold and doesn’t leave a weird aftertaste.Caffeine content feels like a good balance too. Enough energy to wake you up and get through a workout or long shift without feeling overly caffeinated.Price is probably middle of the road these days. Not the cheapest option, but worth it for the flavor alone in my opinion."
amazon,Monster,review,R2I9FCBCWC6L15,2026-05-07,helpful_votes,,"I’ve been drinking the Monster Energy Zero Sugar Green (Original) 16 oz cans regularly for the past few weeks as my go-to afternoon pick-me-up or pre-workout boost, and it delivers the classic Monster flavor I expect without the sugar crash. Each can gives a strong, smooth energy kick from the Monster blend (taurine, caffeine, etc.) with zero sugar, only about 10 calories, and B vitamins for focus and endurance, while tasting close to the original green Monster — mildly sweet, citrusy, and easy to drink when cold. The 15-pack is convenient for stocking the fridge, and the larger 16 oz size keeps me going longer than smaller cans. The only minor downside is the typical Monster sweetness can feel strong if you’re sensitive to artificial sweeteners, but it’s not overpowering for me. Overall, this is a reliable low-calorie energy drink that tastes great and performs well—highly recommended if you like the classic green Monster but want zero sugar."
amazon,Monster,review,R19TM5MB2Q9905,2026-05-11,helpful_votes,,Can’t get through the day without a few Monsters! Great taste! Low calorie!
amazon,Monster,review,RHVIAZEKN7XDB,2024-07-09,helpful_votes,61.0,"As someone with a busy and demanding schedule, finding the right energy boost is essential for staying productive and focused throughout the day. I recently discovered the Monster Energy makes bulk packs of 15 cans! It has quickly become my go-to choice for combating fatigue and enhancing mental alertness. This detailed review will cover my experience with this product, including its taste, effectiveness, affordability, and overall impact on my daily routine.Packaging and Presentation:The Monster Energy Zero Ultra arrives in a sturdy and well-packaged bulk box containing 15 cans, each neatly stacked to prevent any damage during shipping. The sleek and modern design of the cans immediately catches the eye, with the iconic Monster logo and vibrant colors reflecting the brand's energy-driven identity. The packaging ensures convenience and portability, making it easy to store and grab a can whenever needed, whether at home, work, or on the go.Taste and Flavor Profile:One of the standout features of Monster Energy Zero Ultra is its refreshing taste and appealing flavor profile. As a sugar-free energy drink enthusiast, I appreciate the balanced blend of citrus flavors with a hint of sweetness, which is both invigorating and enjoyable to drink. Unlike other energy drinks that can be overly sweet or artificial in taste, Monster Energy Zero Ultra offers a clean and crisp flavor that doesn't leave a lingering aftertaste. It's refreshing and satisfying, providing an instant pick-me-up without the guilt of added sugars.Effectiveness and Performance:In terms of effectiveness, Monster Energy Zero Ultra delivers on its promise to boost energy levels and enhance mental focus. The combination of caffeine, taurine, and B-vitamins provides a noticeable and sustained energy lift, which is particularly beneficial during hectic days or when tackling mentally demanding tasks. I find that it helps sharpen my concentration and mental clarity, allowing me to stay productive and alert without the jitters or crash often associated with sugary energy drinks. Whether powering through deadlines at work or staying energized during workouts, Monster Energy Zero Ultra consistently delivers reliable performance and stamina support.Affordability and Value for Money:Purchasing Monster Energy Zero Ultra in a bulk pack of 15 cans offers significant cost savings compared to buying individual cans or smaller packs. The value for money is exceptional, especially considering the quality and effectiveness of the product. By opting for the bulk option, I not only save money but also ensure that I always have a supply of energy drinks on hand to meet my daily energy needs without frequent trips to the store. This affordability makes Monster Energy Zero Ultra a practical choice for budget-conscious consumers looking to maximize their energy expenditure.Convenience and Versatility:The convenience of having a supply of Monster Energy Zero Ultra readily available cannot be overstated. Whether I need a quick energy boost before a workout, a long drive, or a late-night study session, the easy accessibility of these cans ensures that I can maintain peak performance levels throughout the day. The compact size and lightweight nature of the cans make them portable and convenient for carrying in a backpack, gym bag, or car compartment, ensuring I never have to compromise on my energy levels wherever I go.Overall Impact on Daily Routine:In summary, Monster Energy Zero Ultra has significantly enhanced my daily routine by providing a reliable and effective energy solution. From its appealing taste and refreshing flavor to its ability to boost mental alertness and stamina, this sugar-free energy drink has become an indispensable part of my lifestyle. The decision to purchase in bulk has proven to be a wise investment, offering both financial savings and peace of mind knowing that I have a dependable energy source at my disposal whenever needed. As a result, I confidently award Monster Energy Zero Ultra a well-deserved 5-star rating for its exceptional taste, effectiveness, affordability, and overall contribution to optimizing my daily productivity and performance.---This comprehensive review captures the essence of Monster Energy Zero Ultra, highlighting its taste, effectiveness, affordability, and convenience in a detailed and informative manner."
amazon,Monster,review,R33ZDV0LNF93Y4,2024-08-06,helpful_votes,,EXELENTE X....
amazon,Monster,review,R3PGVCWYG9F55A,2025-01-11,helpful_votes,,Just a little smaller than the 500ml cansInside as good as it gets
amazon,Monster,review,RIZMR3845EKAN,2025-02-14,helpful_votes,,Unfortunately difficult to get in DubaiYou need to stock if you don't want to run out of one of the best zero energy drinks on the marketDelivert comes in different sizes regardless of your orders either floz or ml from 16 ounces to 500 or 553 mlBut more essentially it is getting the cans home that matters
amazon,Monster,review,RGUK47AGGPZLI,2026-03-13,helpful_votes,,It’s missing 1 one the cans and another one is leaking
amazon,Monster,review,RJWX1Y3TIR96S,2026-03-24,helpful_votes,2.0,The best flavor of monster hands down.
amazon,Monster,review,RTBCNGPTCWBWU,2026-03-24,helpful_votes,,always outstanding sevice great value highly recommend
amazon,Monster,review,RPLRG8203VZNH,2026-04-03,helpful_votes,5.0,"I picked this up because I wanted an energy drink that wouldn’t be loaded with sugar, and this one honestly surprised me. The flavor is really light and refreshing—not too sweet or overpowering like some other energy drinks.I’ve been using it mainly in the mornings or when I need a quick boost, and it definitely helps with energy and focus without making me feel jittery. One thing I really like is that there’s no heavy aftertaste, which I’ve noticed with other sugar-free drinks.Pros:Zero sugar but still tastes goodSmooth, not too strong or artificialGives a noticeable energy boostCons:Might be a little too mild if you like very strong flavorsThe price can add up if you drink them oftenOverall:I’d recommend this if you want a cleaner-tasting energy drink without all the sugar. It’s easy to drink and does what it’s supposed to."
amazon,Monster,review,R1D9XJJE782RN,2026-04-05,helpful_votes,3.0,"Consistent energy, good taste, and no weird side effects✔️ Sugar-free with no crash✔️ No headaches or jittery feeling✔️ Clean, smooth energy boost✔️ Good flavor without being overly sweet✔️ Reliable enough for long-term daily use✔️ Subscription makes it easy to keep stockedI’ve been buying Monster Zero Ultra for years and have it on subscription. It’s the one energy drink I consistently go back to. I've tried most others and they all leave me feeling weird.I actually feel a noticeable energy boost from it, but without the downsides I’ve had with other drinks. No headaches, no weird jittery feeling, and no crash later on.The flavor is also solid (this one and Ultra Violet are my go tos') , not overly sweet, and easy to drink regularly. I only buy sugar-free energy drinks, and this checks that box without sacrificing taste. I limit myself to one a day after the gym and water the rest of the day.After trying a lot of different brands, this is the one that’s stayed consistent for me, which is why I’ve kept it on subscription."
amazon,Monster,review,R332ZNFIRL68K5,2026-04-22,helpful_votes,1.0,"This is my go-to for a daily boost. The flavor is crisp and light without that heavy syrupy aftertaste you get with other energy drinks. It’s consistently refreshing, and buying the bulk pack is way more convenient than hitting the gas station every morning. Definitely a staple for staying productive. We have it on subscription and I’d highly recommend you do the same if this is a regular for you too!"
amazon,Monster,review,R3ULL2DKV719I7,2026-05-04,helpful_votes,1.0,I love this 15 pack . Delivered straight to my door .Better value than what I can get the 12 pack for at my local grocery store
amazon,Monster,review,ROP8FTEPBTQG9,2026-05-08,helpful_votes,,"This energy drink has a light, crisp flavor that is noticeably less heavy than many traditional energy drinks. It has a slightly citrus style taste with a smooth carbonation that makes it easy to drink without feeling overly sweet or syrupy.The zero sugar formula keeps it feeling cleaner on the palate, which I appreciate when I want something refreshing instead of something thick or overly intense. It goes down easily and does not leave a strong aftertaste.I find the energy boost to be steady and consistent, without feeling like an abrupt spike. It feels more balanced, which makes it easier to use during long work periods or when I need to stay alert without feeling overwhelmed.The 16 ounce can size is convenient, and the pack format is practical for keeping stocked at home or grabbing on the go. It is easy to chill and stays refreshing cold.Overall, this is a smooth, lightly flavored energy drink with zero sugar, consistent performance, and an easy drinking profile that makes it a reliable option for everyday energy needs."
amazon,Monster,review,R3RNX17FHT8J2E,2026-05-08,helpful_votes,,It tastes great and it is sugar free.
amazon,Monster,review,R1UIK894ZEYPF,2025-07-10,helpful_votes,1.0,"My boyfriend is OBSESSED with these Monster energy drinks. He likes trying all the different flavors we find but he always ends up coming back to this one like it's his SOULMATE. He drinks one (sometimes two) a day and will occasionally pause to worry that he's destroying his insides...but then he just keeps going. :) So far, he's alive and thriving, though! Every time we order these from Amazon, they arrive in great condition. the box might look like it got dropkicked across a warehouse, but the cans are perfect! No dents or leaks and never expired! We never buy big packs like this in-store so I don't know how the price compares but it's definitely cheaper than grabbing single cans at a gas station every day. Overall, 10/10 would recommend for any Monster lover (or the Monster-lover's enabler like me)."
amazon,Monster,review,R3ROCTJ4RREJ5O,2025-12-15,helpful_votes,,"Tastes ok, but not the best compared to redbull. Has a larger size though, so thats a plus"
amazon,Monster,review,R15F9NIMHUY1QK,2026-03-25,helpful_votes,,"I love these! As a T2D, these do NOT spike my sugar at all and they taste delicious! I even enjoy them warm, no funky taste and they are the perfect size."
amazon,Monster,review,R3N7DZ2XGYLDAD,2026-03-27,helpful_votes,,"No leaks, Taste great, everything you would want in a monster. Not high in calories, and keeps your energy up like a cup of coffee!"
amazon,Monster,review,R1ZJAVD8TDVQBE,2026-03-28,helpful_votes,,Great price
amazon,Monster,review,R1AKT66BCHOK55,2026-04-10,helpful_votes,,"I buy energy drinks almost every month, and I've tried almost every flavor, but I still prefer the green tea with no sugar."
amazon,Monster,review,R1FOU7L9ZATM4K,2026-04-11,helpful_votes,,"My favorite but LO-CARB IS A FLAT OUT LIE. 9 GRAMS PER CAN. WAY TOO MANY CARBS!  Someone online said that means 'LOW CARBONATION' ...MAYBE THEY ARE RIGHT, CERTAINLY NOT LOW CARBOHYDRATE, even the new Lando has only 5 grams of carbs or 6 for white and violet. Highest carbohydrates except for original sugar drink!  Keto folks beware- read the label before drinking. too bad, my absolute favorite drink but can't because of 9 gas or carbs per can!"
amazon,Monster,review,RRQ8VJOOBWMIA,2026-04-12,helpful_votes,,Good flavor. Higher carbonation texture. Will buy again when it becomes more affordable.
amazon,Red Bull,review,R2MX6Z1F3C9SIO,2025-07-25,helpful_votes,3.0,"I recently grabbed the Red Bull Energy Drink Variety Pack (Red, Yellow & Amber) and it’s become my go-to stash for long study sessions, gaming marathons, and early morning workouts.🧃 What’s Inside:• Watermelon (Red) — fruity and refreshing• Strawberry-Apricot (Amber) — subtly sweet and smooth• Tropical (Yellow) — tangy and lightEach 8.4 oz can delivers around 80 mg of caffeine paired with taurine and B‑vitamins for a crisp boost without the sugar crash⸻✅ Pros• Great flavor mix: Every flavor is easy-drinking and not overly sweet — especially the tropical and watermelon, which are especially refreshing• Consistent energy: Reliable pick-me-up whether you’re working, studying, or just need to stay alert• Convenient variety: Keeps things interesting and avoids flavor fatigue. Handy for gifting or sharing too• Better value than singles: Buying a pack saves money compared to buying individual cans at gas stations or study lounges⸻❗ Cons• Price per can still steep: Although cheaper than buying singles, it’s more expensive than house-brand energy drinks• Limited flavor selection: Some fans wish for peach, dragon fruit, or newer Editions in the mix• Small cans: The 8.4 oz size is perfect for a light burst but not ideal if you prefer a larger drink."
amazon,Red Bull,review,R1G443J6CJSVOU,2025-09-22,helpful_votes,1.0,"I love Red Bull as a company because it offers stimulating energy drinks with yummy flavors, is immensely relevant to athletes, and actively sponsors sporting events; the brand is, however, on the expensive side. In my personal opinion, Red Bull has the best energy drinks on the market with its top-notch flavors. As a high school student, I have to get up early, sit through 6 lectures a day, and then do even more work out of school. This can be really tiring, so Red Bull’s drinks stimulating effect helps keep me awake and productive. They work well while still having enjoyable flavors. I also like supporting Red Bull because they sponsor many names in the athletic field, giving them incredible opportunities. Getting to see their unhinged stunts for marketing is something else. Seeing Red Bull lift up human achievement with insane feats makes me really fond of the company. The only thing that I dislike about Red Bull is how costly the drinks and events can be. Red Bull can only do these crazy things with a large amount of income, so I’d rather spend an extra dollar to be able to watch these wild tricks than not at all! Not to mention, the energy drinks taste way better because of the quality. I will continue to support Red Bull due to its fueling and flavorful energy drinks, its presence in sports, and its sponsorship of exciting events, despite the overall cost."
amazon,Red Bull,review,R10GN7LIIE4EYX,2026-01-18,helpful_votes,,Love this stuff. Red Bull does give you wings.
amazon,Red Bull,review,R17862L3JE68BQ,2026-04-10,helpful_votes,,l love Red Bull and this the best place to buy it a reasonable price
amazon,Red Bull,review,R1ZROUQ8OBNJF7,2026-04-16,helpful_votes,,Excellent selection
amazon,Red Bull,review,RIY00SAJDMMY4,2026-04-24,helpful_votes,,Great flavors and there’s lots of redbulls in the package so nice quantities.
amazon,Red Bull,review,RVI51PR6R9EI5,2026-05-03,helpful_votes,,"These flavors are amazing. We thought we would try them at our drink station and they didn’t last long. It is a great variety for your daily energy we drink them with a splash of lemonade, one squirt of blue raspberry flavoring, one squirt of coconut flavoring, and add cold foam on top. Better thern any scooters energy drink."
amazon,Red Bull,review,R2AIHCNPFMZ4FL,2026-05-11,helpful_votes,,Gamers and Racers unite!
amazon,Monster,review,R18QYDQF0LLW36,2025-11-21,helpful_votes,,"This Monster Energy Juice Monster variety pack is awesome for anyone who loves a flavorful energy boost. With Pipeline Punch, Mango Loco, and Pacific Punch, there’s a fun mix of tropical and fruity flavors to keep things exciting.The cans pack a serious energy punch while tasting great — not too overly sweet, and each flavor is distinct. Perfect for work, workouts, or long days when you need a pick-me-up. Having a variety makes it easy to switch flavors without getting bored.Overall, a fun, tasty, and energizing variety pack that I’ll definitely be restocking!"
amazon,Monster,review,R2G8V0P66WKUXV,2025-12-25,helpful_votes,,التعليمات المتبعة - سهولة الوصول و البحث للمنتج
amazon,Monster,review,R1F9BCI7637DS6,2026-01-30,helpful_votes,1.0,Great flavors and fast shipping. The best price on the internet.
amazon,Monster,review,R1Z1UZFM2FBMOH,2026-03-12,helpful_votes,,"Monster energy, price is good, quality excellent,"
amazon,Monster,review,R2ATF3Z80YM4YI,2026-04-05,helpful_votes,,"I recently purchased this bulk pack of energy drinks and was pleased with the experience. The product arrived as described, with no issues at all. Among the three flavors, I found the Pacific Punch to be my favorite. From a value perspective, buying in bulk is definitely the most affordable option. However, as expected for an energy drink, the sugar content and calorie count are quite high."
amazon,Monster,review,R3EHJKJWUG3HL0,2026-04-07,helpful_votes,,My favorite bundle. Taste great. Not too sweet if u think it in juice.
amazon,Monster,review,R2JILTUC8RZI9C,2026-04-16,helpful_votes,,Good variety of energy juice with a lot of flavor to choose from mango is my favorite. As well as the others sugar not so strong.
amazon,Monster,review,R1RO44VTS30LFY,2026-04-17,helpful_votes,,"Pipeline Punch is my favorite by far. It's a tropical/pineapple kinda blend. No coconut thank God. I absolutely love pineapple but most pineapple punches have coconut which I find disgusting. Love this. At 33g of sugar, it's sweet, but not too sweet. Citrusy. Pineappley.All 3 flavors have 160mg caffeine I believe. The ""juice"" variety of Monster is honestly my favorite. Goes down smoother than the OG. Idk why, but doesn't have the same heart pounding effect that the OG has. I appreciate that.Pacific Punch is more like your traditional fruit punch flavor. It's just a LIL too sweet for me, but I still like it. It's 52g of sugar.Mango Loco coming in at a whopping 60g... yes SIXTY grams of sugar. The worst of the 3 flavors for that very reason. It's just too sweet for me to drink regularly. Great as a mixer though. Especially something less sugary and orange. Mango Loco + Orange Juice + Vodka or Tequilla = get diabetes and a heart attack + drunk all at once but god damn it's a good combo. Try it."
amazon,Monster,review,R2Q1K2TZ5W301G,2026-04-20,helpful_votes,,"Great flavors. They are kind of high in sugar but if thats a problem monster does make sugar free versions. They definitely keep me awake in my 12-hour work days. Definitely will buy again, great flavor pack"
amazon,Monster,review,R1GDGZ8QUI9WF3,2025-12-01,helpful_votes,,Very good deal. Had to stock up for this for the holidays. Wish it went back down despite inflation.
amazon,Monster,review,ROU2RODNLLQOZ,2026-01-14,helpful_votes,9.0,"If you want Monster Ultra without committing to one flavor, this 15-pack variety is a pretty safe buy. You get a mix of Zero Ultra (the lighter citrus one), Ultra Peachy Keen (sweet peach), and Ultra Strawberry Dreams (sweet-tart strawberry). All three are in the same general lane: bright, candy-adjacent flavor, lots of fizz, and the familiar Monster kick.The main win is that it is zero sugar and still tastes “full” compared to a lot of diet energy drinks. Each can is still a full 16 oz with a meaningful caffeine hit, so it does what people buy energy drinks to do. The variety also helps avoid flavor fatigue, especially if you rotate one can every few days instead of pounding the same flavor all week.bulk packs like this can be a better deal than singles, but the value depends heavily on the price on the day you buy.A good pick for Monster Ultra fans who want a convenient zero sugar stash and a little flavor rotation. If you do not already like the Ultra line, a single can of each flavor from a local store is the smarter first step."
amazon,Monster,review,R22U0R11783RN7,2026-04-02,helpful_votes,,A monster is a monster! I liked getting the variety pack. I guess I never thought about having energy drinks delivered to my home.
amazon,Monster,review,R2374TXG3YBDHF,2026-04-14,helpful_votes,,"No leakage or significant damage, pretty good flavors, (the strawberry one doesn't taste like strawberry, more like grapefruit, but still pretty good) the variety is nice if you don't want to have 12 of the same exact flavor. The sugar substitutes have started to make me nauseous over time, but that varies person to person."
amazon,Monster,review,R211EU60GHL3IT,2026-04-16,helpful_votes,,"This variety pack is perfect if you like switching up flavors. Each one tastes light and refreshing without that heavy sugary feel, and being sugar free is a big plus. The energy boost is solid and lasts without a bad crash.I also like the size since one can is enough to get you through a workout or a long day. The variety keeps it from getting boring.Only downside is some flavors are definitely better than others, so you might not love every single one. The white one is always a favorite! Overall, a great option if you want consistent energy and good flavor without the sugar."
amazon,Monster,review,R2YXZOWIQMKUNI,2026-04-17,helpful_votes,,"Just a really solid pick for a variety pack, all the flavors are consistently good. no sugar, always effective on a long shift, and lowkenuinely aesthetic"
amazon,Monster,review,RCMSTRMZIRAFS,2026-04-19,helpful_votes,1.0,"All the cans and boxes came in good condition, with no spills or leaks. The zero sugar version is very healthy and good. alternative to coffee. It still has all the carbon dioxide in it. The caffeine content per can is perfect for a day, and it's very refreshing and helps on a hot day. Great for someone who wants to get the least per can/ Overall, I recommend buying it. 5/5"
amazon,Monster,review,RD1FMJ2BAJ3IP,2026-04-20,helpful_votes,,GREAT FLAVORS WITHOUT THE SUGAR---THIRST QUENCHING
amazon,GURU,review,R2AZYDFEYXDCBT,2023-11-27,helpful_votes,3.0,"I am not a fan of the GURU flavors. Guayasa is my favorite of the batch but even that is one of the worst energy drink flavors I've had. Lite was close to the same likeness. Yerba Mate taste like cough syrup medicine. I guess I'll remain a fan of artificial flavors of more popular energy drinks. This is what happens if you watch too many episodes of The Amazing Race Canada. If you ever watch the show you may notice they include a lot of sponsor advertising for snacks, drinks, cars, travel agencies, etc. Well that constant mention of Guru Energy & Clif Bars they give the contestants during the race got me interested so I find myself on Amazon searching around. Amazon has them at a fair price but I find out I'm not a fan of the flavors. They are not terrible, but I will not be buying again. You got me Jon Montgomery! You got me!"
amazon,GURU,review,R1GFGBZ73R1QT3,2024-01-01,helpful_votes,3.0,I like this product!  It is a much healthier option to the energy drinks in stores.  I like the nature sugars.  I like most of the flavors. I’m thankful there is no artificial coloring to these drinks.  I feel people are hurting their body’s without even realizing it on a daily basis with unhealthy energy drinks.I also have felt that it curves my appetite and my cravings.
amazon,GURU,review,RC2LD21VRW7QL,2024-01-08,helpful_votes,2.0,"I drink energy drinks daily and tried so many different kinds over the years. They started to give me an adverse side effects such as headaches, heart burns, crashing drowsiness, palpitations, etc. Drinks that claim to be healthy like Celsius/Alani Nu have way too much vitamin B's and Biotin which could cause irritability, drowsiness, mood swings, stomach issues, etc (and I was feeling all of these). Other healthy energy drinks have a weird after taste from the artificial sweeteners or gave me a crash effect. So far, this one doesn't have any bad effects on me nor did it have a weird after taste. It taste pretty good.The yellow and red taste like carbonated tea (so good). The blue one taste minty...I'm not a fan of it, but if you like mint, you'd probably like it."
amazon,GURU,review,R31URRWKSXYB4J,2024-02-04,helpful_votes,4.0,"I was told to stop drinking anything with sucralose of aspartame, after switching to those things to loose weight. We all know the “C” risks those chemicals could cost us, but they actually her our body’s in other ways. So after 20+ years of Monster 0’s I had to find a munkfruit/Stevia sweetened energy drink. These fit the bill perfectly!! Are they as flavorful as all of ny previous Monster beverages, NO, but they are way healthier which is more important. And the combo packs at $19.99 save the budget a little as well.Overall very happy so far"
amazon,GURU,review,R2IA3U5ZJKL3GN,2024-03-03,helpful_votes,2.0,It's a good drink but this last shipment left me in disgust
amazon,GURU,review,RT86ETUBDH3Z4,2024-04-17,helpful_votes,7.0,"I really liked the Guru drinks, the energy, how they made me feel - at first. Then as I continued to drink them over a few weeks, I noticed I kept having heart palpitations. I drink other kinds of energy drinks, coffee, caffeine doesn't usually bother me. So I cut back and paid attention to my body and found I'd get the bouts of heart palpitations after having the Guru drinks. I had another energy drink I liked and when I started to feel heart palpitations, I checked the ingredients and saw that one too had Stevia/and or Monk Fruit. Once I stopped drinking them the heart palpitations went away. I still drink several brands of energy drinks and haven't had the same issues."
amazon,GURU,review,R2DS7HS3NOXADX,2024-07-02,helpful_votes,2.0,"Love the flavor, and it uses natural sweetener, not fake sweetener.  Cans are easy to cool, and don't have to worry about them breaking and leaking like a bottle. High quality product and a great value for a powerful energy drink."
amazon,GURU,review,R24Y3NKZB2971S,2024-07-10,helpful_votes,1.0,"I gave 2 stars because these drinks do in fact give you energy, but they taste bad, all of the flavors were not anything I would choose to drink again and they upset my gut causing some churning and frequent bathroom trips.  I will not buy them again."
amazon,Celsius,review,RVT0C1NRTV3WE,2025-10-06,helpful_votes,10.0,"The CELSIUS On The Go Strawberry Coconut Energy Drink Mix has completely changed my pre-workout routine and my afternoon slump defense strategy. As someone who tries to avoid sugary energy drinks, this mix is truly a game-changer. It delivers 200mg of clean, essential energy with zero sugar, and the convenience of the stick packs for my gym bag or travel is unmatched.But let's talk about the flavor—it is incredible. The Strawberry Coconut blend strikes a perfect balance. It’s a rush of sweet, authentic strawberry upfront, perfectly rounded out by the smooth, creamy hint of coconut, transporting you straight to a beach vacation. It's refreshing, easy to drink, and doesn't have that artificial aftertaste so common with energy powders. Seriously, I wish I could be a taste tester for these, because they've got me hooked!Beyond the amazing flavor, the function is exactly what I need. The MetaPlus blend, with green tea extract and B-vitamins, gives me a noticeable, jitter-free boost that powers me through even the toughest workouts. If you need a flexible, delicious, and highly effective way to get your essential energy on the go, this flavor is an absolute must-try."
amazon,Celsius,review,RB831CCZOW53R,2025-12-12,helpful_votes,,المنتج نفس الطلب وبصراحه الطعم جيد 😋
amazon,Celsius,review,R3015NQBP62GHF,2025-12-24,helpful_votes,14.0,"I was pleasantly surprised by how good the Strawberry Coconut flavor tastes. I honestly ended up liking it more than the canned Celsius drinks. One of my favorite things is that I can adjust the sweetness to my liking, which makes it much more enjoyable and customizable. this flavor is also not offered in the can literal  version and it’s one of my favorite!I also appreciate that this option is more cost-effective compared to buying individual cans and it is more portable. It feels cleaner and more hydratingOverall, this has become a better everyday option for me, and I plan to continue using it. I would definitely recommend it to anyone who enjoys Celsius but wants a lighter, more refreshing alternative."
amazon,Celsius,review,R2Y23X3KGK8MXI,2026-02-10,helpful_votes,2.0,"I honestly wasn't sure if the strawberry coconut combo would be too sweet, but this Celsius mix is actually a total lifesaver for my afternoon slump. It tastes surprisingly refreshing and tropical without that weird chemical aftertaste you usually get with sugar-free stuff, and it dissolves way better in my water bottle than other powders I've tried. I love that I can just toss a couple of packets in my bag for the gym or work because it gives a solid, steady energy boost without making me feel all jittery or crashed out a few hours later. If you're looking for something that feels a bit like a vacation while you're stuck at a desk, this flavor is definitely the one to grab."
amazon,Celsius,review,R35SRV9GFAWPYS,2026-02-14,helpful_votes,,"This Strawberry Coconut flavor is delicious and refreshing. It's perfect for an on-the-go energy pick-me-up. It strikes a nice balance of sweetness and fruitiness without tasting artificial or overly sugary. It dissolves nicely in a bottle or cup of water, and gives me a noticeable kick of energy without the crash, and I love that it’s light enough to enjoy chilled or over ice. Great flavor and exactly what I want when I need an energy boost that actually tastes good. The single serve packets are small and lightweight so they are perfect to throw in your purse and bag for on the go or to use in a restaurant. Will be getting more!"
amazon,Celsius,review,R2GHHK0OB5GXSB,2026-03-15,helpful_votes,,I like to use them to give me a boost of energy at the gym. Last box came open and one packet open (created a mess inside the box).
amazon,Celsius,review,R1MRY01UZX1AW9,2026-04-01,helpful_votes,,"I like Celsius energy drinks, but these make me now order them instead of cans because : better value, you can adjust flavor based on how much water you add, and flavors seems to be better, especially coconut strawberries and cranberry lemon is on point"
amazon,Celsius,review,R12JIY1KLIC05L,2026-04-27,helpful_votes,1.0,"Definitely prefer the packets over the carbonated cans of Celsius. I only drink energy drinks when I actually need one, which is when I’m active and busy. A fizzy drink sometimes just doesn’t sit well. Mixed with water, I get the same effect without the bloat. I keep bottled water in my cooler and a packet of Celsius in the side pocket and mix it when I need it. Super convenient. Mixes easily. Tastes just as good as the canned version and gives the same results. This also allows me to put the cap back on, so I don’t have to drink the entire thing at once. Gives a definite noticeable energy and focus bump. I have used the strawberry coconut flavor and the orange. Both are great! I highly recommend."
amazon,Celsius,review,R1RNB5NE44YH4I,2026-05-06,helpful_votes,,Amazing! This drink has been essential for losing the soft drinks! No sugar and enough caffeine to stay on top!
amazon,Alani Nu,review,R1RA3FMSDVHFK,2025-09-14,helpful_votes,9.0,"I picked up the Alani Nu Cherry Slush energy drink kind of on a whim because I usually like cherry flavored stuff, and honestly, I was pleasantly surprised. The flavor is bold but not too sweet it really does remind me of a cherry slush from a gas station or movie theater, just without that heavy syrupy aftertaste. It’s refreshing and easy to drink, which isn’t always the case with energy drinks.Caffeine wise, it definitely gives me a nice boost without making me jittery or crashing later in the day. I usually have it mid-morning, and it gets me through the afternoon pretty smoothly. The carbonation is light, not overly fizzy, which I appreciate.If I had to nitpick, it’s a little on the sweet side, so if you’re not into candy like flavors, it might not be your favorite. But for me, it hits the spot when I want something fun and energizing.Overall, I’d say it’s one of the better Alani Nu flavors I’ve tried, and it’s quickly become a go-to when I want an energy drink that tastes more like a treat than just a pick me up."
amazon,Alani Nu,review,RN969HOOPUW2F,2026-01-27,helpful_votes,1.0,"Pink slush was my favorite before, but since Celsius bought Alani the pink slush flavor changed and tastes gross to me. I do however love the taste of cherry slush though. Its my go to energy drink."
amazon,Alani Nu,review,R1ZYSKUPBS52FE,2026-02-15,helpful_votes,4.0,"I literally drink Alani Nu Cherry Slush every morning, and it’s easily my favorite energy drink.The flavor actually tastes like a cherry slush — sweet but clean, not overly artificial. The carbonation is just right too. It’s crisp and refreshing without being overly fizzy or harsh, which makes it easy to drink first thing in the morning.The 200mg of caffeine gives me steady energy and focus without jitters, and I’ve never had a crash afterward. That alone keeps me coming back.As far as value goes, the 24-pack for $39.97 breaks down to about $1.66 per can. At my local gas station they’re $2.99 each, so buying the case saves over $30 compared to grabbing them individually. That’s a big difference if you drink them daily like I do.Great taste, smooth carbonation, reliable energy, and much better pricing by the case. I’ll definitely keep ordering."
amazon,Alani Nu,review,R28N1DZS2XTP4Z,2026-03-19,helpful_votes,,"It’s my favorite energy drink! You can’t find a better price anywhere. It has good ingredients, and it tastes amazing!"
amazon,Alani Nu,review,R33NU78TA21A1Q,2026-03-28,helpful_votes,,My daughter's fav energy drink to start her morning with exercising and classes. She loves the taste and that she doesn't crash down...whatever that means lol
amazon,Alani Nu,review,R2KDXBAPVXFN4Y,2026-04-04,helpful_votes,1.0,"You'd think it would be too sweet, but it's perfect. No artificial coloring, either. Great value and a great energy boost. Decent ingredients, minus the sucralose."
amazon,Alani Nu,review,R38QG9F7TKJEF6,2026-04-10,helpful_votes,1.0,I love me an energy drink every now and then and these tasted exactly like a cherry slushy! I'm a pretty heavy coffee drinker but even so Alani's energy had me buzzing!
amazon,Alani Nu,review,RJEG5G4KKZT63,2026-04-10,helpful_votes,,I love this energy drink the taste is amazingOnly problem was when I got my package it was all ripped up and broken
amazon,C4,review,R1GD72HSUVULEK,2025-07-24,helpful_votes,1.0,"Popscicle grape C4 comes out swinging with a perfect one-to-one taste of a melted grape popscicle while boosting your energy by a considerable amount. Some say they feel uncomfortable with the jitters they get after drinking, but I've found that with enough hydration, those tremors will cease with time.For my money, it's a great value that I continue to come back to time and time again. No other energy drink gets me as excited to get a good workout in as C4, and keeps me focused throughout at least the first hour of my session."
amazon,C4,review,R3MJFI7QUV3B5I,2026-01-30,helpful_votes,,"If you like grape soda, this stuff is the bomb!"
amazon,C4,review,R12O3LLWHTPBQ6,2026-02-24,helpful_votes,,C4 is where's it's at! Love the surge of energy and the lovely taste of the grape flavor ..no crash involved just a  masterpiece to be acknowledged.
amazon,C4,review,R11L8ZVQWSKK5N,2026-03-05,helpful_votes,,Great taste
amazon,C4,review,R2V234160VEAEC,2026-03-06,helpful_votes,,Very smooth and delicious grape taste. Does not taste like most artificial grape flavors. Provides a good amount of extra energy.
amazon,C4,review,R22TWSM263WLM1,2026-04-16,helpful_votes,,"20 minutes before work out, and im ready to go when I get to  the gym.  Lots of energy.  Great taste as well.  Im trying cherry next!!!!"
amazon,C4,review,R23GZTHXUDNM0B,2026-04-17,helpful_votes,,"I grabbed one of these before an early workout expecting the usual fake grape situation. Instead, it tastes a lot like a grape popsicle that decided to get a gym membership. Sweet, crisp, and actually easy to finish. The 16 oz size feels right too, enough to do the job without feeling like a bucket of fizz.Performance is the real win. It gave me a clean boost, no sugar crash, and the energy felt steady instead of chaotic. Value is good when the pack price is reasonable. The only quirk is that the caffeine is very real, so I would not treat this like a casual afternoon soda unless sleep is optional."
amazon,C4,review,R1HN8OX6S1UL9H,2026-05-09,helpful_votes,,Came on time!  that is what i like about amazon.  They don't mess up deliveries.  Good place to get what you want.  Thanks again
amazon,Celsius,review,R2HTT9AYCKJ33M,2025-09-04,helpful_votes,8.0,"This drink is refreshing, flavorful, and gives a clean boost of energy without the crash. The Blue Crush flavor is crisp and not overly sweet, which makes it easy to enjoy even on busy days. I really like that it’s sugar free, so I can get the energy I need without the extra calories or guilt.The energy kick feels smooth and steady—no jitters like some other energy drinks. It keeps me focused and alert for workouts, workdays, or even just when I need a little pick-me-up. The carbonation is light and adds just the right amount of fizz, making it taste more refreshing than flat energy drinks.Getting a 12-pack is convenient and a good value since I always like to have some on hand. It’s a great alternative to coffee or sugary drinks, and the fact that it’s packed with performance ingredients makes it even better. This has definitely become one of my go-to energy drinks."
amazon,Celsius,review,RO48E9ALSO51U,2025-10-27,helpful_votes,6.0,"I’ve tried just about every energy drink out there, and CELSIUS ESSENTIALS Sparkling Blue Crush is easily one of the best. It’s smooth, refreshing, and delivers a clean, sustained boost without the jittery crash that comes with most other brands. This drink hits the perfect balance — flavorful, functional, and genuinely energizing.🔹 Amazing Flavor and Refreshing CarbonationThe product page on page 1 showcases the sleek 16 fl oz design and the bright blue can, and it tastes just as bold as it looks. The “Blue Crush” flavor is crisp and fruity — not too sweet, not artificial, and with just the right fizz. It’s refreshing from the first sip to the last, making it a perfect pre-workout or mid-day pick-me-up.🔹 Real Energy with Proven IngredientsAccording to the ingredient panel on page 2, this drink includes green tea extract, guarana seed, ginger root, vitamin B, vitamin C, and chromium — all backed by science for boosting metabolism and focus. It’s also sugar-free, with 0 calories and 200mg of caffeine, making it ideal for anyone who wants clean energy without unnecessary junk.🔹 Perfect for Fitness and Daily PerformanceThe CELSIUS ESSENTIALS section on page 2 emphasizes performance, and it really shows — whether before a workout, during long work hours, or just powering through the afternoon slump, it provides lasting energy and alertness. I love that there’s no crash afterward, just smooth, sustained focus and motivation.✅ Pros:Delicious, crisp Blue Crush flavorClean energy with no sugar or crashPacked with vitamins and natural caffeine sourcesSleek design, great for workouts or busy daysReliable boost for both mind and body❌ Cons:Slightly pricier than typical energy drinks, but worth it for the qualityOverall:This is hands-down one of the best-tasting and most effective energy drinks on the market. CELSIUS ESSENTIALS delivers premium performance in every can — refreshing flavor, smart ingredients, and steady energy that lasts. Whether you’re hitting the gym or tackling a long day at work, this drink keeps you sharp, energized, and feeling great. I’ll definitely keep this stocked in my fridge — 5 stars all the way!"
amazon,Celsius,review,R25I995JWX14GT,2026-03-07,helpful_votes,,The media could not be loaded.
amazon,Celsius,review,R3MV8FGBU6NHHX,2026-03-30,helpful_votes,,Obsessed with these. This is by far the best flavor and one of these keeps me going all day. By far my favorite energy drink.
amazon,Celsius,review,R2FJPZFYRDQ2MP,2026-04-12,helpful_votes,,"Truth be told, I use Celsius to bribe my caregiver to keep her coming back.  After 2 years, it has performed 100%. I mix her favorite Sparkling Blue up with several other Sparkling varieties. Convenient bottle size, with just the right carbonation.  Very effective, wink wink."
amazon,Celsius,review,RRHCJ62OC6NQL,2026-04-19,helpful_votes,,Top notch.  Great to take to the gym.  Energy throughout the workout with 16oz.
amazon,Celsius,review,R2CUXJDGYXXVQU,2026-04-20,helpful_votes,,"Great product, it works great and I haven’t found a flavor that I haven’t liked!"
amazon,Celsius,review,R1CVM0PTHSRPAZ,2026-04-24,helpful_votes,,"Great taste, quality, value, carbonation, and size"
amazon,Spylt,review,R3R1NHNX4AAA5O,2026-01-24,helpful_votes,3.0,"I received the product, which I loved the first time I ordered.  This second case was different, a little chunky like a Starbucks protein coffee gone cold.  I did not know if it was safe to drink, so I came back on amazon, and contacted the manufacturer. They told me that this sometimes happens if the product freezes, which surely happened as the weather was in the 20s.  The company was amazing, they immediately with out me asking offerred to send me another case.  The customer service person, Rebel kept communicating with me, letting me know when the product shipped, and then followed up with me afterwards to ensure the product met expectations, which it did.  I was very impressed with the response and resolution.  I will continue to buy the product, which I adore.  It is thin, like milk, not thick like a shake, has only 90 calories, 20 grams of protein, and I use the max caffeine option, and tastes amazing.  I can't wait to try some of the other flavors.  Hopefully they will make others that are max caffeine as well."
amazon,Spylt,review,R1WTNZTHCLRDN0,2026-03-20,helpful_votes,2.0,"Good taste.  Give me then energy I want.  HOWEVER, after shaking, even gently, make sure you let it sit for 5-10 minutes or you will create yourself a MESS.  It will explode out of the top.  Always get a napkin to hold over top.Now, even though I've shaken before and after opening (after every drink), I get to the bottom and it's full of chocolate ""chunks"".  They taste ok, but I'd rather they be part of the drink.  I feel like I'm not getting the proper taste.  I've bought 3 cases now.  I don't remember the first case being like this, but the last 2 have been"
amazon,Spylt,review,R5C54KR7GHP5P,2026-04-02,helpful_votes,,"As a company, Spylt stands firmly behind their product, and they should because it is the best tasting protein shake out there when you get a good batch. Unfortunately, I received two bad cases back to back from Amazon that were lumpy and sludge like at the bottom. The taste was good, but the clumpiness was hard to get past. After receiving the first bad case I reached out to the company through Amazon and was immediately refunded for the case. Because I’d had good cases previously, I ordered another, which was also lumpy. Again, I contacted the company and they were on top of the situation. They explained that the clumping can happen when the product gets too cold (my orders were right around the time of all the snow and ice storms) and they offered to send a new case, which arrived along with a handwritten note again apologizing for the bad cases. If you’re looking for a lower calorie, great tasting protein shake, with the added benefit of caffeine look no further."
amazon,Spylt,review,R22X70G7YVLXQ8,2026-04-17,helpful_votes,,"These drinks are absolutely awesome, the protein content is awesome, the flavor is excellent, and the kick of caffeine is like no other.  I highly recommend a try them all out."
amazon,Spylt,review,RC6XW75GNCB8B,2026-04-24,helpful_votes,,"I’ve tried a lot of protein drinks and energy drinks separately, but this is one of the few products that actually combines both in a way that makes sense—and tastes good.Real-life use is where this really stands out.Most mornings, I don’t have time for a full breakfast, and this has become my go-to. It gives me enough energy to replace a cup of coffee (the 140mg caffeine is definitely noticeable), while the 20g of protein actually keeps me from getting hungry an hour later. That combination alone makes it more practical than either a standard protein shake or a typical energy drink.I’ve also been using it in the afternoon when that slump hits. Instead of grabbing another coffee or a sugary snack, this feels like a cleaner option. It’s light, not overly filling, but still takes the edge off hunger while giving a steady boost.Taste-wise, it’s closer to a lighter chocolate milk than a thick protein shake. That was a pleasant surprise—no heavy chalkiness or overly artificial flavor. It’s smooth and easy to drink, especially when chilled.A few real-world observations after multiple uses:Great for on-the-go days (no mixing, no shaker bottle needed)Works well as a post-workout option when you also need energy to keep goingDoesn’t feel overly heavy, so it’s easy to drink even when you’re not super hungryA couple things to be aware of:The caffeine level is real—if you’re sensitive, this could be too strong, especially later in the dayIt’s not as thick as traditional shakes, which some people may or may not preferThere is a slight sweetener aftertaste, but nothing unusual for a zero-sugar drinkBottom line:This is one of the more practical “hybrid” drinks I’ve used. It replaces both a protein shake and a coffee in one can, which makes it incredibly convenient for busy days. If you’re looking for something that delivers both energy and nutrition without extra steps, this is absolutely worth trying."
amazon,Spylt,review,R31IFLVL6GBR6W,2026-05-06,helpful_votes,,Texture is so so.It’s good like real good. Drink it chilled taste is mmmmmm.
amazon,Spylt,review,RW1LEB0WLXK7M,2026-05-09,helpful_votes,,"Love the protein, caffeine combo, low sugar and it tastes good! Couldn’t ask for a better combination"
amazon,Spylt,review,R3R90P050GLHDB,2026-05-09,helpful_votes,,"We love this product and this review isn't about it, it's about ordering it on amazon. We purchased and returned the first order, it was a bad batch or something. Had a replacement sent, same thing. Spylt sent us replacements that were great and we will continue to get it from other sources than amazon. The product itself is 5 stars, no chalky taste for a protein drink and they taste amazing. Something is wrong with the storage or shipment on amazon (in Texas at least) and we won't be doing it again through them."
amazon,Liquid I.V.,review,RWPTI7U1JEPSR,2026-01-21,helpful_votes,10.0,Great product. I especially like the White Peach flavor but all of them are good. At first it feels like salty water for a second but then you feel the taste and really good hydration help.
amazon,Liquid I.V.,review,R360E1LTRPOL4Z,2026-02-09,helpful_votes,13.0,"These were on my son’s list when he wrote home during Navy boot camp.  He was worn out at the end of each day and water itself wasn’t helping.  Adding one of these packets to his canteen gave him energy, made him feel hydrated and the flavors were good too.  Sugar free was a must and was still effective. Great item and great price."
amazon,Liquid I.V.,review,RG0ZJVRZKLEAE,2026-03-03,helpful_votes,3.0,"I have one every day to make sure I stay hydrated. These are expensive, but I have yet to find a better alternative. I appreciate the variety of flavors."
amazon,Liquid I.V.,review,R2Q2RH96VC69MQ,2026-03-24,helpful_votes,5.0,"I’ve been using this regularly and it mixes well with no weird aftertaste. The flavors are actually enjoyable and not overly artificial, which is a big plus.I’ve noticed it helps with hydration, especially after workouts or long days. My only critique is that some flavors are better than others, so it may take a bit to find your favorite."
amazon,Liquid I.V.,review,R1644GJDY1BHAM,2026-03-28,helpful_votes,3.0,Good taste and seems to be a good product.  Stop using because of the amount of sodium in each packet.
amazon,Liquid I.V.,review,R3M1W4E758W6AX,2026-03-31,helpful_votes,1.0,These are super yummy for zero sugar and always leave me feeling super hydrated! It also does not take super long to mix into my water which I appreciate!
amazon,Liquid I.V.,review,REUVNWQI9BQYL,2026-04-30,helpful_votes,,"Tasty, good."
amazon,Liquid I.V.,review,RJUG0W0MPK3DH,2026-05-06,helpful_votes,,I love all the flavors!!
amazon,Celsius,review,R3CYBF2HS2R52V,2025-12-08,helpful_votes,13.0,"What can I say about Celsius Essentials Dragonberry, other than it's quite possibly the most delicious energy drink you will ever have in your entire life? When it comes to Celsius, this is hands down the best flavor out of *all* of them, the slender can flavors included. All others are inferior, and once you taste the sweet, refreshing flavor of strawberries mixed with the light, airy taste of pitaya (dragonfruit for the layman), you will never want another. Grape? Think again. That nasty orange marshmallow one? Ugh, no thank you. Cherry Lime? Not this time. Blue Razz? Get out of here with that azz. Watermelon? Well... I mean okay maybe you can drink this one, because *I* will drink this one... but only if there's no Dragonberry available! But seriously, this is great. It's such a great flavor that everyone loves it, and the gas station across the street from my home attempts to keep them in stock for me, as I will purchase 3-4 cans at a time several times a week. But they sell out so fast that I can only get them from there for the first few days after they restock all their Celsius flavors, because everyone else buys the Dragonberry ones, too, so very shortly the gas station has a cooler with one empty slot for a line of cans of Dragonberry Celsius, and then a bunch of slots full of every other color. Grape and Watermelon sell out next, and nobody likes that gross orange one that tastes like perfume, so they really should just discontinue it and come up with something actually good to take its place. But until then, just do yourself a favor and drink the Dragonberry.This thing has a good amount of carbonation, enough to tickle your nose and maybe make you have one or two of those little tiny burps but you're not going to go around belching like a dragon after drinking it like SOME energy drinks can do to you. With 300mg of caffeine, they recommend you limit yourself to two of these a day, but I often have two of these Celsius plus 3-4 cups of coffee in the morning and haven't had any adverse effects, though this is coming from someone with very high caffeine tolerance. As I also suffer from ADHD, I don't really get an energy burst from these drinks, but they *do* help me focus and can sometimes take the edge off of some of my ADHD symptoms  in a much more efficient manner than coffee. I've also never had a stomach ache or bloating after drinking Celsius, even if I dare to have three in one day, which I can't say for some other energy drinks that claim to do stuff like give you wings.Liars.But you know what? The makers of Celsius don't lie. Their product is good, contains ingredients you don't have to be afraid of, and has studies backing up their claims regarding the effects of Celsius on your metabolism while exercising. If you want an energy drink you can trust and that tastes great instead of like battery acid, Dragonberry Celsius is for you.It's definitely for me."
amazon,Celsius,review,R1KTZTHNM3FQ6Q,2026-01-31,helpful_votes,5.0,"I really enjoy this Sparkling Dragonberry energy drink. The flavor is refreshing and not too sweet — you can tell they did a good job balancing the berry taste with just the right amount of fizz. I also like that it’s sugar-free; it gives me the lift I need without the crash or extra calories that sugary drinks usually leave behind.The energy boost feels smooth and steady instead of jittery or intense, which is exactly what I want when I’m tackling a long day or need a little extra focus. It’s a great pick-me-up on mornings when coffee isn’t enough or in the afternoon when I need to stay sharp.Overall, this drink exceeded my expectations. It tastes great, gives a solid energy boost without the crash, and doesn’t sit heavy. If you want a refreshing sugar-free energy drink that actually delivers, this one is definitely worth trying."
amazon,Celsius,review,R2Z7P5164V3M9Z,2026-02-21,helpful_votes,1.0,"Love this energy drink! My parents let me try one on vacation when Walmart and gas stations didn't have my favorite energy drink. I was hesitant but now I'm on the bandwagon. My father is a healthy eater and work out guru, lost well over 200 lbs so I trust his recommendations on what he ingests. Love the zero sugar. The strawberry dragonberry is the only I've tried so far and it's super tasty and refreshing without all of the jitters. Great value as well, my local gas station sells them 2 for $6. Definitely saving money buying the 12 pack through Amazon. My absolute favorite energy drink now."
amazon,Celsius,review,RZPQMQZ3M20BU,2026-03-21,helpful_votes,2.0,"Keep an eye on the pricing near your delivery date if you're using a subscription. The price will jump, you're charged the more expensive price, then the price drops after delivery. This has happened enough times to me that the big 5% discount for a subscription is pointless.Great product, though. My favorite flavor. Highly recommend. Lack of a 5star is due solely to Amazon's price roller coaster"
amazon,Celsius,review,R2MKXPU6GE68Z7,2026-03-21,helpful_votes,1.0,Great price and gives you energy. Probably the strongest drink out for energy drinks on the market right now. Everything else is mid.
amazon,Celsius,review,R3E9A6NOIIQK6M,2026-04-20,helpful_votes,,"Best Celsius flavor, in my opinion. Also gives you a boost as advertised."
amazon,Celsius,review,R3ISV7K5E1XQLP,2026-05-04,helpful_votes,2.0,"I grabbed these as a pre-workout alternative and honestly had no idea what to expect from something called ""Dragonberry."" Turns out it is strawberry and dragon fruit combined, and it works surprisingly well. The flavor is fruity and tropical without being candy-sweet or artificial-tasting.Performance-wise, this is not messing around. At 270mg of caffeine per 16oz can, this is significantly stronger than your average energy drink. If you are used to a standard Monster or Red Bull, start with half a can and see how you feel. For those with higher caffeine tolerance, it delivers a clean and sustained energy boost thanks to the green tea extract and guarana blend.The ingredient list is cleaner than most in this category, with added B vitamins, L-theanine, and three essential amino acids. The 12-pack is great value per can and ships securely.A word of caution: this is not a casual office drink. The 270mg caffeine is a serious dose and the label makes that clear. It is aimed at fitness use and is best enjoyed before or during activity, not first thing in the morning on an empty stomach, unless you enjoy feeling like you have launched into orbit."
amazon,Celsius,review,R2QLSGBZIAVQJB,2026-05-06,helpful_votes,,Taste great and can’t beat the price
amazon,Alani Nu,review,R1YCK1EIVQBTR3,2026-04-08,helpful_votes,1.0,Cans came bent and the box was ripped open but the best tasting energy drink in my opinion!
amazon,Alani Nu,review,R205BUVCCNQ6T9,2026-04-14,helpful_votes,1.0,Pink Slush is my favorite flavor. I love that I can get a case of just Pink Slush rather than a variety pack and it is cheaper than buying individual cans at my local grocery store.
amazon,Alani Nu,review,R2B4O2UAIJULX1,2026-04-15,helpful_votes,1.0,"My ALL time favorite flavor!! I love this Alani, the energy is so clean, the caffeine percentage isn’t to high, it’s perfect for daily consumption! The value for the price is perfect, especially on subscription! The smoothness is unbeatable. I used to be a die hard Celsius fan, not anymore! Alani for the win!!"
amazon,Alani Nu,review,R2TDD35D3R6OG,2026-04-26,helpful_votes,1.0,Amazing Flavor
amazon,Alani Nu,review,R20RCXQ7Z74FUI,2026-04-26,helpful_votes,,My favorite energy drink I drink one or two a day
amazon,Alani Nu,review,R2NW5HBABGP3E,2026-04-27,helpful_votes,1.0,Perfect low calorie pick me up before the gym and great coffee replacement. This flavor is amazing.
amazon,Alani Nu,review,R3770JZW83VNUL,2026-04-30,helpful_votes,,Wonderful taste! Does not make your heart race. Refreshing!!
amazon,Alani Nu,review,R33WR4MZ17AIO0,2026-05-10,helpful_votes,,"This is my favorite flavor , cherry is good too"
amazon,,review,R3HYX6H86B7NS4,2024-11-26,helpful_votes,,All flavours were so light and bad not recommended
amazon,,review,R30PRSPJ4IOVP5,2025-07-19,helpful_votes,,نكهات متنوعه رائعه
amazon,,review,R1MCQQ733GQST,2025-11-30,helpful_votes,,Great drink. Keeps me fully powered while I’m working.
amazon,,review,R1DWYKWANNGUK5,2026-02-12,helpful_votes,1.0,subscription ready every 3 weeks
amazon,,review,R29ZGDBYUCQDJH,2026-02-25,helpful_votes,,Great product
amazon,,review,R27O0E6940Y7IB,2026-03-27,helpful_votes,,"great tasting, provides lots of energy, really like that it's sugar free, the variety pack provides various flavors to keep you interested in trying something different"
amazon,,review,R35XWO1MSFOSXX,2026-04-13,helpful_votes,,Love these flavors.
amazon,,review,R5A3680VB1U2I,2026-04-19,helpful_votes,,"If you're going to get a twelve pack off of Amazon, go with this one! These by far are the best flavors available."
amazon,,review,R1REZSS8XXRUJM,2026-05-03,helpful_votes,,Good price
amazon,,review,RRDRWB3AGB1K9,2026-05-03,helpful_votes,,Wife loves it
amazon,Ghost,review,R2VFZGGXEUN5G4,2024-08-28,helpful_votes,,"it helps during the gym, however drinking it isnt so pleasant as it doesn't taste great"
amazon,Ghost,review,R26DD8MT8KENMH,2024-12-22,helpful_votes,,"I purchased the Blue Raspberry flavour and really love the taste, the pump I feel on this is better and longer lasting than other (more expensive) pre workouts I've tried.  I feel stronger and more focused, the pump I get in my arms is ridiculous, and I've noticed considerably more vascularity.  I was previously using  Kaged Pre-Kaged, and IMO Ghost is superior is respect of pump during workouts and doesn't seem to affect my sleep like Kaged does.  I'm definitely buying more Ghost Legend when I finish this tub."
amazon,Ghost,review,R3FSZS7MAGS1H3,2024-12-25,helpful_votes,,"sharp imo, combined it w sprite and creatine to make it taste like lemonade"
amazon,Ghost,review,R2QVNCZX856GO8,2025-09-18,helpful_votes,7.0,I love Ghost energy drinks. Figured for the price I’d give their pre workout a shot. I have mixed results. The taste is definitely great I just have had some mild stim feeling and also not so much of a response to this. I may be slightly off or just used to very strong PWs. I usually scoop 80-90% of a full scoop. I’ll try to go just over a full scoop and see if there’s a stronger response. The first time I tried it I felt a little kick. But after using for almost a week I’m not feeling it as much. I will update my review. It’s a great buy for how expensive PWs are getting. But if you’re adjusted to stim style products this might be a little lighter for you at 1 scoop.
amazon,Ghost,review,RHX2N4N0P9JVE,2025-10-10,helpful_votes,,"Si, muy bueno y efectivo para el ejercicio, muy recomendable."
amazon,Ghost,review,R2QBTNIHKGVSVM,2025-10-23,helpful_votes,,This might actually be the best all around preworkout. Really good doses of citrulline and caffeine and doesn't make you crash like other preworkouts I've tried. lasted me through 2 hour workouts and gets you pretty fired up. Goated pre.
amazon,Ghost,review,RER8Q0VG98KXH,2026-03-06,helpful_votes,2.0,"I decided to try this pre-workout because I was looking for something that could give me a real energy boost before going to the gym. The first time I used it, I drank it before heading out to work out, but something came up and I couldn’t make it to the gym. Even though I didn’t go, the energy definitely kicked in. I had so much energy that I ended up cleaning my entire house, which says a lot because I had been feeling tired before drinking it.When I do take it before going to the gym,I really notice the difference in my workout performance and stamina. It helps me feel more motivated and energized during my workout.Another thing I like is the flavor. Some pre-workouts can taste too artificial or too strong, but this one actually has a pleasant taste and mixes well with water."
amazon,Ghost,review,R2Q2TAOAG253HT,2026-03-25,helpful_votes,2.0,"This is probably one of, if not, the best tasting pre-workouts I've had and I've tried a lot of pre workouts. The ingredients list is pretty solid as well but after using it for a couple months I don't notice any increase in wakefulness or energy level but that's perfectly fine by me. I essentially use this as a daily beverage and find it taste almost identical to the canned energy drink by using 2, 12 ounce sugar free sprites or 7 ups, and 1 slightly larger than 1 full scoop of powder. If you try this (which I definitely recommend) add one can into a bottle of your choice, add the powder, let it fizz and rise then fall back down, mix, slowly add the 2nd can of spite or 7 up until full, mix again and enjoy. When this is on sale for 30 bucks the value for money is fantastic and it's definitely cheaper than buying the canned version, plus you get 24 ounces of using 2 cans of 7 up or sprite vs 16 ounces in a canned drink variety. I do the same strategy above with the sour patch kids red berry and the cherry limeade flavors too (both 5 star flavors). If you love orange cream flavor this is fantastic! It's also good in a just plain water but the soda strategy is definitely elite."
amazon,Ghost,review,R1N7E9QN6CEJH7,2026-04-08,helpful_votes,,Love this stuff!  Always pumps me up for a good workout.  Kicks in quickly and lasts through a 2 hour workout.  All flavors are great.
amazon,Ghost,review,R3KRSQ0DPVVCRF,2026-04-12,helpful_votes,1.0,Taste like misery meets tropical ocean delight. The only misery is because after drinking this you’re compelled to workout
amazon,Ghost,review,R1O7SDNQQDXSEO,2026-04-17,helpful_votes,1.0,I love this flavor and brand. The energy I get from it is great and I’m not too tingly and itchy from it. The mixability can be a bit thick and need to be stirred repeatedly if you drink it slow but the taste is so good. I love this preworkout
amazon,Ghost,review,R2CTUD6HCBBLN7,2026-04-17,helpful_votes,,"Taste is fantastic, be aware that unlike other pre-workout that’s 100mg, one scoop is 300mg of caffeine. It did make my ears itchy for a short time but I think it’s a great preworkout"
amazon,Ghost,review,R141LABNQQGLIF,2026-05-01,helpful_votes,1.0,"I’ve been using this before workouts and it definitely delivers on energy. It kicks in pretty quick and helps me stay focused and motivated through my lifts without feeling jittery or overstimulated.The Sour Patch Kids Redberry flavor is actually pretty accurate—very sweet and a little sour. Almost like a candy drink, which makes it easy to drink even when you don’t feel like taking pre-workout.I didn’t notice any bad crash afterward, which is a big plus compared to some others I’ve tried. Pumps and energy felt consistent for my workouts.Only thing is it’s pretty strong if you’re sensitive to caffeine, so I’d start with a smaller scoop if you’re not used to pre-workout.Overall, solid option if you want something that tastes good and gives reliable energy in the gym."
amazon,Alani Nu,review,RMZLTQ2S0LXBH,2025-12-09,helpful_votes,,Every case we have bought has been good until now. This is disgusting 🤮 like we can’t drink these. We do not know what this matter is in them.  So disappointed
amazon,Alani Nu,review,R1JH6OH7OTNMMK,2025-12-10,helpful_votes,3.0,"Quick Summary:This flavor is bold, fun, and one of the best Alani Nu options — perfect for stocking up.Pros:•  Delicious, unique flavor that feels “out of this world”•  Available in a 24-pack so you get only the flavor you love•  Convenient delivery straight to your home or office•  Great for repeat buyers who know their favoritesCons:•  Price can fluctuate, so it’s worth watching for dealsDetailed Experience:Cosmic Stardust is one of my absolute favorite Alani Nu flavors. It’s vibrant, sweet, and refreshing — a flavor that feels special every time I open a can. Being able to buy a full 24-pack of just this flavor is a huge win, since multipacks often include flavors I don’t enjoy as much.Having it delivered right to my home or office makes it even better — no heavy lifting or searching in stores. The only drawback is that the price can vary, so I keep an eye out to grab it when it’s at its best value.Verdict:This is a repeat order in our house. If you love Cosmic Stardust, skip the multipacks and go straight for this flavor — it’s worth it."
amazon,Alani Nu,review,R3ERHJL1ZTGE3E,2026-03-01,helpful_votes,,Love the taste
amazon,Alani Nu,review,R2OPH4QR0JSKXL,2026-04-13,helpful_votes,,Buy these 2x a month. I love on them. Best deal and they taste amazing.
amazon,Alani Nu,review,R30ODKKSEI7XEY,2026-04-26,helpful_votes,,"I’m pretty sure Alani Nu COSMIC STARDUST was created by scientists whose only goal was to make me ignore my better judgment.This is, hands down, my absolute favorite energy drink. The flavor is zingy, a little mysterious, and somehow tastes like what I imagine a glittery galaxy would taste like (in the best way, not the “ate craft supplies as a kid” way). It’s bright, fun, and dangerously easy to drink.Now… am I technically supposed to be drinking caffeine? No. Absolutely not. Should I be making better life choices? Also yes. And yet here we are, cracking open a can and instantly feeling like I could reorganize my entire house, start a new hobby, and possibly run a small nation.The pep is REAL. This stuff doesn’t just wake you up—it gives you a full personality reboot.Five stars because it tastes amazing, works a little too well, and has me willingly ignoring common sense. Proceed responsibly… or don’t. I clearly didn’t."
amazon,Alani Nu,review,R1865X1KSXVXE6,2026-05-01,helpful_votes,,Great value for the product
amazon,Alani Nu,review,R299HJFD9WFQZR,2026-05-10,helpful_votes,,One of my favorite Alani’s! Tastes just like a purple Sweetart!
amazon,Alani Nu,review,R3OTJYGAG456AA,2026-05-10,helpful_votes,,Love!
amazon,Ghost,review,RSUWHMLIF9GRS,2024-01-27,helpful_votes,,"Love this drink but my entire case wash smashed! Some of cans were building at the top, others were smashed and dented. Absolutely shocked at the condition this arrived in. It’s not a cheap price for 12 cans, so I expect better. Cannot return this item either so I’m stuck with defective cans. Not sure if they’re safe to drink so I won’t risk it. An absolute waste to be honest. Dissatisfied and disappointed ❌❌"
amazon,Ghost,review,RXTMPLOURUGLE,2024-04-10,helpful_votes,,"Tried cherry (good taste), tropical mango (good taste), apple (good but too sour), and orange (has some bitterness). Good for energy and helps push through complex physical and mental tasks without fogginess but too diluted in ml which makes it hard to finish for full mental health benefits. Would be great if they develop the small non-carbonated shot bottles."
amazon,Ghost,review,ROHQQY2PKE75W,2025-11-27,helpful_votes,17.0,"No sugar which is great and this energy drink has become a staple but it is also very acidic so watch out if you have very thin teeth like me. I often find it increasing my sensitivity by a lot so a sensitivity toothpaste daily is essential for me since I drink these daily.The feeling or energy from these is great, I have been drinking similar ones like G fuel for years and this gives me significantly more energy. A quick tip though is many dollar trees have Gfuel available so if you need sugar free energy drinks like me, they provide cheaper deals - currently dollar tree has G fuel for 1.25$ a can which is quite cost effective compared to Ghost.Drinkability is mixed with Ghost, they are strong drinks. I often find G fuel being very refreshing and enjoyable while Ghost is very concentrated.Comparison - Gfuel vs. Ghost ingredients and focusGhost:Focus - Cognitive function, energy metabolism, and premium/transparent sourcing.Caffeine - Natural from coffee beansNootropics - Alpha-GPC, NeuroFactor™ Coffee Fruit Extract.Performance - Carnipure® L-Carnitine L-Tartrate, Taurine.What makes it unique - AstraGin® (absorption enhancer), transparent proprietary blends.Sweeteners - Sucralose, Acesulfame Potassium.Gfuel:Focus - support for focus and antioxidants.Caffeine - syntheticNootropics - L-tyrosine and L-theaninePerformance - Taurine, L-citrulline malateWhat makes it unique - Extensive Antioxidant Complex, high dose of Vitamins C, E, and B-vitamins.Sweeteners - Sucralose, Acesulfame Potassium.The bottom line here: G Fuel for maximum boost and vitamins; Ghost for premium, clean, and focused energy. Ghost is mostly proprietary blends of vitamins which is something to keep in mind since we do not know what is in them while G fuel is more transparent for the most part. I recommend trying both and seeing what works best for you."
amazon,Ghost,review,R2PDYV96APBLGU,2026-02-13,helpful_votes,,i loved these tasty  😋  wish had bit more caffeine  tho
amazon,Ghost,review,R1A4QQHKCCFLPQ,2026-02-15,helpful_votes,,Great flavour. Clear label
amazon,Ghost,review,R3NJQQSZDG92HT,2026-02-19,helpful_votes,3.0,I drink one of these red cans when I get to the shop in the mornin. The taste reminnd me of the candy my kids liked when they were small. It has a sour kick at first but a sweet taste comes next in my mouth. I feel awake after I finish the can. My focus stays sharp while I work on the mashines for a few hours. I do not feel jitters in my hands or my chest like I do with some coffee. The liquid has no color which is fine with me because it does not stain my teath. I keep the pack in the small fridge in the garage to keep them cold. It is a good choice for days when I have a lot of heavy labor to do. My brother tried one and he thought the flavor was tart but I think it is right. I do not feel a crash when the afternoon comes. It is a way to get energy for my shift. I like that the cans are tall and hold much to last a while. My wife says I look alert when I use them before our walk.
amazon,Ghost,review,R2Y2RQQI050QJY,2026-03-03,helpful_votes,,Was skeptical about this but needed something to kick start my days as I have early morning starts and this doesn't disappoint. Surprisingly great taste and a large can so it'll keep you going for a while.
amazon,Ghost,review,R3JOKIWNY0HDQ7,2026-03-22,helpful_votes,1.0,"Absolutely love these. They taste amazing, which brings me memories of my childhood. I work as a nurse full time, so I work 12 hour shifts and these definitely give me a boost throughout the day which is super helpful. I also drink two of them so it’s only 20 calories which is fantastic. There 0G of sugar so it’s better than any soda I could drink. Plus it’s significantly cheaper than it would be if I bought it from in store. Definitely try them."
amazon,Ghost,review,R33P8YLPZ5HB9W,2026-03-22,helpful_votes,,"I've tried multiple different brands of energy drinks that have blue raspberry as a flavor. My absolute favorite was the C4 Jolly Rancher Blue Raspberry energy drink..... UNTIL I tried this one. Beats it for sure. It has such a sweet, smooth and refreshing taste and gives a solid boost to power me through my day. The price is a little high but in all honesty it's worth the money! No crash or jitters after one of these and this is coming from someone who drinks lots of caffeine every day. TL;DR absolutely worth a try!!"
amazon,Ghost,review,R3S7V4UFMFF41S,2026-04-18,helpful_votes,1.0,Ghost is very good. Especially comparing it to other energy drinks that literally tingle your whole body if you drink it too quickly. When I’m looking for energy drinks I really want more focus and mental energy over simple caffeine high and energy. This does give me both. In a good way. It has been very effective in what it says it does. Definitely value for the money over buying it at the gas stations one by one. Buying it in bulk definitely cuts the cost down. Energy levels peak very well without a crash at the end. The ingredients seems to be very good because my body doesn’t feel heavy afterwards.
amazon,Ghost,review,R2Z53NVL9OH122,2026-04-19,helpful_votes,1.0,"Love these, I am subscribed for every two weeks, they last me one a day at work until the next shipment. Yay! Green sour apple is just the best. It’s slightly sour and refreshing. I work graveyard and stay awake all night with one of these. Super effective, great value for the money since I’m getting them cheaper this way than buying one a day at the convenience store next to my house. They’re sugar free but use sucralose, which is wannabe sugar but still, I’d say better for me (pre-diabetic) than real sugar."
amazon,Ghost,review,R2ENPDYPDTCOBZ,2026-04-20,helpful_votes,,Absolutely one of my favorite flavors. It’s a great energy drink with low calories and natural caffeine.
amazon,Ghost,review,R224V8CO9Y61TU,2026-04-24,helpful_votes,,"By far my favorite flavor in any energy drink. GHOST really does this one well and the Cherry Limeade tastes great compared to a lot of other energy drinks I’ve tried.Yes, it is high in caffeine, but that’s actually what I need sometimes for a real energy boost, and this one does the job without feeling overly heavy. The calorie content is also great if you’re someone who watches calories, which I appreciate.Overall, great flavor, solid energy, and one of my go-to energy drinks."
amazon,Bloom Nutrition,review,R1VD5U4538JHC3,2025-04-13,helpful_votes,,I love this product… honestly the only reason I deducted one star is because I keep ordering the Raspberry Lemon flavor and I keep getting a variety pack 😒🙄 I don’t mind but I’d really prefer just that one flavor!
amazon,Bloom Nutrition,review,R13X0YJE5ONVNA,2025-12-05,helpful_votes,2.0,"Really helps with energy & focus with no crash, no sugar rush, very tasty flavor - LOVE!!"
amazon,Bloom Nutrition,review,RRXH82SQGLVRZ,2026-03-12,helpful_votes,,Love these energy drinks. Taste great and give me the energy I need.
amazon,Bloom Nutrition,review,R3AS78GEY89U1A,2026-04-07,helpful_votes,1.0,"Nurse here. I’m not an energy drink girl usually, BUTTTTTTTT I drive 2 hours a day and work 12 hours. I’m tired ya’ll. These drinks keep me awake enough to drive home. Taste great too. Especially ice cold. Mmmmm! Just be sure to drink enough water too. Balance is key."
amazon,Bloom Nutrition,review,RBISNFVUD2SB2,2026-04-12,helpful_votes,,Delicious! I love these
amazon,Bloom Nutrition,review,R3AEMLHGGE3SUE,2026-04-22,helpful_votes,,Love them! They are a lifesaver before an early shoot day. I usually only have half at a time and that’s more than enough
amazon,Bloom Nutrition,review,R37B5A3XXKBZR0,2026-04-27,helpful_votes,,Great taste . Works as described. Fair price. Took a few days to receive which was fine .Works for mid morning or mid afternoon pick me up .
amazon,Bloom Nutrition,review,R2LF13FHBM5DHW,2026-05-01,helpful_votes,,So Delicious my Favorite FlavorWish it was a little Cheaper
amazon,Bloom Nutrition,review,R1NJ9MGQW3HCJ5,2025-10-14,helpful_votes,140.0,"Let’s compare to Alani! I was a HUGE Alani consumer, wanted something healthier, tried more energy drinks than I can count until I ended up HERE with Bloom! I am very happy about these :)These have 180mg of green tea caffeine, Alani has 200mg. After switching from Alani to less mg caffeine energy drinks; I cannot handle an Alani anymore! They give me anxiety, and make me feel really bad.Flavor wise!! Delicious. But let’s compare to an Alani.Bloom peach mango, in comparison to a juicy peach Alani is a much milder sweetness and doesn’t come across too overwhelming while still being just as delicious, and in my opinion they taste even better!Bloom cherry lime, in comparison to Alani cherry twist is a HUGE difference. Alani’s leaves a weird chemical after taste that I cannot get past and makes me refuse to drink them. I am a loverrrr of cherry lime drinks, and this one does have a slight medicinal taste, but it’s more like a sweet tart in comparison. It’s still a win to me!Bloom strawberry watermelon is comparable to Alani watermelon wave!! But not as tart/sour. I am going to be honest in saying this flavor on both brands is probably my favorite! They both remind me of a jolly rancher. Again, I am much happier enjoying the bloom version.Bloom raspberry lemon is not actually comparable to any Alani in my opinion, I would reach to say Alani pink slush, ONLY because they both have a different sweetness that comes with a “pink” brand drink. I used to love pink slush until the flavor became nothing but carbonation to me.. I can’t be sure but feel the ingredients were changed somewhere along the way, as Alani tends to do. But I really enjoy the flavor of raspberry lemon Bloom, and you can definitely taste BOTH flavors.Alani is zero sugar, B12, B6 and biotin,  200mg caffeine and artificial sweeteners. After drinking them for maybe three years, I got burnt out.Bloom has zero sugar, 180mg caffeine, B6, B12, apple cider vinegar, prebiotic fiber, no artificial flavors or color or aspartame.You can decide for yourself, but this is a side by side comparison:)"
amazon,Bloom Nutrition,review,RW13E2MSTJNG2,2026-03-03,helpful_votes,8.0,"I honestly love these energy drinks. They don’t give me the jitters, I love the flavors, I like the no added cane sugar or high fructose corn syrup, and it just gives me the energy. I need to do my workout or get through a tiring day. And for some reason, they seem healthier than other energy drinks. Maybe I’m just naïve, but I like them."
amazon,Bloom Nutrition,review,R1YZZ9UR0ZCP35,2026-04-09,helpful_votes,,My favorite energy drinks. Does not give me jitters or make me crash. Just the right amount of stable energy. All of f the flavors are good.
amazon,Bloom Nutrition,review,R2EZ591UOUKSAM,2026-04-11,helpful_votes,,"Love these! Every flavor is great unlike most energy drinks which taste like spicey doo doo!These give you that extra burst of energy you need while providing a tasty, delicious beverage as well! Yum yum yummm!"
amazon,Bloom Nutrition,review,R2266G3W0X5FNA,2026-04-13,helpful_votes,1.0,"Been going through this variety pack for a few weeks now and it's become a solid pre-workout alternative. 180mg caffeine from natural sources hits noticeably cleaner than the usual energy drinks — no jittery spike and crash. The sparkling texture is satisfying without being overly carbonated.Flavor-wise the variety pack is hit or miss. A couple of the flavors are genuinely good, a couple I'd skip if buying singles. The zero sugar formula doesn't have that artificial sweetener aftertaste that ruins a lot of ""healthy"" energy drinks, which I appreciate.The price is a bit higher than standard energy drinks but you're paying for the cleaner ingredient list. If you care about what's in your drinks, it's worth it."
amazon,Bloom Nutrition,review,R16WJMUUQJ0D6V,2026-04-17,helpful_votes,1.0,"This is a winner!! Great taste!! I just so happened to purchase this at the hospital in the snack room. I took a chance on it because I was thirsty. And I am glad I made this choice. It has caffeine in it. Not enough to notice but it helped me stay woke during the time I was there. This is good, so give it a try."
amazon,Bloom Nutrition,review,R3FVPGVXFWNYAL,2026-04-27,helpful_votes,1.0,Nice that it comes with three different flavors.  They are all great tasting.  Great value !
amazon,Bloom Nutrition,review,RUPY5L26BXHI7,2026-05-05,helpful_votes,2.0,"’ve been really impressed with the Bloom Nutrition Sparkling Energy Drink. It strikes a great balance between effective energy and a clean, refreshing taste. The fact that it contains 180mg of natural caffeine gives a noticeable boost without the jittery feeling or crash that some other energy drinks tend to cause. It feels smooth and steady, which makes it perfect for mornings or a midday pick-me-up.One of the standout features is that it’s completely sugar-free, yet still manages to taste flavorful and crisp. The light carbonation adds a refreshing touch, and the variety of fruit flavors keeps things interesting without being overly sweet or artificial. It’s clear that a lot of thought went into creating a drink that feels both enjoyable and functional.I also appreciate the added ingredients like prebiotics and plant-based caffeine sources, which make it feel like a more mindful alternative compared to traditional energy drinks. It’s nice knowing you’re getting a bit more than just caffeine.Overall, Bloom has created a great option for anyone looking for clean energy, good flavor, and a healthier approach to staying energized throughout the day. Highly recommend!"
amazon,Alani Nu,review,R3UZFLR0V79FHR,2025-11-19,helpful_votes,5.0,It gave me the energy and focus in the gym. I didnt felt any itchiness. The flavor is amazing but the packet is more sweeter than the canned version.
amazon,Alani Nu,review,RC5YHQZB01CM3,2026-01-18,helpful_votes,4.0,"This was such a great find!  Alani on the go packets are the best.  Keep a few in my purse and in desk drawer for convenience.  Ingredients,  taste and vitamins are all positive.  Gives some nice energy with great taste.  Good value and super convenient for on the go or travel.  Very effective to give you the boost of energy you need."
amazon,Alani Nu,review,R273Y23IN87KHZ,2026-03-04,helpful_votes,,"I could not find this flavor of Alani Nu powder anywhere and was delighted when Amazon had it in stock. As a lover of Alani, these packets give me the caffeine I need while helping me drink more water. It mixes into water easily and tastes just like an Alani drink (with less bubbles). I would definitely purchase this again."
amazon,Alani Nu,review,RRHCOBM0A1TWN,2026-03-10,helpful_votes,,"LOVE the taste of these! A few flavors of them are popular in our house! We save so much money now that we are buying these instead of the cans. Mixes easy in water, just give a quick shake or stir. My husband uses them with our SodaStream to add the fizzy but i prefer without the carbonation. The energy from them works for us. Seems to have just the right amount of caffeine to get through my afternoon slump."
amazon,Alani Nu,review,R2TYSHEQNAQ1KT,2026-03-26,helpful_votes,,Great way to keep caffeine/energy drinks at work. Convenient and tastes great
amazon,Alani Nu,review,RVHPULUVZ6O6J,2026-03-29,helpful_votes,,"Actually pretty good energy drink mixes. Tastes like cherry limeade. But be aware, these are big packets. If using a water bottle 25oz or more use the whole packet, but if using a smaller bottle half to 3/4 is just right. Really does deliver a good no crash pick me up."
amazon,Alani Nu,review,R1ZM0G4RM9SL8S,2026-04-12,helpful_votes,,"The taste is refreshing, provides the right amount of energy and I love that it’s the same great taste as the can without all the carbonation. It’s not an everyday drink, I use it in moderation due to amount of sodium and caffeine, and ensure I remain hydrated and eat right. It’s a good tasting sugar free drink when I need a caffeine boost."
amazon,Alani Nu,review,R17GM6Y8DFJ7OO,2026-04-21,helpful_votes,,Cheaper and more efficient than buying energy drinks. Also tasty.
amazon,Alani Nu,review,R1KEKYR49GYY77,2026-03-23,helpful_votes,2.0,Great value but strong flavor. I recommend only using half a pack for 32oz of water.
amazon,Alani Nu,review,R134X0OM1WLOXT,2026-04-07,helpful_votes,2.0,The taste was a NO for me. Maybe it's because it didn't come with the carbonation that you get with the can? It still gives you that kick of energy you expect with Alani but it didn't break down well in my water. Probably won't be purchasing again. I'm just gonna stick to cans.
amazon,Alani Nu,review,R2KT4DV76D12U3,2026-04-23,helpful_votes,,"Great taste, mixes easily, and keeps me alert."
amazon,Alani Nu,review,R3OLFJWJ309JRG,2026-05-05,helpful_votes,,Works! VERY SWEET! Isn’t fizzy but I just carbonate some water in my soda stream and I have a free alani! I work in behavioral health night shifts so these have kinda become a staple 😅I never add a full packet because it becomes way too sweet for me. I just use half at a time and my product lasts even longer!
amazon,Alani Nu,review,R3LL4ZNQKV3VHM,2026-05-08,helpful_votes,,My son is obsessed and these are perfect for his water bottle when he goes on long bike rides!
amazon,Alani Nu,review,R22EB8O0SW9H8H,2026-05-09,helpful_votes,,Great way to get caffeine in and drink a lot of water. I can put this in a 30oz Owala and get through halfway and keep adding water to it and still has great flavor.
amazon,Alani Nu,review,R2YZD8PMDA5R5H,2026-05-09,helpful_votes,,"They taste okay, they have a good caffeine content of 200mg per packets. They are great when you need a pick me up but it’s not my first choice to drink. It’s great to keep in a work locker or just to have for caffeine emergencies."
amazon,Alani Nu,review,R1AOP495K3OQED,2026-05-09,helpful_votes,,These always make me feel so much more like a person. I only drink about one fourth of a packet on the days im really dragging and its very helpful. Love the packets so i can choose how much i use
amazon,Liquid I.V.,review,R1QBCN7EONTKOT,2026-02-10,helpful_votes,2.0,Great source of hydration. Taste is good. Not sure of energy increase yet.
amazon,Liquid I.V.,review,RIQWPDNJJ994I,2026-03-01,helpful_votes,,It was terrible tasting to me. I have tried one package in a water bottle and was unable to drink after the first sip. Can’t get rid of it no one wants it. What mite of money.
amazon,Liquid I.V.,review,R5HTZA83U4YTX,2026-03-21,helpful_votes,,my go to for hydration
amazon,Liquid I.V.,review,R336HD2DQ1NNE0,2026-03-26,helpful_votes,,"I love liquid IV, and the caffeine does pep you up, but the flavor of the pomegranate is awful"
amazon,Liquid I.V.,review,R3NTC0YUTS76WP,2026-03-27,helpful_votes,,"Taste reminded me of a stronger propel. Dissolves good. Taste is anlong par with anny other soluble. Always check to see what’s in it. There’s a higher concentration of salt(sodium) but I’ve tried other water additives and a lot are the same, slight differences."
amazon,Liquid I.V.,review,RBZEMULTOXVNI,2026-04-24,helpful_votes,,Great taste! Love this for my pots diagnoses! Thank you Liquid IV!
amazon,Liquid I.V.,review,R1BZGZ84R215Z5,2026-05-01,helpful_votes,,"Daughter loves the flavor, and the extra little boost before soccer"
amazon,Liquid I.V.,review,R2E5EI5LJWM7Z6,2026-05-02,helpful_votes,1.0,Great product 👌 anytime 😊. Go for it.
amazon,,review,ROHCEN6JROWNN,2026-03-09,helpful_votes,,"The grap flavor has the good old cheap grape soda flavor profile right, but it is like you poured your grape soda over ice and forgot about it just a little too long and it's watered down.  I ordered a case but likely wont order grap again unless they reworked the recipe."
amazon,,review,RJIGZ4I4HC1HO,2026-03-20,helpful_votes,,showed up on time with no dents or damage. I love this variety pack since all four flavors are awesome and I don't have to pick just one for like 2 weeks.
amazon,,review,R1DN8SCGC06VRT,2026-03-31,helpful_votes,,"Try it, you won't be dissapointed"
amazon,,review,R2L2P5ZQF8WOPN,2026-04-04,helpful_votes,,"Good flavor but doesn’t give a ton of energy, however it is clean"
amazon,,review,R1IYFL1T2F7O4B,2026-04-05,helpful_votes,,"Delicious, no fake sugar taste"
amazon,,review,R1X23QGNOXS2CT,2026-04-15,helpful_votes,,"tastes just like grape soda, with a little less carbonation"
amazon,,review,R39TAQNLEFYE5H,2026-04-24,helpful_votes,,"delicious and actually gives enough energy without drowning you in caffeine. I normally drink preworkout powder on workout days and a sparkling energy drink on rest days. i used to drinj other brands but gotta give Bum energy some love so i tried it and it is actually really nice. very good flavor, much better than most energy drinks and gives enough energy which even some of the other higher caffeine energy drinks can make me feel tired afterwards. the citicoline def makes it more brain awake"
amazon,,review,R2QU9C3L38Q4A8,2026-05-05,helpful_votes,,Taste phenomenal!
amazon,,review,R1AGV9SMHTBBIQ,2026-01-04,helpful_votes,5.0,"My husband and I have been drinking Monsters for quite some time. We each have our fave flavors. I came here to buy more and they were out of a flavor, and Prime popped up as something I might like.After going through all the different Prime drinks and flavors, I bought Cherry Limeade and Dripsicle. We both fell in love with Dripsicle..and we both agree it tastes just like a Bomb Pop…you know- that awesome little popsicle that is SO good on a hot summer day!Our refrigerator is so cold that drinks sometimes have a little slushy ice in them- add the caffeine and it makes for a great wake up with breakfast! The fact that these are sugar free is an extra benefit because both of us are Diabetic.The next morning we both had the Cherry Limeade and I loved it right off the bat- my husband wasn’t as sold even tho he loves that drink from that fast food restaurant, but he still likes it a lot.Now, we still like our Monsters- they have flavors that Prime doesn’t, but more and more I am drinking more Prime than Monster Zeros.Bottom line- GREAT flavors, Zero sugar, caffeine ~ all at a great price! We will definitely be buying more!"
amazon,,review,RMHQ3K0T2LX2T,2026-02-06,helpful_votes,,"Got this because I like another flavor, and cherry limeade seemed like an easy flavor to nail plus it was on sale. That’s a win right? Nope, definitely NOT a win. There is this muted quality to the flavor and then when the aftertaste hits it’s ?powdery? like if I had tasted an old powder packet version of the flavor. The caffeine still gives a good boost, but it’s like chugging cough syrup and I grimace after. I don’t care how on sale the cherry limeade flavor is - never buying it again."
amazon,,review,R10G0AJN1QMAME,2026-03-15,helpful_votes,,My son loves this
amazon,,review,RHH1CV2PZVEYC,2026-03-23,helpful_votes,,It's ok.  Hilariously it tastes exactly like hawaiin punch with caffeine.
amazon,,review,RICPJIT8W3OWH,2026-04-15,helpful_votes,,The flavors are so delicious and well balanced. No weird aftertastes like some other brands. To me it’s the best energy drink out there. 10/10
amazon,,review,R2R10NU1INN1IL,2026-04-18,helpful_votes,,"The product itself I love prime but, this flavor the Cherry Limeade, I can’t bring myself to drink it because, to me it smells like dry pee, so when I take the can up to my nose, if I get the scent of it, I can’t drink it, but ish I would have bough a different flavor like grape or just plain cherry."
amazon,,review,R2PP0Y3E00UWYH,2026-04-24,helpful_votes,,Great taste- good rush of caffeine
amazon,,review,R1MYZ6AAFLCD96,2026-04-25,helpful_votes,,Can't wait to drink all these at once lol. Electrolytes and caffeine ftw
amazon,Monster,review,R14K7MXFD561EC,2025-06-12,helpful_votes,4.0,"Monster’s Viking Berry flavor is a bold addition to their energy drink lineup, and it definitely makes a statement. As someone who enjoys trying new flavors, I found this one to be a refreshing twist with a solid energy kick.Flavor:The taste is a mix of wild berries—think blackberry, blueberry, and maybe a hint of raspberry. It’s sweet but not overwhelmingly so, with a slight tartness that keeps it from being syrupy. There’s also a faint herbal undertone, which gives it a slightly different edge than your typical fruit-based energy drinks. If you like berry flavors with a little attitude, this one delivers.Energy Boost:Like most Monsters, it’s packed with caffeine, taurine, B-vitamins, and all the usual suspects. I felt the boost within about 15–20 minutes, and it kept me going for a solid few hours without the jittery crash. It’s ideal for a mid-afternoon slump or before a workout.Design & Vibe:The can design is eye-catching—dark, with Nordic-inspired artwork that totally leans into the “Viking” theme. It looks cool and stands out on the shelf, which is always a plus.Downsides:It is high in sugar so if you're sensitive to that or prefer more subtle flavors, it might be a bit much. Also, like with most energy drinks, it’s not something I’d recommend drinking daily due to the high caffeine and sugar content (unless you're getting the sugar-free version, if available).Bottom Line:Viking Berry is a solid, flavorful option for energy drink fans who want something fruity but not basic. It’s got the classic Monster energy punch wrapped in a bold berry flavor with a unique twist. Definitely worth trying at least once—especially if you're into themed, collectible cans."
amazon,Monster,review,R3BF0FQH6EX1A8,2026-03-19,helpful_votes,2.0,"This is my favorite Monster energy drink. I can only find the single cans in the stores. The price of this 15 pack is worth it. This Monster doesn't give me the jitters. The flavor is amazing for a Monster energy juice. The vitamin content is great, the carbonation is normal for any energy drink. I highly recommend this Monster energy juice."
amazon,Monster,review,R24KMFZ8R25IT7,2026-03-28,helpful_votes,,The media could not be loaded.
amazon,Monster,review,R1J7OGSKFQLBN2,2026-03-30,helpful_votes,,Theese have a good berry flavor and are my 2nd favorite monster juice drink… gives you a boost of energy without excess caffeine.
amazon,Monster,review,R3A0TFQWWASJB6,2026-04-03,helpful_votes,,I love the taste of these so much. I buy every other month. I go caffeine free one month and caffeine the next. Taste so good. But watch out it has sugar. But the diet does not taste the same at all.
amazon,Monster,review,RER3NTKASZK4H,2026-04-07,helpful_votes,,Excellent source of caffeine.  Great taste great value for the money.  Enough sugar. No leakage.  Smooth. Good energy. Great quality variety is good
amazon,Monster,review,RJ6T02C41XQRX,2026-05-05,helpful_votes,,Great flavor never a waste to purchase
amazon,Monster,review,R2UB97MOQCGLIJ,2026-05-08,helpful_votes,,One of the best tasting monsters! Expensive though!
amazon,Alani Nu,review,RIAZICF76E6AF,2026-03-12,helpful_votes,1.0,Good product but way over priced
amazon,Alani Nu,review,R2G33JH3UX6T70,2026-04-08,helpful_votes,,"This flavor is awesome. The strawberry flavor is good, not overly artificial. And Alani doesn't give me the jitters unlike other drinks.Would love it if they did a bakery collection (blueberry muffin, lemon meringue, etc.) because their pumpkin pie around Halloween was amazing."
amazon,Alani Nu,review,R2E9IAX302T6RS,2026-04-08,helpful_votes,,My favorite Alain flavor.  So happy this is now a permanent flavor.
amazon,Alani Nu,review,R5OFYUOR19MY0,2026-04-13,helpful_votes,,"I work nights, and it helped me when I was personally losing energy. The flavor is so good, too. I love this one and the cotton candy."
amazon,Alani Nu,review,R1Y8A8BIK806B3,2026-04-16,helpful_votes,,Delicious flavor!
amazon,Alani Nu,review,R3RY1NPLU2O1B8,2026-04-20,helpful_votes,,The best summer flavor!!!
amazon,Alani Nu,review,RI5K8Y942N7YL,2026-05-06,helpful_votes,,"This is my favorite flavor so far. It’s not overly sweet and provides a noticeable boost in alertness without causing jitteriness. It’s an excellent option for night shifts, especially when traditional coffee isn’t as effective."
amazon,Alani Nu,review,RSIIFSNFBVP7U,2026-05-10,helpful_votes,,Great tasting strawberry flavor! Good value for the cost.
amazon,Monster,review,R2MO6JWMEUIE0K,2025-10-26,helpful_votes,1.0,Really good flavor and a great price. I substitute this each day instead of that second cup of coffee. Still get the caffeine no heart palpitations great product
amazon,Monster,review,R2OBSUEFCE53CL,2026-01-20,helpful_votes,,"Love these flavors, so I had to buy the 15pack. I got it on sale, so it was super worth it! No damage was done to the box or cans!"
amazon,Monster,review,R2UK40WX0225T2,2026-01-26,helpful_votes,3.0,"We drink a lot of monster energy drinks and this variety pack is my favorite! Full size cans and zero sugar. Easy to open, bright colored cans. They do not cause jitteriness for either of us, but we are used to caffeine too. Sturdy cans do not leak or bend easily. I actually like to use them for my metal art recycling projects because they are so colorful and full of designs!"
amazon,Monster,review,R189H0FGYFJLLJ,2026-02-04,helpful_votes,1.0,"I mostly just liked the blue Hawaiian which I'd tried a few time prior to ordering . I mostly ordered this because for me at least the other 2 flavors are hard to find or always out so I went in blind with this lol. These are 16 oz and you get 3 flavors (guava,blue Hawaiian, grapefruit). was disappointed in the grapefruit or rather underwhelmed considering it was often sold out when I try to order cans at stores local. Guava is good. I drink these sometimes but when it comes to energy drinks I prefer can size to be 12 oz max. anything more I usually never finish the cans or get tired of it and usually  I get that icky /stomach feeling due to the sweetness etc even tho they use sweetners for these too much of that gets to you. they were fizzy and did give me energy and of course I love the zero sugar part . I don't think I'd buy again but it's just due to flavor preferences and the can size being too much for me."
amazon,Monster,review,R1519S5NYV9897,2026-03-10,helpful_votes,,Great flavor diversity without having that caffeine after taste  gave extreme energy boost without crashing later made me better at sports and school love the product this is a 100% must buy
amazon,Monster,review,RNCHIZH0UE2TE,2026-04-17,helpful_votes,,Love the flavors
amazon,Monster,review,R34EEXLL14PYRT,2026-04-22,helpful_votes,,Zero sugar is always good. Great way to try multiple flavors to see which kinds you like. All 3 taste great and give you energy.
amazon,Monster,review,R1PZR5GF4HQKQH,2026-05-03,helpful_votes,,These are delicious! Plus zero sugar cannot be beat! The colors and super cute too! No leaking and love that there’s a variety of flavors.
amazon,Alani Nu,review,R11G5UH113FUX8,2026-03-06,helpful_votes,,"Value pack, cherry slush is so good"
amazon,Alani Nu,review,RF7GO33H5ZH90,2026-04-08,helpful_votes,,Love the minis and that I can have great flavor in a small can
amazon,Alani Nu,review,R2WARAN7RWMKVT,2026-04-12,helpful_votes,1.0,Great alternative to other energy drinks with great flavors.
amazon,Alani Nu,review,R189HCURVJ4G9T,2026-04-14,helpful_votes,,"These Alanis are a great size! We usually order the minis for our daughters because they love these drinks, but we don’t want them to have too much.These are the perfect portion and come in a nice variety of flavors, which makes them a great option."
amazon,Alani Nu,review,R26UVCGD0JK5RU,2026-04-15,helpful_votes,,Who doesn't love this stuff?! Great tasting energy drinks I've tried. Love they are the mini cans but still have 100mg of caffeine!
amazon,Alani Nu,review,R3VUFUYLPCJKBB,2026-04-15,helpful_votes,,Perfect size and like the flavors.
amazon,Alani Nu,review,R3EDUB408NM8GG,2026-04-23,helpful_votes,,"I love the alani minis!! They’re the perfect size and amount of caffeine. I barely finish one of these cans in 2 days, let alone the big ones. They pack just enough punch to keep me energized without getting so jittery. Plus they all taste so yummy!"
amazon,Alani Nu,review,R2KWHOBKZAD6UV,2026-04-28,helpful_votes,,"Delicious! I love all the alani flavors. I’m usually really sensitive to caffeine and energy drinks, but Alani doesn’t make me jittery or give me palpitations like other energy drinks do! All the flavors are SO good! Perfect little size!"
amazon,Alani Nu,review,R1EC9HNKMZ9BMO,2026-02-12,helpful_votes,1.0,"This is my favorite alani! So good, taste just like sherbet. Very smooth, gives me my pep in my step most days. Ive been a return customer an embarrassing amount of times and will continue."
amazon,Alani Nu,review,R2HOTNGWLFYM4C,2026-03-16,helpful_votes,,I love the AlaniNu. They’re a bit expensive but they’re healthier than other options on the market. It tastes really good! I LOVE the sugar free. It helps alot when I work my 12 hour overnights. My coworkers and I are always drinking these as they’re a healthy option versus coffee.
amazon,Alani Nu,review,RS88657OILQOF,2026-03-19,helpful_votes,,"Love an alani, great flavor, and arrived already cold"
amazon,Alani Nu,review,R3N7K50NNP8LN5,2026-03-21,helpful_votes,,Solid flavor.
amazon,Alani Nu,review,R19I2WDT6EMA48,2026-04-04,helpful_votes,,I wanted the sherbet they sent me the breeze. Flavor was good. I drank it.
amazon,Alani Nu,review,R3M92J4I3SNM4J,2026-04-13,helpful_votes,,So so so good
amazon,Alani Nu,review,R1YVP7G81DDXP1,2026-04-16,helpful_votes,,This is hands down my favorite flavor!
amazon,Alani Nu,review,RN24PO80LUM5D,2026-04-18,helpful_votes,,One of my favorite flavors. Love love love 💗🧡💚
amazon,Ghost,review,R2KFGKG1D6Q0DP,2025-08-06,helpful_votes,,The great flavour is absolutely amazing. It reminds me of my childhood drinking Welches grape juice.
amazon,Ghost,review,RQZXBZ70K6MV0,2025-10-14,helpful_votes,,It is salty. I should have known it was going to be salty when it listed electrolytes in its ingredients. Electrolytes mean salt.Why won’t anyone create a diet grape energy drink that is noncarbonated and doesn’t have salt in it? I would pay five dollars a bottle for something like that. I’m desperate.I took one sip of this and gave the other bottles away.
amazon,Ghost,review,R3TJFVTK3GVD71,2025-12-09,helpful_votes,5.0,"I LOVE the Ghost Grape Energy Drinks, but I don't need that much caffeine.  Was hoping these would taste exactly like the energy drink.  The reality is they taste almost exactly like real welch's grape juice, with a slight late aftertaste, but does not have the carbonated bite of the energy drinks.  So, if you're just looking for a welch's grape flavored 0 sugar, super low calorie drink then it's a 5/5 banger.  If you're looking for a pure alternative to the energy drink that tastes the same, it's 3 of 5 stars.  Therefore, 4/5 overall.  I do hope Ghost continues these non-stimulating, no caffeine versions of their energy drinks."
amazon,Ghost,review,RDZ465858HBHF,2026-03-11,helpful_votes,,Not too sweet but with a good taste.
amazon,Ghost,review,R1YIES3FCBHS60,2026-03-16,helpful_votes,,Absolutely love this stuff. Taste is great easy no sugar vitamins helps you hydrate great value for your money. Everything about this is worth it and I mentioned it before but the taste is wonderful.
amazon,Ghost,review,R1HWLDORD7CR31,2026-03-28,helpful_votes,1.0,"My uncle was hospitalized due to several issues, mainly stemming from a severe dehydration issue. The price for this was on point, the flavor worked for him, and its effectiveness at keeping him properly hydrated with electrolytes kept him alive. I tried using the packets, but he wasn’t willing to do the extra step of adding it to his water."
amazon,Ghost,review,R39S3QCKC34ILD,2026-04-15,helpful_votes,,Delicious
amazon,Ghost,review,R1VZCPF53WG8N0,2026-04-16,helpful_votes,,Great tasting Hydration drink that I tried when out cycling so ended up buying more from Amazon.
amazon,Ghost,review,R2A9SHI1FNRAPM,2026-04-26,helpful_votes,1.0,Ghost nailed the Welch's grape flavor. One of my favorites
amazon,Celsius,review,RRP7U68RR50KR,2026-02-28,helpful_votes,6.0,"I really enjoy these drinks. I cannot drink carbonated drinks at all and can be very hard to find energy drinks that are not carbonated. People love bubbles but unfortunately they make me sick. The Celsius tastes good, low sugar, and does not make me have jitters. My energy level is increased and I do no crash or feel sick later."
amazon,Celsius,review,R1IJV7NA85FWZI,2026-03-16,helpful_votes,2.0,"I've been sharing these w  few ppl because they've asked how it is. Holy moly, this flavor is soooo good! Definitely worth the money & want to buy again. I love that it's fizz free & so do others. My husband, who's picky about his energy drinks even likes this one. I feel it gives me the energy I need to get through my work shifts."
amazon,Celsius,review,R2FSQ5W0K628N,2026-03-28,helpful_votes,1.0,Ordered these backseat of the dragonfruit lime flavor. This is one of my favorite flavors for celcius. The only reason it got a 4/5 star is because i thought it was carbonated and it is not!! It would be perfect if it was. I just mix it with a plain can of seltzer water for my carbonated fix. I get that people dont like fizzy drinks... just wish it came in a carbonated version.
amazon,Celsius,review,R64SXPHS0TPZA,2026-04-02,helpful_votes,3.0,Amazing taste and great energy.
amazon,Celsius,review,R2CLLS734JGBDE,2026-04-03,helpful_votes,1.0,Not my favourite flavour but I love frizz-free options and appreciate the variety in flavour options.
amazon,Celsius,review,R1WOBH1Y41UJXP,2026-04-18,helpful_votes,1.0,I absolutely love this flavor. It is very refreshing and the value for these is great. Will keep purchasing.
amazon,Celsius,review,R1ROLUR1FM04QL,2026-04-28,helpful_votes,1.0,Have order before in the past. Love the flavor and can only get it on amazon.
amazon,Celsius,review,R1UTT38UNLXF95,2026-05-07,helpful_votes,,Very very good
amazon,Celsius,review,R20XNYVD72XL3B,2026-03-20,helpful_votes,1.0,One can was busted open but the rest was good. Energy level was long and consistent. Value was good. Flavor was good. I love the Fizz Free!!!! No jitters. Very effective! No carbonation means no burps for me.
amazon,Celsius,review,R2QWCP5A045TKI,2026-04-06,helpful_votes,,They don’t sell this one in stores near me. They hit the pink lemonade flavor right on the head with this one.
amazon,Celsius,review,R1GBPGAQJCY062,2026-04-11,helpful_votes,,This was a brand new flavor for me and it is excellent I like the non fizz as much as as the original fizz flavors.it’s crisp and refreshing!
amazon,Celsius,review,R2Q5ZJBEZWXKF4,2026-04-12,helpful_votes,,Love the flavor. Actually tastes like lemonade.
amazon,Celsius,review,R3CLSJSZDTDRVE,2026-04-22,helpful_votes,1.0,"such a great deal! i love how they aren’t carbonated, no sugar, and have a ton of caffeine. this college student likes it!"
amazon,Celsius,review,RW5S6A392WDBV,2026-04-25,helpful_votes,,I purchase the Celsius package on Amazon because it is more bang for my buck as opposed to buying them at the gas station. This flavor is a little tart but still refreshing and good energy. 200 mg caffeine content.
amazon,Celsius,review,R2EMPAGMXDQ60Y,2026-05-03,helpful_votes,,"This beverage offers a delightful flavor profile, exhibiting a balanced tartness without the excessive acidity sometimes found in lemonades. It is notably more enjoyable when served chilled rather than at room temperature."
amazon,Celsius,review,R4CIZI78L9IHT,2026-05-06,helpful_votes,,Very tasty
amazon,,review,R23F5HO5SI9LXM,2026-03-24,helpful_votes,2.0,It’s hard to make sugar free good but these were hard to drink. I love a piña colada flavor but these were too battery acidic to even enjoy! I wanted to love them but can’t commit
amazon,,review,R19VOLPFR2BBG3,2026-03-28,helpful_votes,,3rd best flavor. Citrus is top then cream soda
amazon,,review,R2MU176P16K8L5,2026-04-10,helpful_votes,,One of my favorite flavors!! I don’t get overstimulated by the caffeine and the cognozin helps me focus while I work.
amazon,,review,RFUGLQTSEGZSP,2026-04-21,helpful_votes,,"Love Bum, and other flavors, but the Pina Colada flavor is not for me. Very fake fruit and sugary taste. My husband will drink most any energy drink if it’s in the house and he has avoided these like the plague."
amazon,,review,R2PIOPG94SA1IO,2026-05-02,helpful_votes,,So delicious.
amazon,,review,R3MNXJCGDJMM5A,2026-05-04,helpful_votes,,Amazing flavor will definitely buy again and again!!!!!!
amazon,,review,RQ3L2V0MBCM83,2026-05-04,helpful_votes,,Delicious
amazon,,review,R3JF7RDQXLUT29,2026-05-07,helpful_votes,,"I have enjoyed the Bum Energy Drinks for a few weeks now. I believe their Cognizin additive set it apart from other energy drinks. I have purchased both the pina colada flavor as well as the root beer and both are good but I do prefer the root beer over the pina colada. With having a fair amount of caffeine content but not overdoing it, provides a kick of energy without any jitters or crashes. All in all its effectiveness is well received and the flavors are good. I'd say it's a decent value for the money you spend and it offers quality ingredients with the Cognizin setting it apart from other beverages on the market. Well worth the price, choose the flavor you feel connects most to you and you'll be satisfied guaranteed."
amazon,Zipfizz,review,R3S4K84CYFLME3,2025-10-24,helpful_votes,,"New flavor to me… Strawberry Kiwi… I like it! Light and fruity, but not too sweet. I put over ice in a large cup with a straw and use 1 and 3/4, 20 oz bottles of water. I do this with all my flavors so they aren’t too strong. Very nice to sip on in the afternoons."
amazon,Zipfizz,review,RPHNE5ZVNS8BC,2025-10-31,helpful_votes,,"I LOVE ❤️ Zip Fizz love love love it!! This is one of my new favorite flavors it tastes amazing(, strawberry kiwi. )Excellent way to get your vitamin vitamins. Gives you true energy and not this burn out from sugar.!!This is a must by in my life I don’t ever run dry"
amazon,Zipfizz,review,RDW7UQ6R9S35K,2026-03-15,helpful_votes,,I have been drinking zip fizz almost daily for over 5 years now. It's such nice clean energy without the crash!
amazon,Zipfizz,review,R1LXQ6Q9X84TVI,2026-03-26,helpful_votes,,Works like it is advertised!
amazon,Zipfizz,review,R2S4SHAV1UA318,2026-04-13,helpful_votes,,Great taste and tons of vitamins!
amazon,Zipfizz,review,R3NZMUN3O7FNL0,2026-04-21,helpful_votes,,"Super pricey :/ but it's delicious and the only way I'll drink water. Keeps me will hydrated and are easy to keep in my purse, in my drawer at work and in my car."
amazon,Zipfizz,review,R3L5T7FXH9PMKT,2026-04-27,helpful_votes,,"Easy to use just add to 16 ounces of cold water, be sure there is a bit of room at the top of your bottle or cup as it does fizz up. I am disappointed in the flavor as it is very weak and has a funny aftertaste"
amazon,Zipfizz,review,R1UF9G4PNH9120,2026-05-04,helpful_votes,,"Ingredients are antioxidants and B 12, hydration, mix in any drink or water, work quick, give energy and focus.  Worth the money."
amazon,,review,R3LZU6YXPPJ0EC,2026-01-10,helpful_votes,18.0,Ive tried quitting Zynn a few times and always fell off after a few days to a week. These have 100% reduced the cravings and side effects of getting off nicotine/tobacco. Cool mint is by far the best tasting flavor of the 3. Tropical as stated in other reviews is good initially but does have an odd aftertaste.Cans are expensive but for reference I was going through 1.5-2 cans of zynn in a day whereas I use 4-5 pouches of these per day. Fully worth the price while quitting.
amazon,,review,R1A1A2UQ71ZFBI,2026-02-03,helpful_votes,14.0,"The Ultra pouches were not very high on my list when it came to quality and cost. I have tried the Alpha and the NZE pouches and based on flavor and cost these other pouches outperform the Ultra pouches. The flavors were not very pleasing to the pallet; the cool mint was the best. I found the pouches to be larger than other brands, although the pouches would not maintain very well after some moving around, they would break and the contents would be pasty and need to be discarded, leaving a funky aftertaste in the mouth. The cost at $45 for 3 cans is not cost effective for how long the product lasts, along with the unsavory flavors. My recommendation for those people looking to step away from Zin pouches or add these to your daily routine for the Nootropics is to find a lower cost brand that is better and more effective for the cost. Just my 2 cents."
amazon,,review,ROWGF2Q6HGV80,2026-02-04,helpful_votes,5.0,"I was looking for a nicotine replacement. These are a decent alternative. They are not as strong as even a 2mg or 3mg nicotine pouch. Flavor is great. The size and texture of the pouch is good. They do tend to consolidate to one side in the pouch, a tighter pouch might help hold the structure better. Everything is good id like for the effect to be increasingly stronger"
amazon,,review,R2N6AAW7MX1Z4X,2026-02-10,helpful_votes,9.0,"A buddy put me on to Ultras, and honestly the biggest benefit for me is the steady energy it gives me throughout the day. I work 12-hour shifts in a warehouse, and I recently switched to a position where I'm driving for 10+ hours straight, so staying focused is huge. These pouches give me the boost I need without the crash.I've cut back on Red Bulls like crazy. I used to drink three or more a day just because of gas-station deals, but now l don't need nearly as many. A couple of these pouches throughout the day does the job.I've been putting a lot of people on, and they've all been saying the same thing-more energy, better focus, and mental clarity."
amazon,,review,R28H6JZ97CKOZJ,2026-02-12,helpful_votes,5.0,I don't smoke or drink. So these work wonders for me. I can be super tired and popp one of these in and the tired just wears Way. I feel like my focus is there better but for me it's not crazy strong but it does work. I don't think u can be a smoker or have nicotine cravings and try to use these to supplement. Just wouldn't work. But they taste great and they last me about an hour or 2
amazon,,review,RXBGCXOUPWQMX,2026-04-13,helpful_votes,17.0,"I really wanted these to work but I honestly didn’t feel anything from them. I’ve been off caffeine for about seven months as I’m transitioning to a healthier lifestyle, and I’ve never been a coffee or energy drink person, just soda and teas, so my tolerance should be pretty low. I put the first pouch in about five minutes after waking up specifically to see if I’d notice a clear effect, and after about 45 minutes there was no change at all. My eyes still felt heavy from just waking up and there was no real energy boost, which makes me question whether it’s just placebo or under-dosed ingredients. At the hour mark, I had to take it out, all the flavor was gone and the only thing coming out was bitter nastiness.I assumed maybe I got a dud pouch on day one, so I gave it a second try on another day and still felt nothing. Same story: I left it in for a long time and kept waiting for a little lift in focus or alertness that never came. For a product that’s marketed as an energy/focus pouch, that’s pretty disappointing and not what I was expecting. The marketing makes it sound like you’ll feel a clean, noticeable boost, but that just wasn’t my experience at all.Flavor-wise they’re…meh, but nothing special. The pouches are a bit bitter, and it feels like they’re trying to cover that up with a ton of menthol. On the mango flavor I could barely taste any mango at all—just menthol dominating everything. It’s not terrible, but it’s definitely not something I look forward to using. Between the lack of effect and the so-so taste, there just isn’t much reason for me to keep using them.Overall, I won’t be ordering these again. It feels like it’s mostly clever branding and marketing, and they did manage to get me to try them once, but that’s about it. If you’re looking for a noticeable energy boost, I’d recommend looking elsewhere."
amazon,,review,R3LHYK1TMHV2QE,2026-04-18,helpful_votes,,Yeah. Love the flavor but 100% wil not be ordering again. Refused to pay over 5 dollars a can for chew or nicotine pouches. Be damned if im gonna spend 40 on 3. Ill purchase again when the whole rollis less than 30.
amazon,,review,R2O8EEAIO25FCD,2026-04-28,helpful_votes,2.0,"Medicine, acidic type  taste after 5 minutes. loses flavor quickly . Small product size, thin. Expensive for bad sharp medicinal tase. No noticeable energy or  focus change. Wont buy any ultra again."
amazon,Liquid Death,review,RZ0VY3OP1Y1YP,2025-12-14,helpful_votes,3.0,Great idea. I would prefer a non-carbonated version or less carbonated. If they make this in the same consistency as a red bull or monster I am sold.
amazon,Liquid Death,review,RBOUX2WC9JC0R,2025-12-26,helpful_votes,9.0,"This Liquid Death Sparkling Energy drink is pretty good. I like that it includes B vitamins and comes in a pack of 12, making it convenient for regular use. The flavor, Scary Strawberry, is not too sweet and has a nice fizzy feel. The sugar-free aspect is a plus since I avoid sugar. The caffeine kick is just right to keep me alert without jitters. Overall, it's a solid choice for an energy boost that feels fresh and energizing."
amazon,Liquid Death,review,R37CLX2PUVEKUJ,2026-01-13,helpful_votes,5.0,"I didn't know what to expect buying a Liquid Death energy drink, but I was plesantly surprised. It didn't feel too bitter, but it also didn't taste like pure flavoring either like some other drinks.I also appreciate it being low calorie and not overwhelming me with caffeine, just being enough to keep me alert without being jitteryFinally there's the price. Liquid Death isn't always a cheap brand, but considering that other energy drinks like Redbull retaill a 12 pack of 12oz for around the same price that you can buy these at, so your not paying a premium just for an effective energy drinkFlavor-wise, I've only tried the Strawberry/Lemon flavor which was nice, but I'm not in a rush to try the other flavors given they haven't been reviewed so highly."
amazon,Liquid Death,review,RQ2JJ8F4JFIK9,2026-01-18,helpful_votes,2.0,"I've loved the Liquid Death line for a while now, so I was eager to try the energy drinks. I purchased both the Murder Mystery and Scary Strawberry flavours.The SS flavour was delicious, a perfect balance of flavoring, sweetness, and water. The MM flavour wasn't nearly as good - as others have said, it's too artificially sweetened in flavour. I can't place its flavours, but they in isolation are actually decent. It's just the artificial-sweetener taste, aftertaste, and subsequent lingering affect on tasting other things properly that I don't like.Now, to be clear, they claim not to use any artificial sweeteners as such, using Stevia Leaf Extract and Allulose instead. But whatever they did in SS just doesn't work in MM. I'll finish it, but won't buy it again unless they revamp the flavour. I'll probably get SS again though."
amazon,Liquid Death,review,R3AIW98XWLF2ZX,2026-01-22,helpful_votes,11.0,"Was skeptical but this Liquid Death Sparkling Energy surprised me. Taste is solid, not overly sweet, and the natural flavor comes through. The caffeine level feels reasonable at 100mg and the drink is sugar-free, which I appreciate. It's middle of the pack compared to other energy drinks, but that just means it doesn't push extremes. The flavor could pop a bit more, but I'd totally buy it again."
amazon,Liquid Death,review,R3NMUFZ3R4ME8X,2026-02-12,helpful_votes,1.0,"Turned into my go-to energy drink. Sugar-free, 100mg caffeine, and B vitamins actually make a difference. Pack of 12 is super convenient and the shelf life is solid. The Strawberry and Lemon flavor is refreshing and not too sweet, which I appreciate. It gives me a clean energy boost without the buzz or crash. Totally worth it."
amazon,Liquid Death,review,RRIPRZJEF382L,2026-02-23,helpful_votes,1.0,"I was pleasantly surprised by this one. The Scary Strawberry flavor tastes great — not overly sweet or artificial like a lot of energy drinks. It has less caffeine than most, but the energy feels smooth and steady instead of a big spike and crash later.I also like the cleaner ingredients compared to typical options. If you want a lighter energy boost with a great taste and no harsh drop-off, this is definitely worth trying."
amazon,Liquid Death,review,R1S6B1QT7G03CB,2026-02-24,helpful_votes,2.0,I love Liquid Death’s water line so I figured I would give their energy drink a try. I am an ingredient purist and love the healthier ingredients and have to say the flavor is really enjoyable. I didn’t feel jittery at all and feel like this is the right amount of caffeine for me to stay awake and present for my kiddo. New fan on the West coast and will continue to look for it in my local grocery stores.
amazon,Liquid Death,review,R23V2W6T25NO6H,2025-12-22,helpful_votes,10.0,"Great idea, as I love the manufacturer and the other products. Unfortunately, this one has a sharp, rather unpleasant aftertaste. The flavor of the beverage is great. It's either the energy additive or the sweetener used. The smell and taste are good. The carbonation is in line with other similar LD beverages. I have no ill effects from their energy additive (i.e., no jitteriness, upset stomach, crashes, etc.)."
amazon,Liquid Death,review,R3VN19W3XCCRAZ,2025-12-28,helpful_votes,20.0,"As someone who was introduced to energy drinks through Celsius but has been drinking Liquid Death products for a long time now, I was very excited to see the brand come out with their own energy drink. The idea of a less-caffeinated drink is very appealing, plus the flavors advertised sounded good, especially the Murder Mystery one. The drink tastes fine. It is sweetened with Stevia, which I have no issue with and shouldn't be off-putting to most people. The real issue is the flavor of the drink. As with their sparkling water flavor Rootbeer Wrath, the taste is gone almost as soon as you swallow. And the aftertaste on this flavor is weird. It isn't undrinkable by any means—just not as good as other competitors."
amazon,Liquid Death,review,R2KI8UN937D0D3,2026-01-08,helpful_votes,5.0,Guilt free energy!!! I love these! A better alternative to the super sugary energy drinks. It makes me feel very focused without any jitterbugs! Very good value for the money especially if you subscribe and save! They are a great size. They arrived perfectly no leaks or dents. Very effective and great tasting drink.
amazon,Liquid Death,review,R2JJ0VUZ2ELUX3,2026-02-19,helpful_votes,3.0,"My favorite flavor of the new Liquid Death energy drinks!! Love how they make it more healthy with their science sorcery (allulose is a natural sweetener I didn’t know about, and it’s kind of amazing actually). Makes you feel good, only 5 calories, no weird stuff in it (unlike most energy drinks full of god knows what), and tastes like a cross between cherry coke and Dr Pepper. To me that’s frickin delish! Ps: Liquid Death - Please make the energy drink in cream soda flavor, it would be so bomb!!!"
amazon,Liquid Death,review,RCAYOXJT76CCX,2026-03-05,helpful_votes,,"Not gonna lie, it tastes delicious and isn't overly caffeinated. Great clean energy without jitters. I love that it's sugar-free and the cans are the right size. Packaging is cool and the variety pack is fun to try. Easy to buy, good carbonation, and the drink's temperature is right. Really happy with this purchase."
amazon,Liquid Death,review,R3755O67HW32ZC,2026-04-12,helpful_votes,,"These are great. They taste like Cherry Coke, give a nice amount of energy without jitters or a crash, and are only 5 calories! What’s not to love?! Seriously, a new staple for me."
amazon,Liquid Death,review,R1SU88IMOXMKNP,2026-05-04,helpful_votes,,Great value. Sugar free carbonated. Provides energy with no jitters. Made with real ingredients
amazon,Liquid Death,review,R2L14Z9NHBTPMO,2026-05-05,helpful_votes,,Wasn't sure to what to expect for the flavor but glad to see it's cola flavored. My friends say it's weak in flavor but I don't drink soda usually and it tastes pretty good to me.
amazon,Red Bull,review,R1YFCQ5HPAMKMB,2025-09-17,helpful_votes,,Das beste
amazon,Red Bull,review,R3GS11MZFF5TVD,2025-12-24,helpful_votes,,Ist pünktlich angekommen und noch 1 Jahr haltbar. Richtig gut
amazon,Red Bull,review,R3AEX7LGGURMWC,2026-02-20,helpful_votes,,"Product is phenomenal. The delivery is what sucks. They throw the case in box upside down and then just throw the box down on the ground upon delivery, so you may end up with some flat Red Bulls because a delivery driver hates his job. I would go to a store and buy it if it was an option but you can’t find anywhere else that sells by the case unfortunately."
amazon,Red Bull,review,RNIBSFE9N2RZ6,2026-03-05,helpful_votes,,"I LOVE this flavor, but I can’t find it in stores. It came out to a little under $3 per drink which isn’t horrible. Some of the pictures I saw on here there were some cans that got busted and it leaked all over the box but this wasn’t the case. Arrived in perfect condition although they could have put a little more packing paper in the box so they didn’t move around as much."
amazon,Red Bull,review,R33FAZBL8UB7JL,2026-03-07,helpful_votes,,"Dieser Red Bull Iced Vanilla Berry ist inzwischen mein absoluter Lieblingsgeschmack. Der Geschmack ist sehr angenehm, nicht zu süß und überhaupt nicht herb. Er lässt sich richtig leicht trinken und ist perfekt für unterwegs oder wenn man einfach einen kleinen Energie-Kick braucht.Die Kombination aus Vanille und Beeren ist wirklich gelungen und mal etwas anderes als die klassischen Sorten.Die Lieferung kam außerdem schnell und alles war gut verpackt.Für alle Red-Bull-Fans kann ich diese Sorte definitiv empfehlen!"
amazon,Red Bull,review,R5C68W87B919B,2026-03-26,helpful_votes,,"This #1 delight, is the bestest, smoothest, & most flavorful of all the Red Bull. Its not sour, its a TRUE DELIGHT; And also does the trick like all the other Red Bull."
amazon,Red Bull,review,R2WKGCR5JZTLD7,2026-03-31,helpful_votes,,"Love this flavor, great energy."
amazon,Red Bull,review,R3GQZQZK00GBVA,2026-04-11,helpful_votes,,Lecker lohnt sich
amazon,Red Bull,review,RT86593M4NXIL,2026-04-13,helpful_votes,,"“This flavor is really good! The vanilla and berry mix well together and it’s smooth, not too strong or overpowering. It’s refreshing and gives a nice energy boost without a weird aftertaste. Definitely one of the better Red Bull flavors—I would buy it again"
amazon,Red Bull,review,R1SR77E6SBPZN7,2026-04-13,helpful_votes,,One of the best flavors! Highly recommend
amazon,Red Bull,review,R1AEVS6WS3VTGK,2026-04-24,helpful_votes,,"Exactly what you think it is, minimal packaging 👍"
amazon,Red Bull,review,RKT9BQ37ONV5I,2026-04-29,helpful_votes,1.0,Love the Flavor
amazon,Red Bull,review,R16G3LE8SIP0CB,2026-05-10,helpful_votes,,"Der beste Red Bull. 🔥🔥🔥🔥 Der ist aber leider auch jetzt wieder im Automaten ausverkauft, deswegen ist diese Version am besten auszuwählen bei Amazon. Sehr schnelle Lieferung, ganze zwei Tage eher geliefert. Und unkompliziert mit GLS."
amazon,Red Bull,review,R12PZOMGEGVAJM,2026-03-20,helpful_votes,2.0,"Great value, easy shipment.  Red Bull and other similar drinks are allegedly not super healthy for you, so I mix 50% water and 50% Red Bull and go through 1 can about every 3 days.  A good little lift, perhaps less bad for my health.  The flavored ones are better, but I'll by this again."
amazon,Red Bull,review,R1C9OPP8SRGKPB,2026-03-29,helpful_votes,,"All the lift, none of the sugar crash. The variety pack keeps it interesting—Zero is clean and classic, Peach adds a smooth twist, and Iced Vanilla Berry is surprisingly good. Crisp, consistent energy without the heavy sweetness. Easy win."
amazon,Red Bull,review,R2YCOCE9LSL6AP,2026-03-29,helpful_votes,,Big fan of the sf iced vanilla berry. Peach is okay. I do not like the sf monkfruit redbull i have found out.
amazon,Red Bull,review,R2ETA7UNRSBOP2,2026-04-10,helpful_votes,1.0,We love these! great taste and value!
amazon,Red Bull,review,R3LGUFQELUWGAM,2026-04-14,helpful_votes,,I absolutely love the taste and energy boost of a cold Red Bull. They are so effective in getting me going. I prefer these over all of the others that I’ve tried. The sugar free version lacks nothing in sweetness. Never flat always carbonated. And so many varieties to choose from.
amazon,Red Bull,review,R3EK9WP73ER7P4,2026-04-30,helpful_votes,,Loved it - best price around delivered right to my door!
amazon,Red Bull,review,R1OUMJ7CHX7MTZ,2026-05-02,helpful_votes,,"Mmm, Red Bull. I actually don’t like the original standard flavor, but all other flavors of Red Bull are delicious."
amazon,Red Bull,review,R154M2NBR59319,2026-05-03,helpful_votes,,"These flavors are amazing. We thought we would try them at our drink station and they didn’t last long. It is a great variety for your daily energy we drink them with a splash of lemonade, one squirt of blue raspberry flavoring, one squirt of coconut flavoring, and add cold foam on top. Better thern any scooters energy drink."
amazon,Monster,review,R18BNAMUUK89QI,2026-01-20,helpful_votes,7.0,"The Bad Apple Monster is an outstanding example of how a simple, familiar idea can be transformed into something creative, meaningful, and memorable. By taking the well-known phrase “one bad apple spoils the bunch” and turning it into a literal monster, the concept immediately resonates with audiences. It feels clever without being confusing, and imaginative without being overcomplicated. From the moment you encounter the Bad Apple Monster, it’s clear that this is not just another generic creature, but a thoughtfully designed symbol with depth and personality.One of the strongest aspects of the Bad Apple Monster is its visual design. Apples are usually associated with health, sweetness, and simplicity, so seeing one twisted into something monstrous instantly creates a sense of unease. The contrast between the familiar and the corrupted is what makes the monster so effective. Whether the apple appears bruised, rotten, cracked open, or dripping with decay, every visual detail reinforces the idea that something once good has gone wrong. This visual storytelling makes the monster easy to recognize and hard to forget.Beyond its appearance, the Bad Apple Monster succeeds because of what it represents. It works on a symbolic level, suggesting how negativity, corruption, or bad behavior can spread and influence others. This makes the monster feel relevant and relatable rather than random. It can represent a toxic person in a group, a harmful idea, or even a personal flaw that grows if left unchecked. Because of this, the Bad Apple Monster can be interpreted in many different ways depending on the context, which adds to its strength as a concept.The Bad Apple Monster is also versatile. It can function effectively as a villain in a story, a cautionary figure in a lesson, or a creative character in artwork or games. In a narrative, it could be the source of corruption, slowly infecting everything around it. In an educational or moral context, it could serve as a visual reminder of the importance of accountability and positive influence. This flexibility makes it more valuable than a monster that exists purely to scare.Another impressive quality of the Bad Apple Monster is how it balances being unsettling with being engaging. While its rotten or corrupted features may be disturbing, there is also something oddly fascinating about it. This balance keeps it from becoming overwhelming or off-putting. Instead, it draws people in, encouraging them to look closer and think more deeply about what the monster represents. This is a difficult balance to achieve, and the Bad Apple Monster handles it well.Creativity is at the heart of this concept. Monsters often rely on extreme size, violence, or complexity to stand out, but the Bad Apple Monster proves that originality matters more. By grounding the monster in a familiar object and then subverting expectations, it achieves impact through clever design rather than excess. This makes it accessible to a wide audience while still feeling unique.Overall, the Bad Apple Monster is a highly effective and well-executed concept. Its strong symbolism, striking design, and versatility set it apart from more generic monsters. It leaves a lasting impression not just because of how it looks, but because of what it represents. The Bad Apple Monster is proof that powerful ideas don’t need to be complicated—they just need to be thoughtful, creative, and well realized."
amazon,Monster,review,R35M6D8DWY433R,2026-02-24,helpful_votes,2.0,"I think that it tastes really close to real apple juice. It's a little tart compared to the real thing, but not lip puckering.My only complaint is that I wish it came in a zero sugar or sugar free option. If I remember they're like 300 calories. Liquid calories don't keep you full. If you are dieting, but need caffeine for whatever reason this tasty option is not a good one, unfortunately."
amazon,Monster,review,R1HVB5OA4GP5VD,2026-03-12,helpful_votes,6.0,"Came to this drink after my “Rockstar Raspberry Lemonade No Carbonation” seemed to be discontinued. I LOVE this drink. It tastes exactly like a sweet (not overly artificial flavor) apple cider. The cider part due to its soft carbonation which is also refreshing. It has a great mouth feel, like a very light syrupy consistency. This is how I start every morning and can feel a mood difference when I can’t have it. If you love apple juice or any juice really try this out. There is also a little bit of “spices” towards the end of the drink. This is in no way overpowering or offputting if that’s not your thing (it’s not my thing). They are reminiscent of the bits at the bottom of your average hot cider. Overall great drink - really tasty and refreshing!"
amazon,Monster,review,R2850AX8SILA0Q,2026-04-09,helpful_votes,,"It's actually a really good energy drink taste really good not like the other monster's, there are not that many monster's that I like but this one it is one of them."
amazon,Monster,review,R3GR9D0ANTYVSH,2026-04-12,helpful_votes,,These are sooo good.  I wish they made a sugar free version.  One a day everyday to get me through nursing school.  Tasty.  Nice energy boost.
amazon,Monster,review,RB6O4I3NIBUZ3,2026-04-24,helpful_votes,,"These are my favorite since trying in the UK two years ago (Sept 2024) before it became available here, in the US. Its a red apple taste and I LOVE them!"
amazon,Monster,review,R21SUHD0TELPC5,2026-04-29,helpful_votes,1.0,The can design is badass and it tastes nice and crisp compared to some other juice flavors I've had. Sad that it keeps having inconsistent availability. Buying it in cases like this is most convenient.
amazon,Monster,review,R9JJ6FNVN889G,2026-05-07,helpful_votes,,It came on time and the flavor is like normal monster but with a hint of green apple at end
amazon,Alani Nu,review,RJC8WINJY6N67,2026-02-23,helpful_votes,,My fav
amazon,Alani Nu,review,R11TAEJB857YP3,2026-02-25,helpful_votes,,Arrived with no damaged cans
amazon,Alani Nu,review,R3RU622CFLN827,2026-02-26,helpful_votes,,Delivered so fast! I love this flavor
amazon,Alani Nu,review,R208SB2AHWQHHZ,2026-03-20,helpful_votes,,I love this flavor and it’s just good and refreshing. Very hard to find so I stocked up when I found it on sale. Honestly though I don’t notice if it actually gives me more energy. It’s just good. So good
amazon,Alani Nu,review,R2DA9Q9SSJTAGI,2026-03-25,helpful_votes,1.0,Alani definitely improved their winter flavor from last year. Last years winter flavor tasted like a spruce tree and this year is more a cranberry flavor.
amazon,Alani Nu,review,R1KDF9NWALUD66,2026-04-05,helpful_votes,,This flavor is the best.
amazon,Alani Nu,review,RPQ2M6V5YXPJT,2026-05-05,helpful_votes,,My FAVORITE flavor! Love that I get the option to buy in bulk on amazon!
amazon,Alani Nu,review,R2J4XJYU4PKQL,2026-05-07,helpful_votes,,Great buy
amazon,Monster,review,R3RN9AO95H1F77,2026-04-15,helpful_votes,4.0,I have a found a new favorite. I've tried several flavors and they were good but this one is cravable sweet flavor with just the right balance. It will be hard to find a flavor I like better.
amazon,Monster,review,R2LTHQ2GHWC9IF,2026-04-18,helpful_votes,2.0,Top monster flavor for me! Might be my favorite energy drink of all time! If you like fruit punch in any capacity you will love it!
amazon,Monster,review,R1JBFEU7MYPEML,2026-04-26,helpful_votes,1.0,one of my favorite flavors but without massive amounts of sugar
amazon,Monster,review,R3GYRXQWI8V6IB,2026-05-01,helpful_votes,1.0,Very tasty and refreshing and it gives me a little zip in my daily routine.
amazon,Monster,review,R1IGWT9RDW3Q7K,2026-05-03,helpful_votes,1.0,Great taste
amazon,Monster,review,R336BBFIMA42I8,2026-05-04,helpful_votes,1.0,Best flavor yet!!Can’t believe it’s sugar free
amazon,Monster,review,R1N11Y36NPVAH4,2026-05-07,helpful_votes,,Good product
amazon,Monster,review,R23J8IF8AMT68Q,2026-05-10,helpful_votes,,This is a good product and the taste is great however the only downside side is they have gotten more expensive then what I can get them for at my local grocery store so probably won’t be buying these anymore on Amazon anymore but either way it’s a good choice for flavor and it being sugar free is a plus.
amazon,Monster,review,R2RD32JMOJ7AJ9,2026-03-26,helpful_votes,,I LOVE Monster! I only drink the original one but this strawberry one is delicious. You’d forget that it’s an energy drink. Shipping was fast and the box it came in was super durable. I was expecting a beat up box but nope! This is a bit expensive but I think I’d do it again lol It’s just that good
amazon,Monster,review,R3BUMNQ3KUN7FE,2026-04-07,helpful_votes,1.0,I don’t actually drink monster energy drinks. I’ve been buying these for my son and this was a new flavor that came out that bypassed him and he was very excited to see that Amazon came out with a 24 pack for him to indulge in.My son‘s actual favorite flavor is the orange dream sickle but this one is definitely unacceptable replacement when he cannot get his hands on that sweet orange dream sickle flavor.
amazon,Monster,review,RMG9MGTDF8NCM,2026-04-14,helpful_votes,,Taste exactly how they should. Love this flavor! Arrived well. I thought they might leak or be flat but arrived perfectly fine! Very expensive though for 15 cans though.
amazon,Monster,review,R1QABRWCAPFPGO,2026-04-14,helpful_votes,,"Syrupy sugary sweet compared to original flavor, very ARTIFICIAL strawberry flavor. Plenty of carbonation, nothing flat or leaking when it arrived. Great caffeine kick, keeps you awake and alert. Not the best cost per can, but also not redburr expensive."
amazon,Monster,review,R3803DC4CNK47R,2026-04-16,helpful_votes,,Not bad for a monster with shot of strawberry good energy value for the effectiveness. Can size as well smooth taste.
amazon,Monster,review,R2NL5HEUBUTV2O,2026-04-23,helpful_votes,,"This has to be a psyop. They cancel their reserve flavors, which were the best ones they had. Then they sell stuff like this?Spoiler alert: You won't taste any strawberry flavor.  Maybe if you BELIEVE you're supposed to taste strawberry, you'll trick your taste buds.  I love strawberry flavored things...but these drinks just taste like regular green monsters.Very disappointed."
amazon,Monster,review,R55R7BURW152D,2026-04-25,helpful_votes,,Love this flavor one of my favorite 😁 I'm going to start buying on here better value save money 💰 would recommend
amazon,Monster,review,R3VD1YADCSOJMB,2026-05-06,helpful_votes,,My favorite flavored monster! It’s not as sugary like regular monster. Definitely will buy again
amazon,Pureboost,review,R1K2Y4DWEHSDDL,2020-02-01,helpful_votes,4.0,"I have been looking for a healthier, and frankly,  more affordable option then energy drinks.  I thought I would use them here and there but upon using my first day I noticed the difference in energy it gave me.  Far better then what I was experiencing with energy drinks.  Awake without the jitters.Please know I was a 1-3 energy drink each day for probably 3 years and every other day beyond that.  I thought I would never be able to stop.  It has now been 2 weeks since I have had one and do not crave one at all and feel so much better!!On the taste, it had a very vitamin and a bit tart taste when I first started drinking it. But now I enjoy the taste, would say I started to enjoy the taste on day 3. I would highly recommend if you are an energy drink junky like I was and wanting a change for the better! So happy for the change this product has brought to my life!"
amazon,Pureboost,review,RFYNTOR8DY2M0,2020-04-21,helpful_votes,,"Im new to energy drinks so I don’t have experience of many other products for comparison but I do know I enjoy these little packets. After I ordered them I was a little apprehensive regarding if I’d like the taste but no problem there. Each to their own, of course,  but I really enjoy the flavor and the slight fizz is nice, too. (I wasn’t expecting that from a powder.) And I can certainly tell I’ve taken a pick-me-up. I drank A LOT of coffee for many years and I like this so much better. Provides a Nice level of energy and increase in focus  but without sour stomach, jangly nerves or later harsh depleted feeling. In other words, just the good stuff. (To be fair, I was pretty outrageous with my coffee consumption and most of the negatives I just listed were probably due to my ridiculous behavior.) Short version: this will be the first thing on amazon I’ve put on recurring order. Oh, I also had a question and the vendor was pleasant and helpful."
amazon,Pureboost,review,RY85NY1G4VUBG,2024-08-14,helpful_votes,1.0,"These have a pretty good flavor and are a great alternative to soda. They have some slight fizz. I have been using them about a year and drink 1-2 a day. I recently had blood work, snd my B12 was too high. I was trying to figure out why bc my daily vitamin doesn’t have it, but then, I realized it’s very high in this"
amazon,Pureboost,review,R3LFS62QBSXT5A,2024-11-08,helpful_votes,,"My coffee habit has been replaced with Pure Boost!  The best thing about Pure Boost is that it gives me a good boost in the morning, like coffee, but without long lasting affects that make it hard to sleep at night.  There is no sucralose, an ingredient in many energy drinks that has  been proven to damage DNA.  Pure Boost cobtains vitamins and minerals so I don't need extra supplements. It also contains turmeric to ward off inflammation, ginger root for digestive health and grapefruit seed extract with antiviral, antibacterial and antifungal properties. It's an energy drink without any negative attributes but plenty of positive ones."
amazon,Pureboost,review,R1U7AJCTSWFTWM,2025-02-04,helpful_votes,14.0,"Highly recommend for a gym pre-workout for anyone looking for no jitters, no itch, just energy. Also good throughout the day as a pick me up!I love the taste, it's tart and and doesn't taste like artificial sweeteners which are an automatic no for my taste buds. It's clean energy, no jitters, no buzzing, no crash and I use it to boost me up for the gym, especially on 4:30 am days.I'm giving 4 stars instead of 5 just because when used on an empty stomach it can cause some upset for some people (just like any B vitamin complex, green tea can also have the same effect!) I like to go to the gym on an empty stomach and learned if I only used half a packet it didn't affect me at all and I still got a great boost, so there's definitely a work around and the product works so well it's worth it! (Plus only using 1/2 or 3/4 of a packet at a time saved me some money in the long run, so win-win)Now that I started intermittent fasting, this will break your fast because it has 25 calories and also 2 grams of carbs so if you're doing keto or fasting it's something to be aware of to fit it into your day properly.All in all fantastic product that I've been using for years"
amazon,Pureboost,review,R3L6LRWHI6JGKS,2025-06-30,helpful_votes,,"Why did you pick this product vs others?:I usually get zip fizz, but decided to try Pure Boost this time.  I really like the acai flavor, it is not at all overpowering, too sweet, and honestly, I like it not to fizz!  I'll buy it again for sure, it is also cheaper (well, it was this.time ?.?.)"
amazon,Pureboost,review,R188M822WRFOT7,2025-07-09,helpful_votes,10.0,"This is a tasty, convenient and fairly clean energy booster for on-the-go.  I love the ingredient profile and the taste.  I've used Pureboost for years, all the flavors (except greens IMHO) are outstanding.  And I appreciate that recently they've stopped using synthetic forms of vitamins B6 and B12 and gone to the natural, more bioavailable (and more expensive to include) forms of P5P and methylcobalamin, and also switched to folate.  These upgraded ingredients are fairly uncommon in energy drinks or powders.  It also has no sucralose (big for me from a gut perspective) but does include erythritol (which I am personally fine with).  Made in the USA.  Great for an afternoon pick me up.  No aftertaste.  I cannot say enough about this product, especially this flavor and the immune boost flavors as well."
amazon,Pureboost,review,R1FA5F47RDHFAR,2026-03-31,helpful_votes,1.0,"Advertises as ""clean"" energy - and advertises ""no sucralose"" but actually uses Erythritol as its primary sweetener, which is arguably worse than sucralose.I used this for a couple of months until I read the label and realized it.FYI - Erythritol is linked to a higher risk of heart attack and stroke and may affect blood clotting.  According to many doctors, it's considered worse than sucralose."
amazon,Alani Nu,review,R3DMYFL6H6Q2IZ,2026-04-17,helpful_votes,,My favorite drink! always arrives super fast
amazon,Alani Nu,review,R2H9SX4SU7K44S,2026-04-20,helpful_votes,1.0,"Favorite flavor! Shipped extremely fast- no box damage, great price! It’s a win"
amazon,Celsius,review,R274CC37L0NMG4,2026-04-30,helpful_votes,7.0,It’s pretty good for a summer drink. However I’m not sure I would get it again and pick it over other flavors at the store. Maybe a lil too sweet and candy-like flavor for me.
amazon,Celsius,review,R11F587AOQIXWX,2026-05-03,helpful_votes,1.0,So good! One of my favorite celsius so far.
amazon,Celsius,review,R1SZ1D32P2F10L,2026-05-05,helpful_votes,1.0,flavor is amazing! best one yet
amazon,Celsius,review,R1RRL78FJESD4T,2026-05-08,helpful_votes,2.0,This one is a miss for me. It tastes like a combo of Flintstones vitamins and lemon skittles. Still has the caffine kick so it comes in clutch as a last resort. But the flavor is more metallic/medicinal flavor than any one specific *tropical* fruit.
amazon,Celsius,review,R1AKCD95HJLETK,2026-05-10,helpful_votes,,Honestly my all time favorite flavor of Celsius. I wish they would not make this limited edition.
amazon,Celsius,review,R1BA1O965AEWCY,2026-05-12,helpful_votes,,Best flavor
instagram,Alani Nu,post,https://www.instagram.com/alaninutrition/p/DB1a0c_PZv4/,2024-11-01,likes_count,94000.0,Winter Wonderland ❄️NEW FLAVOR❄️ is coming SOON to bring on the cheer! 🎄🎁
instagram,Alani Nu,post,https://www.instagram.com/alaninutrition/p/DB9QEe4vJ7z/,2024-11-04,likes_count,56000.0,"❄️ WINTER WONDERLAND GIVEAWAY ❄️ (GIVEAWAY CLOSED)

Our festive new flavor is giving joy, so we’re sharing the cheer! 10 FOLLOWERS will WIN a Winter Wonderland Bundle with Energy and Pre-Workout+ 🌲

HOW TO ENTER:
🎁 Like this post & FOLLOW @AlaniNutrition
🎁 TAG a bestie who always sparkles
🎁 Share to your STORY for a bonus entry

T&Cs: 10 winners will receive (1) Winter Wonderland Energy 12PK and (1) Winter Wonderland Pre-Workout+. Only open to U.S. residents. You must be 18+ to enter. Prize valued at $69.98. Entries open until 11.05 at 12PM ET. Unlimited entries. All participants must be following @AlaniNutrition. Winners will be contacted via DM by 11.07 through our verified account. This giveaway is in no way sponsored, endorsed, administered by, or associated with Instagram."
instagram,Alani Nu,post,https://www.instagram.com/alaninutrition/p/DEknsV2Pctb/,2025-01-08,likes_count,404000.0,"WATERMELON WAVE GOT A FLAVOR ENCORE! 🍉🎤

New look AND taste ft. @megmoroney 🌸🎶"
instagram,Alani Nu,post,https://www.instagram.com/alaninutrition/p/DF5mAraPRQT/,2025-02-10,likes_count,116000.0,"🌅 STRAWBERRY SUNRISE HITS DIFFERENT! 🍓

A fresh, vibrant twist that brings the perfect sip!"
instagram,Alani Nu,post,https://www.instagram.com/alaninutrition/p/DF-vkTcvZDa/,2025-02-12,likes_count,117000.0,"🍓 STRAWBERRY SUNRISE MINI FRIDGE GIVEAWAY 🍓 (GIVEAWAY CLOSED)

Get ready to RISE & ENERGIZE besties, because we’re giving away 10 ALANI MINI FRIDGES stocked with Strawberry Sunrise Energy! 🌅✨

HOW TO ENTER:
🌼LIKE this post & TAG a bestie who BRIGHTENS your day!
🌼 Make sure you both FOLLOW @AlaniNutrition!
🌼 Share to your STORY for a bonus entry!

T&Cs: 10 winners will receive (1) Alani Nu Mini Fridge and (9) Strawberry Sunrise 12PKs. Only open to continental U.S. residents. You must be 18+ to enter. Prize valued at $599. Entries open until 2.13 at 12PM ET. Unlimited entries. All participants must be following @AlaniNutrition. Winners will be contacted via DM by 2.14 through our verified account. This giveaway is in no way sponsored, endorsed, administered by, or associated with Instagram."
instagram,Alani Nu,post,https://www.instagram.com/alaninutrition/p/DHGu8aNp2lR/,2025-03-12,likes_count,60000.0,"🩵 BLUE SLUSH GIVEAWAY 🩵 (GIVEAWAY CLOSED)

Want to join the SLUSH CLUB with @whitneyysimmons? 🤭
Our Blue Slush glow-up is HERE with an epic giveaway! 10 FOLLOWERS will win a SWEET BUNDLE of Blue Slush Energy & Pre-Workout+!

HOW TO ENTER:
⚡️ LIKE this post & TAG a bestie with BIG SLUSH ENERGY!
⚡️ Make sure you both FOLLOW @AlaniNutrition!
⚡️ Share to your STORY for a bonus entry!

T&Cs: 10 winners will receive (1) Blue Slush Energy 12PK and (1) Blue Slush Pre-Workout+. Only open to U.S. residents. You must be 18+ to enter. Prize valued at $64.98. Entries open until 3.13 at 12PM ET. Unlimited entries. All participants must be following @AlaniNutrition. Winners will be contacted via DM by 3.14 through our verified account. This giveaway is in no way sponsored, endorsed, administered by, or associated with Instagram."
instagram,Alani Nu,post,https://www.instagram.com/alaninutrition/p/DHoNRW0xfSw/,2025-03-25,likes_count,119000.0,"🎉 100,000 FREE 4PKS OF MINI ENERGY 🎉​
​
To celebrate 7 years of Alani, we’re giving away 100K 4-packs TOMORROW at 12 PM ET — only on our site. Set your alarms, because these will go fast! 🎂⏰​
.​
.​
.​
.​
T&Cs: The promotion is open to the first 100,000 customers while supplies last who add a 4pk Mini Energy to their cart on Alani Nu’s official website. No purchase necessary. Standard shipping rates apply. This offer is limited to one (1) FREE 4pk Mini Energy per customer, per email address, per shipping address, per billing address, per household, and per payment method. Only open to U.S. residents."
instagram,Alani Nu,post,https://www.instagram.com/alaninutrition/p/DKZ4IFzJBzd/,2025-06-02,likes_count,118000.0,"COTTON CANDY ENERGY — meet your new favorite flavor 💖🎡
 
Spun from YOUR flavor dreams, this new showstopping sip is a sweet twist on a classic 💫"
instagram,Alani Nu,post,https://www.instagram.com/alaninutrition/p/DKfBuEZR8Wa/,2025-06-04,likes_count,74000.0,"NEW FLAVOR GIVEAWAY: 🍬COTTON CANDY🍬 (GIVEAWAY CLOSED)
 
Grab your tickets bestie, it’s time for the MAIN EVENT! 💫️We’re gifting 10 LUCKY FOLLOWERS with a 12-pack of our newest showstopping energy flavor, Cotton Candy 💞
 
HOW TO ENTER:
🎟️ LIKE this post & TAG a showstopping bestie!
🎟️ Make sure you both FOLLOW @AlaniNutrition!
🎟️ Share to your STORY for a bonus entry!
 
Giveaway ends on 06/05/2025 at 12:00 PM EST. Must be 18+ and a US legal resident to enter. This giveaway is in no way affiliated with Instagram. Good luck!
 
Note: Winner will be contacted directly via the @Alaninutrition Instagram account- No other accounts are represented by Alani Nutrition.
 
Go to alaninu.com/giveaway to see all Official Rules to enter! NO PURCHASE NECESSARY TO ENTER OR WIN. A PURCHASE DOES NOT INCREASE YOUR CHANCES OF WINNING. VOID ELSEWHERE AND WHEREVER PROHIBITED. Sponsor: Alani Nutrition LLC."
instagram,Alani Nu,post,https://www.instagram.com/alaninutrition/p/DM8GM78Jz7U/,2025-08-04,likes_count,96000.0,"No tricks, ALL treats — WITCH’S BREW IS BACK 🍏✨

The coveted fall flavor you know & love returns 8.06! 💜🕸️"
instagram,Alani Nu,post,https://www.instagram.com/alaninutrition/p/DNBPzEQpReS/,2025-08-06,likes_count,65000.0,"🍏 ALANI NU WITCH’S BREW GIVEAWAY 🍏  (GIVEAWAY CLOSED)

Grab your ghouls — it’s GIVEAWAY time! 🦋🧙‍♀️10 lucky followers will win a bundle of our most coveted fall flavor: Witch’s Brew! Each bundle includes a 12-pack of Witch’s Brew Energy and our NEW 30-serve Witch’s Brew Pre-Workout+ 💜🍏

HOW TO ENTER:
🕸️ LIKE this post & tag your bestie!
🕸️ Make sure you both FOLLOW @AlaniNutrition!
🕸️ Share to your STORY for a bonus entry!

Giveaway ends on 08/07/2025 at 12:00 PM EST. Must be 18+ and a US legal resident to enter. This giveaway is in no way affiliated with Instagram. Good luck!

Note: Winners will be contacted directly via the @AlaniNutrition Instagram account - No other accounts are represented by Alani Nutrition.

Go to https://www.alaninu.com/giveaway to see all Official Rules to enter! NO PURCHASE NECESSARY TO ENTER OR WIN. A PURCHASE DOES NOT INCREASE YOUR CHANCES OF WINNING. VOID ELSEWHERE AND WHEREVER PROHIBITED. Sponsor: Alani Nutrition LLC."
instagram,Alani Nu,post,https://www.instagram.com/alaninutrition/p/DQmhaTckVTw/,2025-11-03,likes_count,70000.0,"WINTER WONDERLAND IS BACK — new look & taste! ❄️☃️🦩​

With ribbons of cranberry & sugar plum, this season’s hottest sip returns 11.05 🌴💝​"
instagram,Alani Nu,post,https://www.instagram.com/alaninutrition/p/DQrq_tCESHu/,2025-11-05,likes_count,33000.0,"☃️ ALANI NU WINTER WONDERLAND GIVEAWAY ☃️ ​ (GIVEAWAY CLOSED)

Get ready to unwrap our newest seasonal sip! 💝 10 lucky followers will win our newest Winter Wonderland bundle! ❄️ Each bundle includes a 12-pack of Winter Wonderland Energy & a 30-serve tub of Winter Wonderland Pre-Workout+ 🦩🌴 ​
​
HOW TO ENTER: ​
🪩 LIKE this post & tag your bestie! ​
🪩 Make sure you both FOLLOW @AlaniNutrition! ​
🪩 Share to your STORY for a bonus entry! ​
​
Giveaway ends on 11/06/2025 at 12:00 PM EST. Must be 18+ and a US legal resident to enter. This giveaway is in no way affiliated with Instagram. Good luck! ​
Note: Winners will be contacted directly via the @AlaniNutrition Instagram account - No other accounts are represented by Alani Nutrition. ​
Go to https://www.alaninu.com/giveaway to see all Official Rules to enter! NO PURCHASE NECESSARY TO ENTER OR WIN. A PURCHASE DOES NOT INCREASE YOUR CHANCES OF WINNING. VOID ELSEWHERE AND WHEREVER PROHIBITED. Sponsor: Alani Nutrition, LLC."
instagram,Alani Nu,post,https://www.instagram.com/alaninutrition/p/DVMECWKkfts/,2026-02-25,likes_count,54000.0,"🍋‍🟩 ALANI NU LIME SLUSH ENERGY GIVEAWAY 🍋‍🟩 (GIVEAWAY CLOSED)

Spring just got SWEETER 🏄‍♀️ We’ve officially entered a slushie state of mind with Lime Slush Energy, and we’re giving away 75 bundles made to fuel your next escape 👙🌴

☀️ 25 Grand Prize Winners will receive an AWAY™ Suitcase, Passport Cover, & one 12pack of each of our four Alani Slush Energy Flavors
☀️ 25 VIP Prize Winners will receive a BrüMate™ Rolling Cooler & one 12pack of each of our four Alani Slush Energy Flavors
☀️ 25 Energy Winners will receive one 12pack of each of our four Alani Slush Energy Flavors

Your getaway starts here, bestie 🍋‍🟩👀

HOW TO ENTER:
🧊 Like this post & tag your destination trip-lovin’ bestie
🧊 Follow @AlaniNutrition
🧊 Share to your story for a bonus entry

Next stop: SLUSH FALLS✨🗺️

Giveaway ends on 2/26/26 at 12:01 PM EST. Must be 18+ and a US legal resident to enter. This giveaway is in no way affiliated with Instagram. Good luck! Note: Winners will be contacted directly via the @AlaniNutrition Instagram account – No other accounts are represented by Alani Nutrition.

Go to alaninu.com/blogs/alani-nu-giveaways/alani-nu-lime-slush-energy-giveaway to see all Official Rules to enter! NO PURCHASE NECESSARY TO ENTER OR WIN. A PURCHASE DOES NOT INCREASE YOUR CHANCES OF WINNING. VOID ELSEWHERE AND WHEREVER PROHIBITED. Sponsor: Alani Nutrition, LLC."
instagram,Alani Nu,post,https://www.instagram.com/alaninutrition/p/DWzCK0_ES9s/,2026-04-06,likes_count,51000.0,"Consider this your invite bestie... We’re celebrating 8 years of Alani with a FREE* Energy 6PK, from us to you! 🎂💖

The party starts TOMORROW, 4.07 at 12PM EDT on our site –– see you there 🤭

*Only Pay Shipping & Tax. While Supplies Last or until 11:59 am EDT on 4.8.  Limit 1 per household. Additional terms and exclusions apply: alaninu.com/pages/faq"
instagram,Bang,post,https://www.instagram.com/bangenergy/p/DW6rYWeksN4/,2026-04-02,likes_count,144.0,"Stay strong out there friends, festival season is here🕺🪩"
instagram,Bang,post,https://www.instagram.com/bangenergy/p/DXKILUNAexI/,2026-04-02,likes_count,435.0,"*CLOSED*

🚨ALL THIS COULD BE YOURS🚨

Enter to win 👉a Year Supply of Lime Pop Drop

How to enter👉click the link in bio

*18+ U.S. Only.*"
instagram,Bang,post,https://www.instagram.com/bangenergy/reel/DXpBtK3ynGu/,2026-04-02,likes_count,66.0,You can count on us to be there when things get tough.
instagram,Bang,post,https://www.instagram.com/bangenergy/reel/DW_6kD1DkdF/,2026-04-11,likes_count,274.0,"Never let them know your next move…🤫

Also can someone lmk if it’s a street dog or a glizzy? Thx.👇"
instagram,Bang,post,https://www.instagram.com/modelvolleyball/reel/DXSTmC3kRFQ/,2026-04-18,likes_count,192.0,ALL the vibes with @bangenergy ⚡️
instagram,Bang,post,https://www.instagram.com/bangenergy/reel/DXUkE3tkS4U/,2026-04-19,likes_count,117.0,"Miamiiiii, how tf we feelin’ baby⁉️

From the courts to dance floor, @modelvolleyball kept the ✨energy✨and the vibes high"
instagram,Bang,post,https://www.instagram.com/bangenergy/p/DXcgB__GcTR/,2026-04-22,likes_count,141.0,"Just had a Bang, ✨hallelujah✨"
instagram,Bang,post,https://www.instagram.com/bangenergy/reel/DXksCl3jhVN/,2026-04-25,likes_count,235.0,Tag that one friend that never wants to leave the main stage 💀👇
instagram,Bang,post,https://www.instagram.com/ampexclusive/p/DXz9dtXFl4a/,2026-05-01,likes_count,32000.0,AMP THE GOLDEN BACHELOR 💍 OUT NOW
instagram,Bang,post,https://www.instagram.com/bangenergy/p/DXziZexjvVA/,2026-05-01,likes_count,611.0,"“I said what I said”
- Gen Z employee"
instagram,Bang,post,https://www.instagram.com/bangenergy/reel/DX2OR2ODdJJ/,2026-05-02,likes_count,148.0,Just what the doctor ordered 😮‍💨
instagram,Bang,post,https://www.instagram.com/bangenergy/reel/DX7X1IkgTUa/,2026-05-04,likes_count,133.0,✨Life is worth livingggggggg✨
instagram,Bang,post,https://www.instagram.com/bangenergy/p/DYAvJgSCQ7N/,2026-05-06,likes_count,260.0,"Which bev are you going to save👀? The choice is yours.

oh, and ✨Happy National Bevvy Day✨"
instagram,Bang,post,https://www.instagram.com/bangenergy/reel/DYIPzW4mlwr/,2026-05-09,likes_count,124.0,"like we never left, bc we didn't"
instagram,Bang,post,https://www.instagram.com/bangenergy/p/DYQXBfBDD2k/,2026-05-12,likes_count,909.0,🧊🧊🧊
instagram,Celsius,post,https://www.instagram.com/celsiusofficial/p/DV1gQAxifV0/,2026-03-13,likes_count,1714.0,"Close the laptop & grab a can (you made it to the weekend) 👏
LIVE. FIT. GO. CELSIUS."
instagram,Celsius,post,https://www.instagram.com/slam/p/DV_c4VHkbug/,2026-03-17,likes_count,33000.0,"March isn’t ready, but Azzi is. The People’s Princess fueled by @celsiusofficial. 
LIVE. FIT. GO."
instagram,Celsius,post,https://www.instagram.com/slam/reel/DWB0DNykbnD/,2026-03-18,likes_count,4268.0,"Behind the Vibe with the one & only @azzi35 🏀
LIVE. FIT. GO"
instagram,Celsius,post,https://www.instagram.com/celsiusofficial/reel/DWRkUhvxOnG/,2026-03-24,likes_count,1918.0,"When you both want to be the passenger princess 👏 @sidequestdj

DISCLAIMER: Do not try this at home!"
instagram,Celsius,post,https://www.instagram.com/celsiusofficial/p/DWmMR02Ebs2/,2026-04-01,likes_count,12000.0,"good things come in small packages....👀

okay but should we actually drop minis?? #aprilfools"
instagram,Celsius,post,https://www.instagram.com/celsiusofficial/reel/DWzL9h-prjW/,2026-04-06,likes_count,2108.0,What’s your vibe today? 🍓🥥🥭
instagram,Celsius,post,https://www.instagram.com/celsiusofficial/reel/DW9QVRvO53Q/,2026-04-10,likes_count,929.0,"Consider this your boarding call ✈️ From takeoff to the main stage we’ll meet you at Breakaway in 2026! 🎶

@breakaway"
instagram,Celsius,post,https://www.instagram.com/celsiusofficial/p/DXKWJE5kdOa/,2026-04-15,likes_count,1993.0,"kicked off festival season at full volume 🎶🎧 

@breakaway"
instagram,Celsius,post,https://www.instagram.com/celsiusofficial/reel/DXW_1xcxlqf/,2026-04-20,likes_count,14000.0,"we’re just warming up ⚡ something electric is coming this week...​
LIVE. FIT. GO."
instagram,Celsius,post,https://www.instagram.com/celsiusofficial/reel/DXZksuNiIJG/,2026-04-21,likes_count,2996.0,"we’re about to touch down in LA ⚽️ & you won’t want to miss this!!​ stay tuned as we take over the pitch👏⚡​
LIVE. FIT. GO."
instagram,Celsius,post,https://www.instagram.com/celsiusofficial/reel/DXb1CgKCA_j/,2026-04-22,likes_count,13000.0,"electric vibe hits the field tonight & is available for a limited time only!⚡
LIVE. FIT. GO.​"
instagram,Celsius,post,https://www.instagram.com/celsiusofficial/reel/DXhMY7wixGa/,2026-04-24,likes_count,1914.0,"the third annual celsius classic (soccer edition) ⚽️ the crossover of the year with our most electric drop yet⚡️
LIVE. FIT. GOAL."
instagram,Celsius,post,https://www.instagram.com/celsiusofficial/reel/DX2Vyo7J6RZ/,2026-05-02,likes_count,2139.0,miami race weekend 🤝 celsius run club 🤝 national fitness day
instagram,Celsius,post,https://www.instagram.com/celsiusofficial/p/DYDMGGKiQsF/,2026-05-07,likes_count,3059.0,"consider this your sign to run & try electric vibe now⚡
LIVE. FIT. GO."
instagram,Celsius,post,https://www.instagram.com/celsiusofficial/p/DYP_TdHCTDl/,2026-05-12,likes_count,7843.0,if tuesday had a flavor we vote it’s cherry cola 🥤
instagram,Monster,post,https://www.instagram.com/monsterenergy/p/DXo6PeMFI9M/,2026-04-27,likes_count,24000.0,"Postcards from @helgasons_cream_fest 🍦 

#MonsterEnergy #Snow #Snowboarding"
instagram,Monster,post,https://www.instagram.com/monsterenergy/reel/DXrpx8lDv_U/,2026-04-28,likes_count,41000.0,"14 days of straight sends 🫡 @Nyjah

Watch Nyjah’s “Return to Sender” Tour edit, now playing on @ThrasherMag.

📹 @spencerburdock 

#MonsterEnergy #Skate"
instagram,Monster,post,https://www.instagram.com/monsterenergy/reel/DXr8xOMEqCM/,2026-04-28,likes_count,7957.0,"monster rig’s always a vibe
 
#Stagecoach2026 #MonsterEnergy"
instagram,Monster,post,https://www.instagram.com/monsterenergy/reel/DXzHF5rhWs9/,2026-04-30,likes_count,9447.0,"Exclusive merch drop 🔥
 
Buy Monster, win exclusive Still the Problem merch! Learn more at the link in bio.
 
#MonsterEnergy #UnleashtheBeast"
instagram,Monster,post,https://www.instagram.com/monsterenergy/p/DXz1XeFiWx8/,2026-05-01,likes_count,18000.0,"Miami livin’ 💨

#MonsterEnergy #Drift"
instagram,Monster,post,https://www.instagram.com/monsterenergy/reel/DX9klDIShyz/,2026-05-04,likes_count,28000.0,"Went for it a second time 😵‍💫 @HarryBink 

#MonsterEnergy #FMX #Moto"
instagram,Monster,post,https://www.instagram.com/monsterenergy/reel/DX9oAW7hptX/,2026-05-05,likes_count,9470.0,"Creamfest delivered 📬

Full video now live @halldor_helgason’s YouTube channel.

#MonsterEnergy #Snowboard"
instagram,Monster,post,https://www.instagram.com/monsterenergy/p/DX9aWqDlJpD/,2026-05-05,likes_count,12000.0,"THINGS WE LOVE TO SEE 😮‍💨 @McLarenF1

A big weekend in Miami with a 1-2 in the sprint and 2-3 in Sunday’s race 👏

#MonsterEnergy #McLarenF1"
instagram,Monster,post,https://www.instagram.com/monsterenergy/reel/DYAPNPoSQ4z/,2026-05-06,likes_count,13000.0,"AIRTIME FOR DAYS 📏

#MonsterEnergy #MTB"
instagram,Monster,post,https://www.instagram.com/monsterenergy/p/DYC_cFGlE_P/,2026-05-07,likes_count,8340.0,"Down days in AK 🤳

🏠 @TordrilloHeli

#MonsterEnergy #Snowboarding"
instagram,Monster,post,https://www.instagram.com/monsterenergy/reel/DYFrDj6v8TG/,2026-05-08,likes_count,107000.0,"Ready to take his belt back 😤 @StricklandMMA

Watch Khamzat Chimaev vs. Sean Strickland for the Middleweight belt on Saturday at 6pm PT on @ParamountPlus.

#MonsterEnergy #UFC328"
instagram,Monster,post,https://www.instagram.com/monsterenergy/p/DYJIcOyFH7I/,2026-05-09,likes_count,26000.0,"THAT’S A WRAP 🏆 @SupercrossLIVE

@ChaseSexton takes the 450SX Main Event win with @Cole17Davies securing the 250SX East/West Showdown in Salt Lake City.

#MonsterEnergy #SupercrossLIVE #Supercross"
instagram,Monster,post,https://www.instagram.com/monsterenergy/reel/DYMzqVPSCgl/,2026-05-11,likes_count,8021.0,"This start in Le Mans is worth the replay 😵‍💫 @MotoGP 

#MonsterEnergy #MotoGP #Motorsport"
instagram,Monster,post,https://www.instagram.com/monsterenergy/reel/DYPitIIBE8q/,2026-05-12,likes_count,4715.0,"The crew putting on a clinic 📈 

#MonsterEnergy #Skateboarding"
instagram,Monster,post,https://www.instagram.com/druski/reel/DXpP3_6gjCL/,,likes_count,,
instagram,Prime,post,https://www.instagram.com/drinkprime/reel/DNLhoKuNLuV/,2025-08-10,likes_count,36000.0,Orange Kream 🍊 Only at @circlekstores 15 calories. 0 sugar. #DRINKPRIME #primefounder
instagram,Prime,post,https://www.instagram.com/ksi/p/DNTYljJsuQT/,2025-08-13,likes_count,202000.0,"Easily the coolest PRIME bottle we’ve done 
#PrimeFounder"
instagram,Prime,post,https://www.instagram.com/drinkprime/reel/DPXE6McjKYp/,2025-10-03,likes_count,47000.0,"$1,000,000 secured. 🏆💰 #DRINKPRIME"
instagram,Prime,post,https://www.instagram.com/drinkprime/p/DRKkjrLkf7c/,2025-11-17,likes_count,93000.0,"Snowball Slushy ❄️ Winter in a bottle. #DRINKPRIME 

#Electrolytes #ZeroAddedSugar #NoArtificialDyes"
instagram,Prime,post,https://www.instagram.com/mdmotivator/reel/DRklkDSAHGd/,2025-11-27,likes_count,396000.0,"“I have 9 girls and 1 boy” 🥹❤️ @mdmotivator @bigsean @drinkprime 

None of this happens without partners who believe in real impact. @drinkprime made it possible for @bigsean and I to pour back into Detroit! ❤️"
instagram,Prime,post,https://www.instagram.com/mdmotivator/reel/DSvTlhyk_-o/,2025-12-26,likes_count,204000.0,"“I pray I can walk again” 🥹❤️ @mdmotivator @fchwpo 

Thank you @drinkprime for bringing real impact to Babson College and blessing Shayla’s beautiful family this holiday season. Be kind and love always ❤️"
instagram,Prime,post,https://www.instagram.com/drinkprime/reel/DTgLhMxktW3/,2026-01-14,likes_count,156000.0,"Our PROTEINLOCK™ process uses advanced filtration to concentrate milk’s natural protein and reduce sugar — creating ultra-filtered milk that’s smooth, delicious, and made to help you hit your protein goals. 

✅ 32g of protein 
✅ 3g of sugar
✅ 150 calories
✅ lactose free
✅ no carrageenan

Available now on @amazon @target @vitaminshoppe"
instagram,Prime,post,https://www.instagram.com/zackdfilms/reel/DTqe-zolcuZ/,2026-01-17,likes_count,510000.0,Why Some Milk Is Better Than Others 🤔 #sponsored #partnership
instagram,Prime,post,https://www.instagram.com/drinkprime/reel/DTx8EQnjIBt/,2026-01-21,likes_count,172000.0,"Value your time? drink prime.
32g of protein per can.
Now available in store and online @vitaminshoppe"
instagram,Prime,post,https://www.instagram.com/drinkprime/reel/DT8Jya-jA2Y/,2026-01-25,likes_count,41000.0,"Protein, done better.

✅ 32g of protein 
✅ 3g of sugar
✅ 160 calories
✅ no carrageenan
✅ 0.5g fat 

All statements are comparing the products depicted in the video."
instagram,Prime,post,https://www.instagram.com/drinkprime/p/DU6JXgTj_Pz/,2026-02-18,likes_count,186000.0,Make Pain Respect You. UNC & Haddy x PRIME. 💪 Workout drops Sunday.
instagram,Prime,post,https://www.instagram.com/jessejameswest/reel/DVEV7IJkSAs/,2026-02-22,likes_count,58000.0,"What are bros training for?? 

@drinkprime @loganpaul @jessejameswest"
instagram,Prime,post,https://www.instagram.com/loganpaul/reel/DWW3riCiYKj/,2026-03-26,likes_count,24000.0,We’ve done it: 32g protein + 3g creatine. Ready when you are @drinkprime
instagram,Prime,post,https://www.instagram.com/drinkprime/reel/DXKIKM5DCOr/,2026-04-15,likes_count,32000.0,@ksi literally had one job 😭❌
instagram,Prime,post,https://www.instagram.com/ksi/reel/DXZN82ljNDY/,2026-04-21,likes_count,115000.0,Creators rating @drinkprime Protein out of 10!
instagram,Reign,post,https://www.instagram.com/reignbodyfuel/reel/DV6qAWwjxKo/,2026-03-15,likes_count,12000.0,"Nothing worse than trying to lock in, and your best friend won’t shut up.

#REIGNBodyFuel #TotalBodyFuel #GymreapersWodapalooza"
instagram,Reign,post,https://www.instagram.com/reignbodyfuel/reel/DV9vTisjwgw/,2026-03-16,likes_count,577.0,"Our athletes went to work on the floor and brought the energy to Miami 🤝 

See you at the next @wodapalooza 🌴

#REIGNBodyFuel #TotalBodyFuel"
instagram,Reign,post,https://www.instagram.com/reignbodyfuel/reel/DWCTXwDDxgD/,2026-03-18,likes_count,242.0,"Two weeks. 
Two iconic events. 
One team that REIGNS.

#REIGNBodyFuel #TotalBodyFuel"
instagram,Reign,post,https://www.instagram.com/reignbodyfuel/p/DWHKjtIj3eh/,2026-03-20,likes_count,1076.0,"Which flavor are you choosing for your Friday workout? 🤔
 
#REIGNBodyFuel #TotalBodyFuel"
instagram,Reign,post,https://www.instagram.com/reignbodyfuel/reel/DWUDax3hT46/,2026-03-24,likes_count,120.0,"No shortcuts. No excuses. 

It’s only you vs you out there 💪
 
#REIGNBodyFuel #TotalBodyFuel"
instagram,Reign,post,https://www.instagram.com/reignbodyfuel/reel/DWZNCe5Dz6Y/,2026-03-27,likes_count,592.0,"Once you FUEL 🆙, it’s time to put in that WORK 😤

#REIGNBodyFuel #TotalBodyFuel"
instagram,Reign,post,https://www.instagram.com/reignbodyfuel/p/DWrjP9PFHu3/,2026-04-03,likes_count,324.0,"FUELING your arm days one 🍊 at a time
 
Who’s getting after the pump today?
 
#REIGNBodyFuel #TotalBodyFuel"
instagram,Reign,post,https://www.instagram.com/reignbodyfuel/reel/DW4HaBsj18O/,2026-04-08,likes_count,2708.0,"Max Weight. Max Focus.
 
@anikhagreer is always pushing past her limits 😤

#REIGNBodyFuel #TotalBodyFuel"
instagram,Reign,post,https://www.instagram.com/reignbodyfuel/reel/DW9QlDdj1Bv/,2026-04-10,likes_count,985.0,"Officially 2 months of Watermelon Sour Gummy 🍉
 
Who has this flavor in their number 1 spot now? 👀
 
#REIGNBodyFuel #TotalBodyFuel"
instagram,Reign,post,https://www.instagram.com/reignbodyfuel/reel/DXE-jD7hgAi/,2026-04-13,likes_count,78.0,"Inside or outside the gym, the work stays the same 😤
 
#REIGNBodyFuel #TotalBodyFuel"
instagram,Reign,post,https://www.instagram.com/reignbodyfuel/reel/DXaFdipEtWW/,2026-04-21,likes_count,931.0,"Grit in every moment. Glory in every milestone 👊
 
 
#REIGNBodyFuel #TotalBodyFuel"
instagram,Reign,post,https://www.instagram.com/reignbodyfuel/reel/DXhn-uED3rP/,2026-04-24,likes_count,491.0,"Watermelon Sour Gummy → Putting in that WORK 😤

#REIGNBodyFuel #TotalBodyFuel"
instagram,Reign,post,https://www.instagram.com/reignbodyfuel/p/DXpByZVm0pN/,2026-04-27,likes_count,201.0,"Built on discipline. Powered by focus. 

Drop a 🔥 if training season is every season.

#REIGNBodyFuel #TotalBodyFuel"
instagram,Reign,post,https://www.instagram.com/reignbodyfuel/p/DXzU6bvCU2n/,2026-05-01,likes_count,247.0,"New month. Friday Workout. Perfect combo 😎

#REIGNBodyFuel #TotalBodyFuel"
instagram,Reign,post,https://www.instagram.com/reignbodyfuel/p/DYFiuTID4zf/,2026-05-08,likes_count,1732.0,Is SOUR GUMMY WORM the most underrated flavor? 🤔
instagram,Rockstar,post,https://www.instagram.com/rockstarenergy/reel/DW9UKUOABPj/,2026-04-10,likes_count,5328.0,"@fredricaasbo 🤝 @chrisjoslin_ 

We threw 2025 Skater of the Year, Chris Joslin in a ride along with 3 time @formulad champion, Fredric Aasbø and the result is pure gold 🤣 We’re here in Long Beach for the kickoff of the 2026 Formula Drift szn, tune in! 💨"
instagram,Rockstar,post,https://www.instagram.com/rockstarenergy/reel/DW-GlB-D_sZ/,2026-04-10,likes_count,521.0,"After 2 long years of contemplating one trick, @DennisEnarson and the crew finally made it happen & rode away with one of the gnarliest clips of his career. Join us behind the scenes of the Process, feating Dennis Enarson. Playing now at the link in bio 🎥"
instagram,Rockstar,post,https://www.instagram.com/rockstarenergy/p/DXA_EEflLRo/,2026-04-11,likes_count,2972.0,"Massive congratulations to @fredricaasbo, who took home second place at the @formulad season opener in Long Beach 💨 Show Freddy some love in the comments ⬇️

#RockstarEnergy #LiveLoud"
instagram,Rockstar,post,https://www.instagram.com/rockstarenergy/p/DXFTJcXFOEA/,2026-04-13,likes_count,1683.0,"@RockstarEnergy 🤝 @SickNewWorld   We are stoked to be partnering with Sick New World as the official energy drink. Next stop, Las Vegas! We’ll see you there on April 25th with a little surprise! 🤫🛹

#RockstarEnergy #LiveLoud"
instagram,Rockstar,post,https://www.instagram.com/husqvarnamotorcyclesusa/reel/DXJz8RFjd_h/,2026-04-15,likes_count,1283.0,"Sights and sounds from Nashville, Rockstar Energy Husqvarna style. ✊🎶

#Husqvarna #GoRide #RideHusqvarna #Supercross #SMX"
instagram,Rockstar,post,https://www.instagram.com/rockstarenergy/reel/DXNSYvWDFcf/,2026-04-16,likes_count,7915.0,"Welcome to the team, @tyler_reddick ⚡️We are stoked to be joining forces with the two time NASCAR Xfinity Champion and @23xiracing. Buckle up, it’s about to get wild 🏁 

#RockstarEnergy #LiveLoud"
instagram,Rockstar,post,https://www.instagram.com/gob_invitational/reel/DXPQzDAiEir/,2026-04-17,likes_count,3806.0,@chadkerley VS @matt1ray is live! This battle is unreal! Link in bio.
instagram,Rockstar,post,https://www.instagram.com/rockstarenergy/p/DXPmYGLAN9A/,2026-04-17,likes_count,6360.0,"EDIT: Both winners have been chosen and contacted via DM, this giveaway is now closed. 

🎵 TICKET GIVEAWAY 🎵 @sicknewworld Las Vegas is just around the corner and we want to share the stoke by hooking a couple of you up with a pair of VIP tickets 🎫  We’re giving away 2 tickets to 2 separate winners!  Follow the 3 steps below to enter yourself and a homie, and you just might see us there!
 
1.)   Like this post
2.)   Follow us @RockstarEnergy
3.)   Tag the homie you want to bring
 

Giveaway ends on 04/23/26 at 1:00 PM EST. Must be 18+ and a US legal resident to enter. This giveaway is in no way affiliated with Instagram. Good luck!

Note: Winner will be contacted directly via the @RockstarEnergy Instagram account- No other accounts are represented by Rockstar Energy. Link in bio for official rules.   NO PURCHASE NECESSARY TO ENTER OR WIN. A PURCHASE DOES NOT INCREASE YOUR CHANCES OF WINNING. VOID ELSEWHERE AND WHEREVER PROHIBITED. Sponsor: Rockstar Energy

This Giveaway is in no way sponsored or administered by Sick New World Festival or Live Nation Worldwide, Inc.. All inquiries regarding the Giveaway should be directed to Rockstar."
instagram,Rockstar,post,https://www.instagram.com/23xiracing/p/DXU_9r5gZ5j/,2026-04-19,likes_count,2105.0,"Delivered a victory for @supplyhouse! 📦🏁

And it tastes so sweet! 🙂‍↕️"
instagram,Rockstar,post,https://www.instagram.com/rockstarenergy/reel/DXaBI0NDE7H/,2026-04-21,likes_count,3878.0,"The goal was never to blend in. @tyler_reddick is pushing the limits of what’s possible and we’re hyped to be partnering with him and @23xiracing as they continue to break barriers. Stay tuned and follow along, it’s about to get loud! 

#RockstarEnergy #LiveLoud"
instagram,Rockstar,post,https://www.instagram.com/rockstarenergy/reel/DXfNxDODMnz/,2026-04-23,likes_count,5074.0,"From race days as a grom to becoming a BMX icon, @chadkerley has put in the work and earned every bit of his success. Join us as we take a deeper look into his life, In Depth feat. Chad Kerley is playing now at the link in bio 🎥

#RockstarEnergy #InDepth"
instagram,Rockstar,post,https://www.instagram.com/rockstarenergy/reel/DX2EpGogx41/,2026-05-02,likes_count,383.0,"We packed up with some of the Rockstar skate team and pointed the headlights to Las Vegas for @sicknewworld. After a couple backyard pit stops, the squad threw down a vert ramp session we won’t soon forget. Road to Sick New World is playing now at the link in bio! 🎥 

#rockstarenergy #sicknewworld #skateboarding"
instagram,Rockstar,post,https://www.instagram.com/rockstarenergy/p/DX4quYOFE4_/,2026-05-03,likes_count,1520.0,"Let’s go racing! 🏁 We’re at @txmotorspeedway today with @tyler_reddick and @23xiracing! Tune in, it’s about to go down!"
instagram,Rockstar,post,https://www.instagram.com/rockstarenergy/reel/DYA-jgzA3Jy/,2026-05-06,likes_count,670.0,"Morning stretches with @robadelberg 🧘‍♂️

#rockstarenergy #fmx #moto"
instagram,Rockstar,post,https://www.instagram.com/fredricaasbo/reel/DYE6Ze8xyV7/,2026-05-08,likes_count,647.0,"#TeamToyota P6 qualifying in the @rockstarenergy GR Supra. We’re feeling good and know what we have to do to really dial in our driving on Saturday. Looking forward to our Top 32 battle with @rudyhansen119 💪🏼

🎥 @b.marchulaitis

#GAZOOPerformance
@gazooracingusa
@rockstarenergy
@drivekendausa
@eneosusa
@rsrusa
@otterbox 
@simagicofficial
@aemelectronics
@specialty_products_company
@petersonfluidsystems
@csf_radiators
@berktechnology
@cilajet
@nitrofillusa
@borgwarnerboosted
@_wisefab_"
instagram,Zoa,post,https://www.instagram.com/zoaenergy/p/DSlA92ajauh/,2025-12-22,likes_count,112.0,We really aren’t asking for much this year 🎅👊💥 Find ZOA’s Holiday Punch near you at the link in bio.
instagram,Zoa,post,https://www.instagram.com/zoaenergy/p/DTI9OlqAdwz/,2026-01-05,likes_count,162.0,Your New Year goals are about to get a power up 👀
instagram,Zoa,post,https://www.instagram.com/zoaenergy/p/DTLiBpWjqo1/,2026-01-06,likes_count,213.0,Energy that moves with you 💪
instagram,Zoa,post,https://www.instagram.com/zoaenergy/p/DTit5g3CU9-/,2026-01-15,likes_count,278.0,"It’s official: we’re teaming up with @strava to celebrate every mile, rep and stretch.

Power your New Year with ZOA’s positive energy by logging a total of 160 minutes of activity now through February 26. If you complete the challenge, you'll be entered for a chance to win free ZOA Energy or a limited-edition ZOA x Strava Road Bike* 🚴💪

Think you’ve got what it takes? Join the challenge at the link in bio.

No Purch. Nec. Open to 50 US(DC), 18+. Ends 2/26/26. Only share w/ 18+."
instagram,Zoa,post,https://www.instagram.com/denirradoncic/reel/DTvjoEJjgzu/,2026-01-20,likes_count,933.0,#ad ZOA is a better-for-you energy drink packed with electrolytes to keep you focused on your new year goals. #poweryournewyear #zoaenergy @zoaenergy
instagram,Zoa,post,https://www.instagram.com/zoaenergy/reel/DUEozZVARbr/,2026-01-28,likes_count,141.0,New goals. New grind. Drop your next workout in the comments
instagram,Zoa,post,https://www.instagram.com/zoaenergy/p/DUi-q9_ASXo/,2026-02-09,likes_count,253.0,Sunday Funday means Monday energy + electrolytes 🤪➡️⚡️ photo credit 📷: @_annabelbeach_
instagram,Zoa,post,https://www.instagram.com/zoaenergy/p/DUoZELlgekd/,2026-02-11,likes_count,322.0,"This is what powering your new year looks like ⚡️
 
160 minutes in 6 weeks? You’ve got this. If you joined the ZOA x @strava challenge, you’ve got about 2 weeks to go. Keep crushing those workouts and logging your progress 💪 And if you haven’t already, join the challenge now at the link in bio."
instagram,Zoa,post,https://www.instagram.com/zoaenergy/p/DUtJrZODntp/,2026-02-13,likes_count,227.0,Your gym bag isn’t packed without ZOA.
instagram,Zoa,post,https://www.instagram.com/zoaenergy/p/DWHS3aajqI2/,2026-03-20,likes_count,282.0,🚨NEW DEAL ALARM🚨 Get ZOA for 25% off for a limited time on Amazon
instagram,Zoa,post,https://www.instagram.com/zoaenergy/p/DWZT56ZDhjp/,2026-03-27,likes_count,143.0,What flavor are you fueling your day with? 💥
instagram,Zoa,post,https://www.instagram.com/zoaenergy/p/DXe2LIqjs-v/,2026-04-23,likes_count,145.0,Big serves fueled by bigger energy 💪
instagram,Zoa,post,https://www.instagram.com/zoaenergy/reel/DXh-xiiD6F8/,2026-04-24,likes_count,75.0,That’s gonna be a future me problem
instagram,Zoa,post,https://www.instagram.com/zoaenergy/reel/DX7JIWvOmz1/,2026-05-04,likes_count,336.0,"It’s the kind of energy you can’t fake. With electrolytes and plant based caffeine, ZOA helps you find your flow state. And stay there."
instagram,Zoa,post,https://www.instagram.com/micjanee/reel/DTv6b7KEu6X/,,likes_count,,
youtube,Celsius,video,-1xDntT0YBU,2026-04-12,view_count,1.0,The Top 5 Best Dr Enuf in 2026 - Must Watch Before Buying!
youtube,Prime,video,-420T9_zvS4,2023-10-11,view_count,18595.0,How does Prime Energy Original compare to other originals? | Original Prime Energy Drink Review
youtube,Ghost,video,-5JUCB5yTtk,2026-01-11,view_count,953.0,Ghost Energy's Blue Raspberry Review
youtube,Celsius,video,-7tKFy7dy2g,2025-02-19,view_count,33.0,Orangesicle by Celsius | Essentials | Monster Can | Food / Drink Review
youtube,Red Bull,video,-9rteR98lpc,2023-09-11,view_count,659.0,Red Bull Sugar Free Energy Drink | Our Point Of View
youtube,Celsius,video,-Co73gY32Do,2025-03-01,view_count,812.0,Celsius Hydration Sticks: Ultimate Review & Taste Test
youtube,Celsius,video,-D8B6TU7btk,2014-03-04,view_count,397.0,What is Celsius? Celsius 101 with IFBB pros
youtube,G Fuel,video,-DBf2LAxSvI,2025-08-08,view_count,6336.0,GFuel TIER LIST 2025!
youtube,Bang,video,-L7dhwh7Z0g,2019-08-29,view_count,4106.0,Bang Energy Shot | Bang Energy Review
youtube,Celsius,video,-aVpSK8W15U,2021-01-08,view_count,505.0,"ETF Holds Monster Energy, Celsius & More — Why You Should Buy Today"
youtube,Monster,video,-aVpSK8W15U,2021-01-08,view_count,505.0,"ETF Holds Monster Energy, Celsius & More — Why You Should Buy Today"
youtube,G Fuel,video,-anbQc88AaM,2021-01-26,view_count,25433.0,NEW Ice Shatter GFUEL Flavor Review!
youtube,Monster,video,-gYpCIbZjUQ,2022-12-07,view_count,5390766.0,"""You Should Be A Monster"" | Jordan Peterson Motivation"
youtube,Celsius,video,-i2nTlr4IFk,2024-07-02,view_count,79486.0,The Truth About Celsius: What You Need to Know About Energy Drinks
youtube,5-hour Energy,video,-jtb_zwgEaI,2018-01-05,view_count,561399.0,People Try 5-hour Energy For The First Time
youtube,Monster,video,-jtb_zwgEaI,2018-01-05,view_count,561399.0,People Try 5-hour Energy For The First Time
youtube,Red Bull,video,-jtb_zwgEaI,2018-01-05,view_count,561399.0,People Try 5-hour Energy For The First Time
youtube,NOS,video,-l7poPdedGA,2026-03-30,view_count,1467.0,Grand Prix Guava NOS Energy Drink NEW! 2026
youtube,Monster,video,-wKpbZuXw2o,2026-05-08,view_count,490032.0,The Monsters that God Abandoned
youtube,Celsius,video,-x0UJT4Q4v8,2023-11-14,view_count,147.0,The New! Celsius Live Fit Essentials Energy Drink REVIEW | Cherry Lime
youtube,Alani Nu,video,-yYGJzd1FHM,2025-08-20,view_count,1138242.0,The WORST Influencer Brand Obession I've Ever Seen
youtube,Alani Nu,video,0DeXIDZN3fQ,2024-07-17,view_count,800226.0,ULTIMATE Protein Powder Tier List: 22 Brands Tested
youtube,Ghost,video,0DeXIDZN3fQ,2024-07-17,view_count,800226.0,ULTIMATE Protein Powder Tier List: 22 Brands Tested
youtube,G Fuel,video,0DnVZGJ1zQU,2021-11-12,view_count,40237.0,(ASMR) GFUEL REVIEW
youtube,Celsius,video,0EC6_k-3ass,2022-09-14,view_count,4005.0,Celsius Energy Drinks - LIVE FIT
youtube,5-hour Energy,video,0I4QH2dkm54,2026-05-13,view_count,246.0,DOUBLED AND STAGNANT: Timberwolves' Offense COLLAPSES In Game 5 Loss vs. Spurs' Dominant Defense
youtube,Monster,video,0LKmBRK36u4,2025-07-14,view_count,24.0,"Monster Energy Ultra Sunrise, Sugar Free Energy Drink Review"
youtube,Ghost,video,0Q5cN3plrto,2024-10-20,view_count,948.0,Ghost Energy Drink Review
youtube,Celsius,video,0ZJ_lMwFXIw,2021-05-10,view_count,16521.0,Can you drink Celsius every day?
youtube,Monster,video,0f7wExeSH2M,2025-07-10,view_count,1142.0,Lando Norris Monster Energy Review. New Sugar Free Formula 1 Monster Energy Drink from Burger King
youtube,Monster,video,0gTJDkcmKB0,2024-12-10,view_count,9433.0,Monster Ultra Black Energy Drink Review
youtube,Red Bull,video,0i9Gi-mjWiU,2024-10-04,view_count,6259.0,Is Red Bull Iced Vanilla Berry like Coconut Berry? | Red Bull Winter Edition 2024
youtube,Alani Nu,video,0rnnXfWXxTU,2026-03-17,view_count,69.0,The Truth About “HEALTHY” Energy Drinks
youtube,Celsius,video,0rnnXfWXxTU,2026-03-17,view_count,69.0,The Truth About “HEALTHY” Energy Drinks
youtube,Monster,video,0rnnXfWXxTU,2026-03-17,view_count,69.0,The Truth About “HEALTHY” Energy Drinks
youtube,Red Bull,video,0rnnXfWXxTU,2026-03-17,view_count,69.0,The Truth About “HEALTHY” Energy Drinks
youtube,Monster,video,0u6mmHW4jdQ,2019-09-29,view_count,370974.0,What's going on with Monster Energy Zero Ultra?
youtube,Monster,video,0z-T5ktc9s0,2019-10-23,view_count,41814.0,Here's Exactly What's In a Monster Energy Ultra Zero Drink
youtube,NOS,video,0zVmujDaqKs,2015-05-03,view_count,1092.0,NOS Energy Drink - Food Review
youtube,Red Bull,video,0zkmv8If14o,2024-10-03,view_count,1252.0,Drink Redbull Before Exam | Explained By Chartered Accountant #AFM #APM #ACCA #CA #F7 #F2 #F5 #PM
youtube,G Fuel,video,10reT0HIS0o,2026-04-09,view_count,16.0,Gfuel Crash Bandicoot Wunpa Fruit Energy Drink Review
youtube,Ghost,video,16DUe25NsC0,2025-02-23,view_count,832.0,ULTIMATE Ghost Energy Tier List (CONTROVERSIAL)
youtube,Celsius,video,19tElBiFo2I,2025-11-22,view_count,0.0,Celsius Vs Prime - Full Comparison
youtube,Prime,video,19tElBiFo2I,2025-11-22,view_count,0.0,Celsius Vs Prime - Full Comparison
youtube,Red Bull,video,1FNzruktxyM,2025-05-31,view_count,4197822.0,Who is the Fastest? 2-Wheel vs 4-Wheel
youtube,Celsius,video,1FcyN7LW-eA,2020-06-26,view_count,88104.0,How to change from C to F on a friedrich ductless Celsius to Fahrenheit
youtube,Alani Nu,video,1JZQL1YASV4,2023-03-07,view_count,2808.0,"Alani Nu Whey Protein: Tasty, but Not Perfect - My Review"
youtube,Monster,video,1O6909E3LTA,2025-06-10,view_count,5157.0,Declan Moody Creates The Definitive Tier List Of Monster Energy Flavors
youtube,G Fuel,video,1OFXTEBLzvk,2025-09-04,view_count,5469.0,NEW GFUEL Formula VS OLD Taste Test!
youtube,G Fuel,video,1_AqRYlPH-Q,2025-09-15,view_count,2985.0,Miami Nights 2.0 GFUEL Flavor VS 1.0 Taste Test!
youtube,Alani Nu,video,1_e_COzYqk4,2025-10-31,view_count,3523.0,Alani Nu Winter Wonderland 2025 Edition Review
youtube,NOS,video,1aFNNLy-Zmk,2026-03-17,view_count,29.0,NOS Energy Drinks: JPL Review 12
youtube,Bang,video,1hUcZzvk3ME,2021-05-05,view_count,30480.0,BANG vs GHOST - Energy Drink Comparison - Which Energy Drink is Better?
youtube,Ghost,video,1hUcZzvk3ME,2021-05-05,view_count,30480.0,BANG vs GHOST - Energy Drink Comparison - Which Energy Drink is Better?
youtube,Zoa,video,1hUcZzvk3ME,2021-05-05,view_count,30480.0,BANG vs GHOST - Energy Drink Comparison - Which Energy Drink is Better?
youtube,Ghost,video,1tUWnusAIPY,2024-09-19,view_count,4712.0,How To Make Sugar Free Energy Drink Slushies In Your Ninja Slushi
youtube,Monster,video,1wH0F5edxfw,2026-03-23,view_count,5.0,The Top 5 Best Redbull Blue 24 Pack in 2026 - Must Watch Before Buying!
youtube,Red Bull,video,1wH0F5edxfw,2026-03-23,view_count,5.0,The Top 5 Best Redbull Blue 24 Pack in 2026 - Must Watch Before Buying!
youtube,Monster,video,21YmZx5Y7Eo,2019-04-03,view_count,1510.0,Reign Energy Vs. Bang Energy | Monster Energy Lawsuit
youtube,Reign,video,21YmZx5Y7Eo,2019-04-03,view_count,1510.0,Reign Energy Vs. Bang Energy | Monster Energy Lawsuit
youtube,Bang,video,22fjlv24xgo,2019-11-26,view_count,1128.0,Reign Lemon HDZ Energy Drink Review! How does it compare to Bang Lemon Drop?
youtube,Reign,video,22fjlv24xgo,2019-11-26,view_count,1128.0,Reign Lemon HDZ Energy Drink Review! How does it compare to Bang Lemon Drop?
youtube,Alani Nu,video,25gU0wXc6eQ,2024-10-01,view_count,62.0,5 Top Rated Energy Drinks ( Unleash Your Energy with the Ultimate Variety Pack!)
youtube,Celsius,video,25gU0wXc6eQ,2024-10-01,view_count,62.0,5 Top Rated Energy Drinks ( Unleash Your Energy with the Ultimate Variety Pack!)
youtube,Monster,video,25gU0wXc6eQ,2024-10-01,view_count,62.0,5 Top Rated Energy Drinks ( Unleash Your Energy with the Ultimate Variety Pack!)
youtube,Zoa,video,25gU0wXc6eQ,2024-10-01,view_count,62.0,5 Top Rated Energy Drinks ( Unleash Your Energy with the Ultimate Variety Pack!)
youtube,Bang,video,2903aJEeMoM,2022-10-16,view_count,9526.0,Bang Bankruptcy?!? Have Bang lawsuits w/Monster finally caught up to them? What will happen to Bang?
youtube,Monster,video,2903aJEeMoM,2022-10-16,view_count,9526.0,Bang Bankruptcy?!? Have Bang lawsuits w/Monster finally caught up to them? What will happen to Bang?
youtube,Bang,video,2AoUBSucFGU,2018-11-06,view_count,1341.0,Bang Energy Drink Review
youtube,G Fuel,video,2D11kZSWY9o,2026-01-28,view_count,1504.0,Tea Bagger GFUEL Taste Test!
youtube,Alani Nu,video,2HYTUbSR8hg,2022-10-16,view_count,684.0,Alani Nu Energy Witches Brew (Reed Reviews)
youtube,Alani Nu,video,2LEMxkz5294,2025-02-04,view_count,299.0,Celcius Energy vs Alani Energy drinks
youtube,Celsius,video,2N-ad1dFTNs,2024-05-14,view_count,30.0,Can Celsius drinks affect blood pressure in healthy individuals?
youtube,Prime,video,2TZuY7M8Mzk,2025-06-21,view_count,20.0,Green Tea Georgia Peach Energy Drink by Arizona | Fallout Inspired | Food / Drink Review
youtube,Ghost,video,2Vf1EQ220Uo,2024-09-03,view_count,8297.0,Is it Welch's in Energy Drink form? | Ghost Welch's Grape Energy Drink Review
youtube,G Fuel,video,2Y_kn4mNw6A,2025-09-08,view_count,2062.0,PewDiePie Taste Tests G FUEL 2.0 👀
youtube,5-hour Energy,video,2c7vjqodtMg,2017-02-11,view_count,178.0,5 Hour Energy Orange Flavor Review
youtube,Prime,video,2cwavTDP3aE,2023-02-06,view_count,261.0,Prime Energy Drink REVIEW | KSI | Logan Paul | Strawberry Watermelon
youtube,Celsius,video,2ffHoHFpccw,2023-08-05,view_count,691.0,Taste Test | CELSIUS Sparkling Peach Vibe | Review
youtube,Monster,video,2gPlJn4ADyo,2020-02-17,view_count,52.0,We Tried Every Sugar Free Energy Drink - Part 1
youtube,Rockstar,video,2gPlJn4ADyo,2020-02-17,view_count,52.0,We Tried Every Sugar Free Energy Drink - Part 1
youtube,Celsius,video,2gZBetpSfqg,2023-08-19,view_count,7137.0,I Ranked EVERY Celsius Energy Drink Flavor
youtube,Alani Nu,video,2rP0geoB4tY,2019-05-08,view_count,21391.0,ALANI NU BALANCE PILLS ONE MONTH UPDATE| PRODUCT REVIEW
youtube,Bang,video,2uZj9rhAjyQ,2021-01-28,view_count,1288.0,Which Reign energy drink is the best!?!? Ranking all Reign energy flavors 1-13
youtube,Bang,video,2wYZR7cfZ98,2026-03-07,view_count,103836.0,The Truth About Bang Energy
youtube,Monster,video,2xdNoQcZksA,2023-01-10,view_count,199.0,This or That? Battle of the Boosters: Red Bull vs. Monster - The Ultimate Energy Drink Showdown
youtube,Red Bull,video,2xdNoQcZksA,2023-01-10,view_count,199.0,This or That? Battle of the Boosters: Red Bull vs. Monster - The Ultimate Energy Drink Showdown
youtube,Celsius,video,2zdq0jULpSI,2026-03-02,view_count,2377.0,Best Energy Drink for the Gym? (UK Taste & Performance Test)
youtube,Ghost,video,32Vcry7ZN0A,2024-01-09,view_count,3629.0,GHOST Hydration RTD REVIEW
youtube,Bang,video,37xCn-t1MZc,2022-05-06,view_count,3483.0,Trying EVERY Bang Energy Drink Flavor...
youtube,Bang,video,3E9nAUvqG5c,2020-01-23,view_count,29473.0,Coca Cola Energy Drink Review. How does it compare to the REAL thing?!?! Coke Energy product review
youtube,Monster,video,3E9nAUvqG5c,2020-01-23,view_count,29473.0,Coca Cola Energy Drink Review. How does it compare to the REAL thing?!?! Coke Energy product review
youtube,NOS,video,3E9nAUvqG5c,2020-01-23,view_count,29473.0,Coca Cola Energy Drink Review. How does it compare to the REAL thing?!?! Coke Energy product review
youtube,Red Bull,video,3E9nAUvqG5c,2020-01-23,view_count,29473.0,Coca Cola Energy Drink Review. How does it compare to the REAL thing?!?! Coke Energy product review
youtube,Reign,video,3E9nAUvqG5c,2020-01-23,view_count,29473.0,Coca Cola Energy Drink Review. How does it compare to the REAL thing?!?! Coke Energy product review
youtube,Alani Nu,video,3GzA7SHaMYU,2025-05-05,view_count,1290.0,Finding the BEST Energy Drink
youtube,Bang,video,3GzA7SHaMYU,2025-05-05,view_count,1290.0,Finding the BEST Energy Drink
youtube,G Fuel,video,3GzA7SHaMYU,2025-05-05,view_count,1290.0,Finding the BEST Energy Drink
youtube,Monster,video,3GzA7SHaMYU,2025-05-05,view_count,1290.0,Finding the BEST Energy Drink
youtube,Prime,video,3GzA7SHaMYU,2025-05-05,view_count,1290.0,Finding the BEST Energy Drink
youtube,Red Bull,video,3GzA7SHaMYU,2025-05-05,view_count,1290.0,Finding the BEST Energy Drink
youtube,Reign,video,3GzA7SHaMYU,2025-05-05,view_count,1290.0,Finding the BEST Energy Drink
youtube,Rockstar,video,3GzA7SHaMYU,2025-05-05,view_count,1290.0,Finding the BEST Energy Drink
youtube,Alani Nu,video,3QI4lNzdHlE,2024-08-22,view_count,228.0,Are the Alani Nu Mini Cherry Slush Energy Drinks the Best Choice?
youtube,Reign,video,3Qd2FmtMq9s,2022-12-06,view_count,4490.0,Reign Tropical Storm Energy Drink Review; Generic Tropical or Exceptional Tropical energy drink?
youtube,Red Bull,video,3SSVnFtgsRY,2022-11-08,view_count,3920.0,Red Bull Fig Apple Energy Drink Review; Red Bull Winter Edition with Fig & Apple?
youtube,Red Bull,video,3VAhS-mcyK0,2020-09-15,view_count,4948.0,Zevia Energy - Is this zero calorie drink actually healthy for keto/low carb?
youtube,Bang,video,44WTG33KtpU,2020-12-20,view_count,2329854.0,How To Pick The Best Protein Powder (CHOOSE WISELY!)
youtube,Monster,video,45t3H6xL97I,2025-08-16,view_count,108.0,Red Bull vs. Monster: Battle of the Energy Giants
youtube,Red Bull,video,45t3H6xL97I,2025-08-16,view_count,108.0,Red Bull vs. Monster: Battle of the Energy Giants
youtube,Bang,video,46hM0nFlo1w,2026-04-29,view_count,34531.0,What is the best energy drink? 64 Energy Drinks 1 Winner! Round 1
youtube,Ghost,video,46hM0nFlo1w,2026-04-29,view_count,34531.0,What is the best energy drink? 64 Energy Drinks 1 Winner! Round 1
youtube,Red Bull,video,46hM0nFlo1w,2026-04-29,view_count,34531.0,What is the best energy drink? 64 Energy Drinks 1 Winner! Round 1
youtube,Rockstar,video,46hM0nFlo1w,2026-04-29,view_count,34531.0,What is the best energy drink? 64 Energy Drinks 1 Winner! Round 1
youtube,Rockstar,video,47UiC7UttXc,2022-07-02,view_count,1837.0,Rockstar Punched Watermelon Energy Drink Review. Another Watermelon energy drink? Yep.
youtube,G Fuel,video,4Pix0f7lCV4,2012-04-28,view_count,214597.0,Does this Work: Gamma Gamer's Energy Drink
youtube,Rockstar,video,4QjUOib9dtk,2021-08-01,view_count,3118.0,ROCKSTAR PUNCHED ENERGY DRINK REVIEW (FRUIT PUNCH FLAVOR)
youtube,Prime,video,4UUtmVRQ-Hw,2025-09-29,view_count,406656.0,The Deserved Downfall Of Prime
youtube,Celsius,video,4VHGyXLAJyY,2021-10-13,view_count,23392.0,KILL WEEDS in the lawn | How to mix Celsius Herbicide | How to kill Chamberbitter
youtube,Prime,video,4Whd-LR0-yg,2025-07-17,view_count,227.0,Is It Any Good? | Prime Sournova Hydration Drink Review
youtube,5-hour Energy,video,4Xk8T1VQk7E,2023-06-12,view_count,382.0,The Best Energy Boosting Drinks for a Productive Day
youtube,Monster,video,4Xk8T1VQk7E,2023-06-12,view_count,382.0,The Best Energy Boosting Drinks for a Productive Day
youtube,Zoa,video,4_2k2YI5JKM,2023-08-28,view_count,679410.0,Ninja Thirsti Review: Does This Drink System Work?
youtube,Red Bull,video,4_OcK0P9WOs,2020-05-08,view_count,6206059.0,Racing On The World's Most Dangerous Road: Kamaz Truck VS Rally Car
youtube,Celsius,video,4aQOgnHRVJU,2018-12-04,view_count,18653.0,ＧＨＯＳＴ
youtube,Ghost,video,4aQOgnHRVJU,2018-12-04,view_count,18653.0,ＧＨＯＳＴ
youtube,Monster,video,4bfz1dAhPxQ,2023-11-21,view_count,2003.0,Is Rockstar Silver Ice a grapefruit energy drink? Does it compare to Monster Ultra Ruby Red?
youtube,Rockstar,video,4bfz1dAhPxQ,2023-11-21,view_count,2003.0,Is Rockstar Silver Ice a grapefruit energy drink? Does it compare to Monster Ultra Ruby Red?
youtube,Bang,video,4cdZQ41rGAg,2009-10-27,view_count,7240404.0,R.E.M. - Bang And Blame (Official HD Music Video)
youtube,Monster,video,4cdZQ41rGAg,2009-10-27,view_count,7240404.0,R.E.M. - Bang And Blame (Official HD Music Video)
youtube,Bang,video,4plJQNccToE,2019-06-15,view_count,328.0,Bang Energy Drink Review
youtube,5-hour Energy,video,4qKfaZuXxL8,2011-02-08,view_count,11617.0,5-Hour Energy: CR AdWatch | Consumer Reports
youtube,5-hour Energy,video,4rKdb_RMoQ4,2023-12-22,view_count,108.0,5 Hour Energy Extra Strength Tropical Burst Drink Review
youtube,NOS,video,4sQErB1N1DM,2012-01-23,view_count,2345.0,Energy Drink Review: NOS Charged Citrus
youtube,Monster,video,4vDktk6JfYI,2020-12-15,view_count,64109.0,The BEST Monster Ultras - Trying & Ranking every Monster Ultra Energy Drink from Best to Worst.
youtube,Celsius,video,4wrLOOs5fZo,2023-12-07,view_count,306.0,New Celsius Live Fit Energy Drink Review
youtube,Monster,video,4y72PTDD5dI,2025-10-03,view_count,273.0,Lord's drinks comparisons: Monster Energy VR46 Doctor vs Zero Sugar
youtube,Monster,video,4zgYrlji-w4,2016-11-09,view_count,183.0,THE BEST ENERGY DRINK IN THE WORLD: DRE JUICE | Donald Trump Is President
youtube,Red Bull,video,4zgYrlji-w4,2016-11-09,view_count,183.0,THE BEST ENERGY DRINK IN THE WORLD: DRE JUICE | Donald Trump Is President
youtube,Reign,video,51eyHYwBeII,2025-03-26,view_count,159.0,White Haze | Reign Energy Drink REVIEW
youtube,Ghost,video,530FZlm0r8E,2024-07-30,view_count,12102.0,The BEST Energy Drink Company! Ghost or Gorilla Mind?
youtube,Monster,video,530FZlm0r8E,2024-07-30,view_count,12102.0,The BEST Energy Drink Company! Ghost or Gorilla Mind?
youtube,Red Bull,video,530FZlm0r8E,2024-07-30,view_count,12102.0,The BEST Energy Drink Company! Ghost or Gorilla Mind?
youtube,Red Bull,video,5Aqb6bBbF3c,2023-02-26,view_count,433615.0,UK vs US Red Bull | Food Wars | Insider Food
youtube,Alani Nu,video,5BnbsE3YgsE,2026-01-15,view_count,491307.0,Alani Nu Is Ruining Women's Bodies
youtube,Bang,video,5E0ko16-5oI,2019-11-07,view_count,98492.0,Energy Drinks for Lifting? (What you need to know before your next workout!!!)
youtube,Monster,video,5E0ko16-5oI,2019-11-07,view_count,98492.0,Energy Drinks for Lifting? (What you need to know before your next workout!!!)
youtube,NOS,video,5E0ko16-5oI,2019-11-07,view_count,98492.0,Energy Drinks for Lifting? (What you need to know before your next workout!!!)
youtube,Rockstar,video,5E0ko16-5oI,2019-11-07,view_count,98492.0,Energy Drinks for Lifting? (What you need to know before your next workout!!!)
youtube,Prime,video,5FehPvi9xZU,2025-08-27,view_count,256320.0,The rise and fall of Prime Hydration: How KSI & Logan Paul’s drink crashed
youtube,Bang,video,5GCo1iccUFU,2025-07-05,view_count,454.0,I RANK EVERY BANG ENERGY DRINK!
youtube,Reign,video,5H9HMoGGYCk,2022-01-06,view_count,260.0,Reign Energy Orange Cream Review - New Favorite?
youtube,Monster,video,5IR08D-HeUw,2022-09-11,view_count,2560531.0,US vs UK Monster Energy | Food Wars | Food Insider
youtube,Ghost,video,5KplLbXlBDA,2025-02-15,view_count,5617.0,"Ghost ORIGINAL Energy Drink Product Review | Plus, 8oz SPK Cans!!!"
youtube,Red Bull,video,5KplLbXlBDA,2025-02-15,view_count,5617.0,"Ghost ORIGINAL Energy Drink Product Review | Plus, 8oz SPK Cans!!!"
youtube,Monster,video,5UgxXFGh9Uw,2025-06-10,view_count,28088.0,What's the Best Monster Energy Flavor? (Unedited Taste Test and Ranking!)
youtube,Rockstar,video,5UjSRZP9L-I,2016-05-30,view_count,16855.0,Bros Review Every Rockstar Energy Drink | P1
youtube,Ghost,video,5XtBU4RQbFU,2024-08-16,view_count,466.0,The OG Flavor What Does It Taste Like? | Ghost Energy Drink REVIEW | Original
youtube,G Fuel,video,5bg4xwAaeBo,2025-10-10,view_count,887.0,Slayer Fuel GFUEL Flavor Review! - Inspired by Doom The Dark Ages!
youtube,Monster,video,5l0cjsZS-eM,2017-03-29,view_count,271405.0,Are Energy Drinks Really that Bad?
youtube,Rockstar,video,5l0cjsZS-eM,2017-03-29,view_count,271405.0,Are Energy Drinks Really that Bad?
youtube,G Fuel,video,5p-Mxx6MAdk,2021-02-26,view_count,292.0,My Honest G-FUEL Review! Does It Work?
youtube,G Fuel,video,5yofLO70dbc,2023-12-07,view_count,366925.0,Why You're Wrong About G FUEL Energy Formula
youtube,Red Bull,video,6-Y4eT8FNv4,2025-10-21,view_count,1310.0,Is CELSIUS Actually Healthier?
youtube,Monster,video,61RhtTgVHrU,2012-10-23,view_count,91665.0,"Energy Drink Health Risks: ""Monster"" Drinks Allegedly to Blame in Anais Fournier Heart Attack Death"
youtube,Bang,video,6BleSoW4gRk,2023-03-13,view_count,575.0,Ghost Energy Drink Faze Pop Flavor Review & Taste Test
youtube,Ghost,video,6BleSoW4gRk,2023-03-13,view_count,575.0,Ghost Energy Drink Faze Pop Flavor Review & Taste Test
youtube,G Fuel,video,6IADJ89BPfU,2026-04-27,view_count,32.0,NEW GFUEL  Dimension Drip Review – This Flavor Goes CRAZY 🍇🍓
youtube,G Fuel,video,6LNH7l2MU3E,2023-01-17,view_count,15591.0,Who REALLY owns Prime?!? EVERYTHING you need to know | PRIME Energy Drink Review
youtube,Prime,video,6LNH7l2MU3E,2023-01-17,view_count,15591.0,Who REALLY owns Prime?!? EVERYTHING you need to know | PRIME Energy Drink Review
youtube,Monster,video,6WEu8higo7M,2008-07-16,view_count,19786.0,Energy Drinks...Do They Light You Up Like A Lightbulb?
youtube,Red Bull,video,6WEu8higo7M,2008-07-16,view_count,19786.0,Energy Drinks...Do They Light You Up Like A Lightbulb?
youtube,Rockstar,video,6WEu8higo7M,2008-07-16,view_count,19786.0,Energy Drinks...Do They Light You Up Like A Lightbulb?
youtube,Red Bull,video,6jroQWVJLMY,2023-06-27,view_count,4258614.0,F1 Drivers Race HUGE Mega Trucks! (Max Verstappen vs Yuki Tsunoda)
youtube,5-hour Energy,video,6sRJ5dUCB48,2023-02-23,view_count,15.0,"INSTANT ENERGY REVIEW - Monster, Redbull, & 5 Hour Energy"
youtube,Monster,video,6sRJ5dUCB48,2023-02-23,view_count,15.0,"INSTANT ENERGY REVIEW - Monster, Redbull, & 5 Hour Energy"
youtube,Monster,video,6wmbMZDpAt0,2019-08-01,view_count,2259.0,Are Energy Drinks That Bad For You? (HOW MANY DO I DRINK PER WEEK) #TBT | LiveLeanTV
youtube,Red Bull,video,6wmbMZDpAt0,2019-08-01,view_count,2259.0,Are Energy Drinks That Bad For You? (HOW MANY DO I DRINK PER WEEK) #TBT | LiveLeanTV
youtube,Rockstar,video,6wmbMZDpAt0,2019-08-01,view_count,2259.0,Are Energy Drinks That Bad For You? (HOW MANY DO I DRINK PER WEEK) #TBT | LiveLeanTV
youtube,Rockstar,video,7-qCC-NRijE,2022-05-20,view_count,113.0,Rockstar Energy - Sour Bubble Burst #review #rockstarenergy
youtube,G Fuel,video,70Y1uHrVDGM,2022-08-24,view_count,33618.0,"The Benefits of G FUEL | Energy, Focus, Community & More"
youtube,Rockstar,video,72GrwLBOMD4,2022-05-15,view_count,99450.0,OG Energy Sip Sundays! Monster vs Red Bull!
youtube,Ghost,video,74zy6FlzI_g,2026-04-04,view_count,1038.0,We Tried Every Ghost Energy Drink!!!
youtube,Monster,video,78OOobFDqDc,2024-08-03,view_count,5051.0,"Monster Zero Ultra Review: Zero Sugar, Maximum Energy for a Healthier Boost"
youtube,Red Bull,video,7AKoM-1pwf0,2025-11-17,view_count,503.0,Red Bull Winter Edition 2025 Zero Sugar Review
youtube,Monster,video,7BVHwjcatuw,2023-01-30,view_count,619.0,MONSTER ENERGY ORIGINAL ZERO SUGAR REVIEW
youtube,Prime,video,7TejdOnG2FA,2023-07-01,view_count,2439.0,Prime Energy Strawberry Watermelon (the best flavour?)
youtube,Monster,video,7Y2p3uOJRc0,2020-03-04,view_count,1490.0,Monster Reign Red Dragon (Reed Reviews)
youtube,Reign,video,7Y2p3uOJRc0,2020-03-04,view_count,1490.0,Monster Reign Red Dragon (Reed Reviews)
youtube,Monster,video,7arjH-sGWFM,2025-06-02,view_count,10981406.0,Making the world's most powerful Red Bull
youtube,Monster,video,7iE2hYBLfVc,2023-06-01,view_count,845.0,Exploring Japan's Unique Energy Drink Scene #monsterenergy #energydrinks | Snooze Strategists
youtube,Alani Nu,video,7tftOZUcwGA,2026-01-05,view_count,171.0,Alani Cherry Bomb Energy Drink Review
youtube,Celsius,video,7vRf1HJiqTU,2024-08-21,view_count,5274.0,WHAT CELSIUS ENERGY DRINK REALLY MADE OF #celsius
youtube,Bang,video,7yNLhDSCBWI,2026-02-15,view_count,2.0,The Top 5 Best Sour Heads in 2026 - Must Watch Before Buying!
youtube,Celsius,video,7yNLhDSCBWI,2026-02-15,view_count,2.0,The Top 5 Best Sour Heads in 2026 - Must Watch Before Buying!
youtube,Ghost,video,7yNLhDSCBWI,2026-02-15,view_count,2.0,The Top 5 Best Sour Heads in 2026 - Must Watch Before Buying!
youtube,Prime,video,7yNLhDSCBWI,2026-02-15,view_count,2.0,The Top 5 Best Sour Heads in 2026 - Must Watch Before Buying!
youtube,5-hour Energy,video,8-jYthRBVfQ,2014-12-11,view_count,4282.0,5-5 Hour Energy Drinks Challenge!
youtube,Reign,video,82gQhNxKs1M,2024-02-29,view_count,4364.0,Reign Sour Gummy Worm Energy Drink Review
youtube,Ghost,video,88Iane6IGV0,2021-01-08,view_count,559.0,Ghost Energy Drink Review
youtube,Ghost,video,8G5_qsSN7RQ,2026-01-03,view_count,345.0,Ghost Welch’s Grape Cran: Better Than Welch’s Grape?
youtube,Ghost,video,8J0a_N6uTS8,2021-04-20,view_count,1077.0,Ghost Energy Drink REVIEW! (Citrus Flavor)
youtube,Alani Nu,video,8K9KPyF7PB0,2023-09-25,view_count,316.0,Alani Nu Witches Brew Review
youtube,Celsius,video,8RoDDakNCSs,2024-05-17,view_count,519104.0,The strategy that broke Celsius’ 10-year slump
youtube,Rockstar,video,8WSUO_GGboM,2023-02-06,view_count,1455.0,Rockstar Energy Original Flavor (Reed Reviews)
youtube,Bang,video,8abJ2f30ig4,2023-08-16,view_count,1559362.0,bang energy
youtube,Reign,video,8oC9lEKMwio,2023-03-29,view_count,930.0,Should You Drink Reign Energy Drinks as a Pre-Workout?
youtube,G Fuel,video,8zs06-c4qgs,2020-07-25,view_count,27726.0,GFuel vs Pre-Workout Supplements
youtube,Monster,video,9-EP9w0z_Hw,2024-01-16,view_count,4745.0,Better than the original? | Monster Rehab NEW Green Tea Energy Drink Review
youtube,Bang,video,92jF5aBT008,2019-08-02,view_count,542.0,"The truth about Energy Drinks in the Gym (Bang, Raze, 3D)"
youtube,Monster,video,92uFe6FLDJ0,2011-08-22,view_count,216.0,We understand The best energy drinks last more than 4 hrs because of vitamins!
youtube,Red Bull,video,92uFe6FLDJ0,2011-08-22,view_count,216.0,We understand The best energy drinks last more than 4 hrs because of vitamins!
youtube,Bang,video,9B9RmBcT_vE,2020-04-22,view_count,2596.0,Bang Citrus Twist Energy Drink Taste Test
youtube,G Fuel,video,9BnJUn4tMKA,2020-09-02,view_count,122029.0,TRYING ALL THE G-FUEL FLAVORS OUT NOW & RANKING THEM FROM BEST TO WORST! - 2020
youtube,Bang,video,9MjQOLd6aII,2022-02-16,view_count,436.0,BANG Energy Tier List ~ Ranking every REGULAR flavor of BANG Energy
youtube,Prime,video,9O-214z9LQQ,2024-06-04,view_count,2758.0,Prime's Orange Creamsicle flavor! | Prime Dream Pop Energy Drink Review
youtube,Monster,video,9SYOLygl8iI,2025-04-04,view_count,722855.0,The Insane Rise of White Monster
youtube,Rockstar,video,9WPQL0DbwTw,2022-12-25,view_count,157.0,That New New ￼Rockstar recovery strawberry lemonade￼ energy drink review ￼
youtube,G Fuel,video,9Xouxwiezxc,2024-06-19,view_count,93665.0,Irish People Try G Fuel Energy Drinks
youtube,Celsius,video,9_xl-8e7-pU,2021-08-17,view_count,13534.0,SKINNY JONES - GHOST UNIVERSE
youtube,Ghost,video,9_xl-8e7-pU,2021-08-17,view_count,13534.0,SKINNY JONES - GHOST UNIVERSE
youtube,Reign,video,9bdL2kzARg4,2019-04-17,view_count,28522.0,Reign Total Body Fuel Energy Drink Series Review
youtube,Monster,video,9dxqo45pWI4,2024-07-25,view_count,693.0,Energy Drink Review #47: MONSTER - REHAB TEA + LEMONADE
youtube,NOS,video,9eanElCY5eA,2024-06-06,view_count,14.0,NOS Energy Drink Original Review
youtube,Celsius,video,9f-bl-Wmcv4,2025-11-09,view_count,1249.0,Celsius® Retro Vibe Energy Drink Review! | 1st Time Trying Celsius® | theendorsement
youtube,Rockstar,video,9klYl9gqEQw,2013-06-21,view_count,1033.0,"TPX miXing - ""Rockstar Energy: Recovery (Grape) & SuperSours (Bubbleberry)"""
youtube,Red Bull,video,9pEqyr_uT-k,2024-02-27,view_count,36509364.0,World's Fastest Camera Drone Vs F1 Car (ft. Max Verstappen)
youtube,Prime,video,9pLug5yQKrw,2025-11-30,view_count,24.0,Let'z Go Clean Energy Drink Mix [Healthy Caffeine] Energy Drink Powder With Natural Caffeine Packets
youtube,Monster,video,9w9gWvFw594,2023-02-20,view_count,54531.0,Energy Sip Sunday Showdown! Monster Juice vs C4 Starburst!
youtube,Bang,video,A-9mmkOGgM4,2025-05-14,view_count,198.0,The Ultimate Zero Sugar Energy Drink Test
youtube,Ghost,video,A-9mmkOGgM4,2025-05-14,view_count,198.0,The Ultimate Zero Sugar Energy Drink Test
youtube,Monster,video,A-9mmkOGgM4,2025-05-14,view_count,198.0,The Ultimate Zero Sugar Energy Drink Test
youtube,Reign,video,A-9mmkOGgM4,2025-05-14,view_count,198.0,The Ultimate Zero Sugar Energy Drink Test
youtube,Celsius,video,AC5W-2t-2z0,2023-12-16,view_count,309.0,CELSIUS Sparkling Peach Vibe - Quick Review
youtube,Prime,video,AC5W-2t-2z0,2023-12-16,view_count,309.0,CELSIUS Sparkling Peach Vibe - Quick Review
youtube,Monster,video,AC7dl-TGbkI,2016-10-20,view_count,20176.0,The best energy drink commercial ever made.
youtube,Red Bull,video,ADs8tvU2xDc,2023-09-05,view_count,24981623.0,F1 Car vs MotoGP Bike vs Rally Car: Ultimate Drag Race!
youtube,Rockstar,video,AF_efROTYFU,2022-03-11,view_count,1711.0,Zero Sugar RockStar Taste Like What?
youtube,Celsius,video,AKoPUoJrAh4,2025-03-03,view_count,128.0,Is Celsius Energy Drink Bad For You? - Beverage Buff
youtube,5-hour Energy,video,AMFs4lhGlDQ,2025-11-22,view_count,18.0,How Red Bull Invented the $5 Energy Drink
youtube,Bang,video,AMFs4lhGlDQ,2025-11-22,view_count,18.0,How Red Bull Invented the $5 Energy Drink
youtube,Celsius,video,AMFs4lhGlDQ,2025-11-22,view_count,18.0,How Red Bull Invented the $5 Energy Drink
youtube,Monster,video,AMFs4lhGlDQ,2025-11-22,view_count,18.0,How Red Bull Invented the $5 Energy Drink
youtube,Red Bull,video,AMFs4lhGlDQ,2025-11-22,view_count,18.0,How Red Bull Invented the $5 Energy Drink
youtube,Rockstar,video,AMFs4lhGlDQ,2025-11-22,view_count,18.0,How Red Bull Invented the $5 Energy Drink
youtube,Prime,video,AMiMwOaOXNA,2023-01-11,view_count,255.0,RATING PRIME ENERGY DRINKS!
youtube,Celsius,video,AgHweuXUcXE,2024-08-09,view_count,743.0,The Success Story of Celsius Energy Drinks | How Celsius Became a Billion-Dollar Brand
youtube,Monster,video,Ak53e1K-SWw,2014-11-14,view_count,843053.0,Monster Energy Drink Is The Devil!!
youtube,Bang,video,Az6JMJgktD0,2019-04-25,view_count,3549.0,CTC Review #254 - Monster Reign Energy Drinks: ALL SIX FLAVORS
youtube,Monster,video,Az6JMJgktD0,2019-04-25,view_count,3549.0,CTC Review #254 - Monster Reign Energy Drinks: ALL SIX FLAVORS
youtube,Reign,video,Az6JMJgktD0,2019-04-25,view_count,3549.0,CTC Review #254 - Monster Reign Energy Drinks: ALL SIX FLAVORS
youtube,G Fuel,video,B07MJNs4x8A,2020-05-15,view_count,6207521.0,*Drinks GFUEL once*
youtube,G Fuel,video,B08R-P9phAI,2025-07-29,view_count,40.0,"Mega Man G Fuel Energy Drink, Blue Bomber Slushy Sugar Free Drink Review"
youtube,NOS,video,B2qyEs6BQ1k,2011-04-16,view_count,18496.0,Energy Crisis-- Energy Drink Review #8
youtube,Ghost,video,BKNANY8zrRs,2021-03-15,view_count,1918.0,GHOST ENERGY Tropical Mango - Review & Taste Test!
youtube,Prime,video,BudlT15AnJ0,2025-07-16,view_count,1098.0,"Prime Energy Drinks: Ice Pop, Original, Blue Raspberry, Lemon Lime, Dream Pop, Tropical Punch"
youtube,Bang,video,BzBN7gE-8qE,2017-09-07,view_count,1726.0,Bang Energy Drink Review
youtube,Alani Nu,video,C-_jAUGKp88,2026-03-03,view_count,1079.0,"Alani Nu Lime Slush, Red Bull The Spring Edition Regular & Sugar Free, The Iced Edition Review"
youtube,Red Bull,video,C-_jAUGKp88,2026-03-03,view_count,1079.0,"Alani Nu Lime Slush, Red Bull The Spring Edition Regular & Sugar Free, The Iced Edition Review"
youtube,Celsius,video,C6-PQPfuaHo,2016-05-19,view_count,8922.0,How to Burn more calories now! Celsius Review
youtube,Celsius,video,CCk4RxeS3NE,2025-10-27,view_count,10.0,⚡ CELSIUS Cosmic Vibe Review | Sparkling Fruit Punch Energy Drink Taste Test 🚀
youtube,G Fuel,video,CG4WZB72pRc,2021-08-11,view_count,431026.0,DRINKING EVERY GFUEL FLAVOR
youtube,Celsius,video,CGrVHJfwjEg,2025-02-26,view_count,86349.0,Irish People Try Celsius Energy Drinks For The First Time
youtube,Ghost,video,CNgp2Q3LbcQ,2024-05-01,view_count,499.0,"Best Energy Drinks 2024 : RYSE , Ghost , Gorilla Mind , Redcon , Bucked up"
youtube,Alani Nu,video,CQFgJqNc3_Y,2021-03-09,view_count,8598.0,BEST ENERGY DRINK REVIEW | Bang Energy vs. GHOST vs. Alani Nu vs. Guru
youtube,Ghost,video,CQFgJqNc3_Y,2021-03-09,view_count,8598.0,BEST ENERGY DRINK REVIEW | Bang Energy vs. GHOST vs. Alani Nu vs. Guru
youtube,Red Bull,video,CU9_u8DG71s,2020-09-24,view_count,84981.0,Is RED BULL SUGAR FREE keto/low carb friendly?  Healthy?
youtube,Alani Nu,video,CWoCe0indms,2019-09-09,view_count,12111.0,Alani Nu Balance 30 Day Review & Results
youtube,Bang,video,CWqIaCUR8HY,2020-12-03,view_count,1300.0,Why Do You Drink Energy Drinks?  | Bang Energy Drink Pina Colada Review | Dad's Energy Drink Review
youtube,Reign,video,CWqIaCUR8HY,2020-12-03,view_count,1300.0,Why Do You Drink Energy Drinks?  | Bang Energy Drink Pina Colada Review | Dad's Energy Drink Review
youtube,Reign,video,CXyand7IATQ,2025-02-14,view_count,1462.0,Reign Total Body Fuel Melon Mania Review
youtube,Reign,video,ClLoqj5gEHQ,2024-09-28,view_count,136.0,Reign Storm Clean Energy #review
youtube,Monster,video,Clcsjs0NOEA,2022-10-28,view_count,6796.0,Red Bull Energy Drink Good for Health or Not | Red Bull Energy Drink Review Benefits & Side effects
youtube,Red Bull,video,Clcsjs0NOEA,2022-10-28,view_count,6796.0,Red Bull Energy Drink Good for Health or Not | Red Bull Energy Drink Review Benefits & Side effects
youtube,Red Bull,video,Cm2XFvZD9EA,2024-06-25,view_count,2776.0,Flavored Sugar Free Red Bull?!?! | Red Bull Sugar Free Amber & Sugar Free Watermelon Review
youtube,Bang,video,CmW30izYzwQ,2017-11-18,view_count,12082.0,WHATS BANG ENERGY DRINKS?! | Ashley Esguerra
youtube,Monster,video,Cv3cqTowZi4,2023-01-19,view_count,1838.0,Monster Energy Zero Sugar Review | Did Monster Finally Do It?!?
youtube,Ghost,video,CwIS3Z44dHU,2026-02-11,view_count,86.0,New Blue Raspberry Slushee Ghost Energy Drink Review & Taste Test
youtube,Monster,video,D3xbTK5tb10,2026-04-15,view_count,115.0,Every Energy Drink Explained in 8 Minutes
youtube,Red Bull,video,D3xbTK5tb10,2026-04-15,view_count,115.0,Every Energy Drink Explained in 8 Minutes
youtube,Rockstar,video,D3xbTK5tb10,2026-04-15,view_count,115.0,Every Energy Drink Explained in 8 Minutes
youtube,Prime,video,D4CINNWcqYY,2023-05-14,view_count,52288.0,Is Prime Actually Good For You? | Joe Rogan
youtube,Rockstar,video,D58mNv5I1Hc,2013-12-31,view_count,12398.0,Energy Crisis—Energy Drink Review #92 Rockstar Super Sours
youtube,Celsius,video,DDpOmkYvhVs,2023-11-16,view_count,613.0,This Was Interesting | Celsius Live Fit Essentials Energy Drink REVIEW | Orangesicle
youtube,Celsius,video,DH549nxevc4,2025-03-30,view_count,70.0,Peach Mango + Green Tea by Celsius Food / Drink Review | Non-Carbonated
youtube,Reign,video,DIPflizM_2g,2021-09-07,view_count,134.0,Reign Total Body Fuel White Gummy Bear Drink Review
youtube,NOS,video,DKECvFQfSyE,2026-04-04,view_count,138.0,NOS Grand Prix guava new energy drink flavor review
youtube,Prime,video,DM-yM1BVMgY,2023-03-05,view_count,417.0,Is Drinking Logan Paul's Prime a Bonafide Crime? | Prime Energy Drink Review
youtube,Ghost,video,DMB0TJNdauE,2023-01-10,view_count,6710.0,Ghost Cherry Limeade Energy Drink Review. Is it the Best Cherry Limeade out there?
youtube,Bang,video,DNTNXJ8mDJw,2018-08-23,view_count,471696.0,is Bang energy drink good for you? NOPE! 4 Reasons Why! (Brutally Honest Review)
youtube,Bang,video,DS8gigf0CtA,2023-04-19,view_count,325499.0,Garou VS Bang With Healthbars | One Punch Man
youtube,Monster,video,DStU0zpBzjk,2023-01-19,view_count,3989.0,Monster Energy Zero Sugar Review
youtube,Red Bull,video,DYQylmDctZY,2022-05-30,view_count,3555.0,What happens when you drink Red Bull? Effects of Red Bull on the body - Energy drink side effects
youtube,Monster,video,DeK-u0Gm4zs,2011-11-27,view_count,94996.0,Energy Drink Review: Monster
youtube,Celsius,video,DjUxtL_GAXI,2020-06-03,view_count,1350.0,Burning Calories 🔥| Celsius Drink Review
youtube,Prime,video,DqzYjrwrPnM,2023-01-12,view_count,807212.0,Gordon Ramsay Reacts to KSI's Prime...
youtube,5-hour Energy,video,Drv3T7IXZDs,2012-05-30,view_count,3799.0,Is 5-Hour Energy Drink Good for You?
youtube,Reign,video,DuuFgfcQ2wU,2026-01-27,view_count,254.0,REIGN watermelon sour gummy energy drink review
youtube,Bang,video,DwMADC05tj0,2020-01-03,view_count,1914.0,Bang® Energy Miami Cola Review! | My 1st Time Trying Bang® Energy!
youtube,G Fuel,video,E2ZHTKfCZJc,2023-07-28,view_count,246.0,G FUEL - HYPE SAUCE HYDRATION REVIEW!
youtube,Monster,video,E2f_WBv245o,2023-07-28,view_count,719.0,The Evolution of Energy Drinks!
youtube,Monster,video,EBwhJLmCGW0,2020-11-25,view_count,33255.0,Monster Energy Drink | Zero Sugar | Product Commercial
youtube,Monster,video,EHMm9TS3R-o,2022-12-05,view_count,16438.0,Can You Use Energy Drinks While Fasting? 🤔 [Simple answer + Pros/Cons]
youtube,Red Bull,video,EHMm9TS3R-o,2022-12-05,view_count,16438.0,Can You Use Energy Drinks While Fasting? 🤔 [Simple answer + Pros/Cons]
youtube,Celsius,video,EHfirEQ1_7A,2023-02-20,view_count,16.0,Celsius drink reviews |  Celsius Drink | Energy Drink | Sports Drink | Celsius Energy Drink
youtube,Monster,video,EHkozMIXZ8w,2013-12-17,view_count,1026057084.0,Eminem ft. Rihanna - The Monster (Explicit) [Official Video]
youtube,Alani Nu,video,ER2RE_2-KL0,2025-11-27,view_count,117.0,Is It Any Good? | Alani Nu Winter Wonderland 2025 Review
youtube,5-hour Energy,video,ET3nHeHxE3U,2025-07-15,view_count,4728179.0,Introducing Transfusion Extra Strength 5-hour ENERGY® Shot
youtube,Monster,video,EXGGjFPXnow,2026-04-20,view_count,184.0,Trying Zero Sugar Energy Drinks!!!
youtube,Bang,video,EcZKD-lnljg,2018-11-11,view_count,1389.0,Ultimate Energy Drink Taste Taste Sugar Free Grape
youtube,Monster,video,EcZKD-lnljg,2018-11-11,view_count,1389.0,Ultimate Energy Drink Taste Taste Sugar Free Grape
youtube,Red Bull,video,EcZKD-lnljg,2018-11-11,view_count,1389.0,Ultimate Energy Drink Taste Taste Sugar Free Grape
youtube,Rockstar,video,EcZKD-lnljg,2018-11-11,view_count,1389.0,Ultimate Energy Drink Taste Taste Sugar Free Grape
youtube,Ghost,video,Edu9KIr5u80,2023-02-07,view_count,4580.0,Are Energy Drinks Like Monster Bad For Your Health?
youtube,Monster,video,Edu9KIr5u80,2023-02-07,view_count,4580.0,Are Energy Drinks Like Monster Bad For Your Health?
youtube,Monster,video,EeeAggw4Mrc,2019-04-26,view_count,158699.0,You will NOT DRINK MONSTER again after watching this video | How many sugar is in zero energy drink?
youtube,Red Bull,video,EjPnqRzyv8M,2017-02-11,view_count,58540.0,MONSTER vs RED BULL
youtube,Monster,video,ExHi7vHVx3I,2021-03-29,view_count,733.0,The BEST Monster Energy Drink (Sugar Free Edition)
youtube,Bang,video,F5OphUQNw_Q,2019-01-23,view_count,2001.0,U.S. Energy Drinks Market Analysis | Deep Dish CPG Ep.19
youtube,Ghost,video,FCV1YX-3PyA,2023-03-27,view_count,12548.0,Ranking EVERY Ghost Energy Drink Flavor
youtube,Prime,video,FLFDMOiGOoE,2024-06-17,view_count,605.0,Pureboost Clean Antioxidant Energy Drink Mix - HONEST REVIEW
youtube,Bang,video,FMkxnE7qyJ8,2020-09-08,view_count,19921.0,"Monster Reign VS Bang Energy Drink; EVERYTHING You Need To Know; Lawsuits, Profits, All CM Ratings"
youtube,Prime,video,FP2KCP4_Vl0,2018-09-29,view_count,11313.0,Is GAMER Energy a Thing? | Sneak Review
youtube,Bang,video,FPklseRy7CQ,2021-03-07,view_count,269519.0,ULTIMATE ENERGY DRINK TASTE TEST!! TRYING EVERY BANG!!
youtube,Red Bull,video,FVeJ3dqh1Ik,2026-03-15,view_count,10.0,The Truck Driver's Drink That Conquered the World
youtube,Reign,video,Fh5wyvOHM1Q,2020-01-28,view_count,306.0,Honest Reign Energy Drink Review
youtube,5-hour Energy,video,Fm4pvEM01hU,2022-05-11,view_count,176.0,First Taste Energy Drink Review - 5 Hour Energy Grape
youtube,Monster,video,FqrrnL085lg,2012-10-25,view_count,48680.0,Monster Energy Drink maker sued over teen's death
youtube,Monster,video,FtkryazTTDA,2023-03-14,view_count,228.0,Rating PRIME ENERGY in Canada! “Best Energy Drinks I’ve Ever Had”
youtube,Prime,video,FtkryazTTDA,2023-03-14,view_count,228.0,Rating PRIME ENERGY in Canada! “Best Energy Drinks I’ve Ever Had”
youtube,Rockstar,video,FtkryazTTDA,2023-03-14,view_count,228.0,Rating PRIME ENERGY in Canada! “Best Energy Drinks I’ve Ever Had”
youtube,Celsius,video,G6tQgOrmjIo,2023-11-19,view_count,540697.0,BEST ENERGY DRINKS RANKING
youtube,Ghost,video,G6tQgOrmjIo,2023-11-19,view_count,540697.0,BEST ENERGY DRINKS RANKING
youtube,Monster,video,G6tQgOrmjIo,2023-11-19,view_count,540697.0,BEST ENERGY DRINKS RANKING
youtube,Prime,video,G6tQgOrmjIo,2023-11-19,view_count,540697.0,BEST ENERGY DRINKS RANKING
youtube,Red Bull,video,G6tQgOrmjIo,2023-11-19,view_count,540697.0,BEST ENERGY DRINKS RANKING
youtube,Reign,video,G6tQgOrmjIo,2023-11-19,view_count,540697.0,BEST ENERGY DRINKS RANKING
youtube,Red Bull,video,G8HqOWHA4H8,2016-01-05,view_count,16077995.0,Red Bull Signature Series - Red Bull Rampage 2015 FULL TV EPISODE
youtube,Prime,video,GKd8UlwJsh8,2026-01-29,view_count,427.0,FALLOUT ARIZONA TEA review with husband
youtube,5-hour Energy,video,GN6ZP3WUHJ8,2025-04-07,view_count,543.0,Military Pilot Ranks Energy Drinks: Some of These Are Jet Fuel…
youtube,Celsius,video,GN6ZP3WUHJ8,2025-04-07,view_count,543.0,Military Pilot Ranks Energy Drinks: Some of These Are Jet Fuel…
youtube,Monster,video,GN6ZP3WUHJ8,2025-04-07,view_count,543.0,Military Pilot Ranks Energy Drinks: Some of These Are Jet Fuel…
youtube,NOS,video,GN6ZP3WUHJ8,2025-04-07,view_count,543.0,Military Pilot Ranks Energy Drinks: Some of These Are Jet Fuel…
youtube,Red Bull,video,GN6ZP3WUHJ8,2025-04-07,view_count,543.0,Military Pilot Ranks Energy Drinks: Some of These Are Jet Fuel…
youtube,Reign,video,GN6ZP3WUHJ8,2025-04-07,view_count,543.0,Military Pilot Ranks Energy Drinks: Some of These Are Jet Fuel…
youtube,Monster,video,GOflj7zuGEA,2023-09-18,view_count,142.0,I Tried Out The BEST Gaming Energy Drinks
youtube,Rockstar,video,GOflj7zuGEA,2023-09-18,view_count,142.0,I Tried Out The BEST Gaming Energy Drinks
youtube,Zoa,video,GOflj7zuGEA,2023-09-18,view_count,142.0,I Tried Out The BEST Gaming Energy Drinks
youtube,Monster,video,GWmBxMQKpk0,2023-02-01,view_count,4384.0,Ranking Reign Energy drink from Worst to BEST
youtube,Reign,video,GWmBxMQKpk0,2023-02-01,view_count,4384.0,Ranking Reign Energy drink from Worst to BEST
youtube,Ghost,video,GXLX81CBUDQ,2020-09-08,view_count,21077.0,Ghost Energy RTD Drink Review | Basic Breakdown
youtube,Celsius,video,GjX-saMCPG4,2025-10-26,view_count,26.0,My Honest Review: Tried Celsius So You Don’t Have To!
youtube,Ghost,video,GmKqvcfIUIM,2022-04-18,view_count,49879.0,Mtn Dew DrDisRespect Game Fuel vs Ghost Swedish Fish! (Energy Sip Sundays)
youtube,Bang,video,Gsl3qMryHwQ,2020-05-10,view_count,3241.0,TASTE TESTING EVERY BANG ENERGY DRINK |Are They Actually That Good? |
youtube,Prime,video,H10LuS2aJ3U,2023-03-05,view_count,37352.0,The Effects of Working Out on Energy Drinks
youtube,Red Bull,video,H10LuS2aJ3U,2023-03-05,view_count,37352.0,The Effects of Working Out on Energy Drinks
youtube,Prime,video,HCk7OlI_v20,2023-07-10,view_count,4153.0,"FDA asked to look into Logan Paul's energy drink, which has caffeine of 6 Cokes"
youtube,Bang,video,HDtiRAy6zjY,2022-03-03,view_count,4718.0,"Energy drink review . Ghost energy ,C4 energy , Celsius , Bang energy"
youtube,Celsius,video,HDtiRAy6zjY,2022-03-03,view_count,4718.0,"Energy drink review . Ghost energy ,C4 energy , Celsius , Bang energy"
youtube,Ghost,video,HDtiRAy6zjY,2022-03-03,view_count,4718.0,"Energy drink review . Ghost energy ,C4 energy , Celsius , Bang energy"
youtube,Alani Nu,video,HEjxI1NDP9E,2024-07-27,view_count,93.0,Alani Nu Review: Unleashing the Power of Clean Energy and Nutrition for Your Fitness Journey
youtube,Bang,video,HFdWnRxU0B4,2026-03-12,view_count,143385.0,"Garou vs Bomb, Bang and Fubuki sneak peek"
youtube,Celsius,video,HL1mX7DRio4,2016-05-26,view_count,111.0,Pre Workout Celsius Review
youtube,Bang,video,HLEGbijWBAU,2019-12-03,view_count,2973.0,CTC Review #317 - Ranking All 20 Bang Energy Drink Flavors (with 2 New Flavors)
youtube,Alani Nu,video,HTvgvDCvuLI,2023-01-13,view_count,1916.0,Alani Nu vs Ghost Protein Shakes - Which one tastes like what it's supposed to?
youtube,Ghost,video,HTvgvDCvuLI,2023-01-13,view_count,1916.0,Alani Nu vs Ghost Protein Shakes - Which one tastes like what it's supposed to?
youtube,Monster,video,HehDctQB0l0,2024-11-03,view_count,42046.0,Blind Energy Drink Taste Test
youtube,NOS,video,HehDctQB0l0,2024-11-03,view_count,42046.0,Blind Energy Drink Taste Test
youtube,Prime,video,HehDctQB0l0,2024-11-03,view_count,42046.0,Blind Energy Drink Taste Test
youtube,Red Bull,video,HehDctQB0l0,2024-11-03,view_count,42046.0,Blind Energy Drink Taste Test
youtube,Rockstar,video,HehDctQB0l0,2024-11-03,view_count,42046.0,Blind Energy Drink Taste Test
youtube,Prime,video,HjEKWdOPFnY,2023-02-23,view_count,473.0,Prime Energy: Are These the Best Tasting Energy Drinks?
youtube,Alani Nu,video,Hr93ZRajrY0,2023-09-14,view_count,3518.0,Alani Nu Fat Burner Review: A Doctor's Honest Opinion
youtube,Celsius,video,HrXyLxoxQZE,2026-05-08,view_count,28.0,Every Common Energy Drink Brand Explained🥃🍷🍾🍸#EnergyDrinks #RedBull #MonsterEnergy #Celsius
youtube,Ghost,video,HrXyLxoxQZE,2026-05-08,view_count,28.0,Every Common Energy Drink Brand Explained🥃🍷🍾🍸#EnergyDrinks #RedBull #MonsterEnergy #Celsius
youtube,Red Bull,video,HrXyLxoxQZE,2026-05-08,view_count,28.0,Every Common Energy Drink Brand Explained🥃🍷🍾🍸#EnergyDrinks #RedBull #MonsterEnergy #Celsius
youtube,Reign,video,HrXyLxoxQZE,2026-05-08,view_count,28.0,Every Common Energy Drink Brand Explained🥃🍷🍾🍸#EnergyDrinks #RedBull #MonsterEnergy #Celsius
youtube,Alani Nu,video,Ht2KGsSQSK0,2021-02-26,view_count,4514.0,💥Alani Nu Energy Drink Review!💥
youtube,Monster,video,HuXJHgftBRY,2023-02-13,view_count,6073.0,Rockstar vs. NOS vs. Red Bull vs. Monster | *ENERGY DRINK BLIND TASTE TEST* ⚡🥃
youtube,NOS,video,HuXJHgftBRY,2023-02-13,view_count,6073.0,Rockstar vs. NOS vs. Red Bull vs. Monster | *ENERGY DRINK BLIND TASTE TEST* ⚡🥃
youtube,Red Bull,video,HuXJHgftBRY,2023-02-13,view_count,6073.0,Rockstar vs. NOS vs. Red Bull vs. Monster | *ENERGY DRINK BLIND TASTE TEST* ⚡🥃
youtube,Rockstar,video,HuXJHgftBRY,2023-02-13,view_count,6073.0,Rockstar vs. NOS vs. Red Bull vs. Monster | *ENERGY DRINK BLIND TASTE TEST* ⚡🥃
youtube,Monster,video,I0I8IIngDko,2023-12-20,view_count,561.0,How much can you make driving trucks for MONSTER ENERGY 👀💰😳 #trucking  #monstertruck
youtube,Ghost,video,I4740kv2Ato,2022-05-14,view_count,350.0,Ghost energy drink. The  orange cream flavor  is delicious
youtube,Celsius,video,I540lf9zEz8,2025-01-10,view_count,3157.0,Celsius Powder vs. Can: The Ultimate Celsius Drink Showdown!
youtube,NOS,video,I7B2vh_NuPM,2022-09-01,view_count,171.0,NOS Energy Drink Review (With Rodney)
youtube,NOS,video,ILUZ0ax3530,2021-02-20,view_count,29.0,NOS Turbo Energy Drink  review
youtube,5-hour Energy,video,IPrdDlysmuQ,2024-07-16,view_count,755.0,The Genius Packaging That Made 5-Hour Energy a Billion-Dollar Brand!
youtube,G Fuel,video,IZO8TPuvzd4,2021-04-09,view_count,69873.0,xQc The Juice G-Fuel Flavor Review!
youtube,Monster,video,IgKwP7Slohs,2025-10-04,view_count,1633.0,Monster Energy Electric Blue Review
youtube,G Fuel,video,IgqSrndzdJM,2019-05-25,view_count,129535.0,NEW G-Fuel ROMAN ATWOOD'S BAHAMA MAMA First Look AND Taste Test! - WITH G-FUEL 2GO SCOOPER
youtube,Celsius,video,IrwtKZ3Fyao,2025-05-30,view_count,1658.0,"$1 Drinks Weekend: Celsius, REDCON1, & PRIME"
youtube,Prime,video,IrwtKZ3Fyao,2025-05-30,view_count,1658.0,"$1 Drinks Weekend: Celsius, REDCON1, & PRIME"
youtube,Celsius,video,IvHWJvweb6Y,2025-02-12,view_count,32.0,Cherry Limeade by Celsius | Essentials | Monster Can | Food / Drink Review
youtube,5-hour Energy,video,IwmErLsCOBI,2022-11-09,view_count,31.0,5 Hour Energy Full Size Energy Drink
youtube,G Fuel,video,IyfNZrhhA4k,2025-02-12,view_count,1653.0,G Fuel Bendy Demon Ink Energy Formula Unboxing/ Review
youtube,Celsius,video,J-jHAKD0w2c,2025-02-17,view_count,39.0,Dragonberry by Celsius | Essentials | Monster Can | Food / Drink Review
youtube,Reign,video,J6gb2KBA9r8,2022-04-30,view_count,1324.0,Reign Energy Drink Power Rankings (Which is Worst and Which is Best?)
youtube,Celsius,video,J7zkHioSP0s,2024-06-11,view_count,22425.0,"No, B12 in Celsius energy drinks is not made from sludge found at human sewage treatment plants"
youtube,Red Bull,video,JCWaDppZXTc,2014-04-24,view_count,48976.0,Red Bull Line Up Review - Red Bull vs Red vs Blue vs Silver
youtube,5-hour Energy,video,JIQXBBz36ss,2017-08-25,view_count,3165.0,5 Hour Energy Ingredients Explained
youtube,Red Bull,video,JIgFepXPoT0,2021-01-28,view_count,4904031.0,We Drink As Much Red Bull As Humanly Possible
youtube,Monster,video,JM6D6-fVJ3g,2021-07-09,view_count,1915.0,Are Clean Energy Drinks HEALTHY?
youtube,Monster,video,JX6S4CYHNXg,2019-06-26,view_count,24442.0,Coffee Vs Energy Drinks - Which is Better for Studying
youtube,Monster,video,JXMyZ929lpY,2014-09-17,view_count,59943248.0,"Monster Energy: Ballistic BJ Baldwin Recoil 2 - Unleashed in Ensenada, Mexico"
youtube,G Fuel,video,JYglC1SkvWg,2019-11-04,view_count,31603.0,SNEAK vs G FUEL: who makes the better Cherry flavour?  Powdered energy drink review/comparison!
youtube,Celsius,video,JhnN6M1p_6o,2022-05-21,view_count,3206.0,Celsius Energy Drink Reviews; Strawberry Lemonade & Arctic Vibe Frozen Berry
youtube,Celsius,video,JiCTEv0XEVE,2025-07-20,view_count,46.0,CELSIUS Hydration Blue Razz Review – Daily Electrolyte Boost for Work & Workouts!
youtube,Alani Nu,video,JjljmhHr_2A,2024-08-22,view_count,1535.0,"ZOA Energy Drink Brand a Failure? | How Can Dwayne ""The Rock"" Johnson & Molson Coors Fix It?"
youtube,Ghost,video,JjljmhHr_2A,2024-08-22,view_count,1535.0,"ZOA Energy Drink Brand a Failure? | How Can Dwayne ""The Rock"" Johnson & Molson Coors Fix It?"
youtube,Zoa,video,JjljmhHr_2A,2024-08-22,view_count,1535.0,"ZOA Energy Drink Brand a Failure? | How Can Dwayne ""The Rock"" Johnson & Molson Coors Fix It?"
youtube,Red Bull,video,K55FtYM_eD8,2024-05-25,view_count,12363.0,Red Bull vs Original Thai Red Bull - Full Review - Krating Daeng
youtube,Monster,video,KBd2K-_g_vc,2019-10-22,view_count,455131.0,Review Of Every Flavor Of Monster Energy in 15 Seconds or Less!
youtube,Rockstar,video,KBd2K-_g_vc,2019-10-22,view_count,455131.0,Review Of Every Flavor Of Monster Energy in 15 Seconds or Less!
youtube,Monster,video,KJLGyrmEk9A,2020-02-19,view_count,585.0,Top 5 Best Zero Sugar Energy Drinks In 2020
youtube,Red Bull,video,KMkl-aC4SYI,2025-01-29,view_count,5357.0,It uses Monkfruit!?!?!? | Red Bull Zero Review
youtube,Bang,video,KOJMHRTlMNM,2018-10-18,view_count,2267.0,MONSTER vs BANG | Lawsuit Explained by Jay Manfre
youtube,Monster,video,KOJMHRTlMNM,2018-10-18,view_count,2267.0,MONSTER vs BANG | Lawsuit Explained by Jay Manfre
youtube,Red Bull,video,KQhFj8NyRVE,2022-01-25,view_count,35369.0,The Ultimate Red Bull Taste Test: Unveiling the Flavorful Lineup!
youtube,5-hour Energy,video,KcpYZCXL5kY,2023-05-16,view_count,3734.0,25 Hours of Energy!!! |  Five 5 hour energy drink flavors reviewed
youtube,Bang,video,Kk8R1h2PciY,2025-03-01,view_count,14328.0,Drinking EVERY Energy Drink for Science
youtube,Ghost,video,Kk8R1h2PciY,2025-03-01,view_count,14328.0,Drinking EVERY Energy Drink for Science
youtube,Monster,video,Kk8R1h2PciY,2025-03-01,view_count,14328.0,Drinking EVERY Energy Drink for Science
youtube,NOS,video,Kk8R1h2PciY,2025-03-01,view_count,14328.0,Drinking EVERY Energy Drink for Science
youtube,Reign,video,Kk8R1h2PciY,2025-03-01,view_count,14328.0,Drinking EVERY Energy Drink for Science
youtube,G Fuel,video,KqVhXcp7FV8,2026-04-30,view_count,20.0,GFUEL SAGE MODE TASTE TEST & REVIEW 🍑
youtube,Alani Nu,video,Kr_PMyydlCw,2023-03-14,view_count,5901.0,Bang Energy Bankruptcy Update | Monster Energy Acquires Bang Energy | CEO Jack Owoc Ousted
youtube,Bang,video,Kr_PMyydlCw,2023-03-14,view_count,5901.0,Bang Energy Bankruptcy Update | Monster Energy Acquires Bang Energy | CEO Jack Owoc Ousted
youtube,Celsius,video,Kr_PMyydlCw,2023-03-14,view_count,5901.0,Bang Energy Bankruptcy Update | Monster Energy Acquires Bang Energy | CEO Jack Owoc Ousted
youtube,Ghost,video,Kr_PMyydlCw,2023-03-14,view_count,5901.0,Bang Energy Bankruptcy Update | Monster Energy Acquires Bang Energy | CEO Jack Owoc Ousted
youtube,Monster,video,Kr_PMyydlCw,2023-03-14,view_count,5901.0,Bang Energy Bankruptcy Update | Monster Energy Acquires Bang Energy | CEO Jack Owoc Ousted
youtube,Reign,video,KsFXyM2Mgi0,2025-02-05,view_count,597.0,Reign Total Body Fuel Sour Gummy Worm Energy Drink Review
youtube,NOS,video,Kv_tN3K-8Bc,2022-09-25,view_count,353.0,Nos energy drink review/chug- original flavor.
youtube,Celsius,video,KwE_vXJyrCI,2025-01-23,view_count,30.0,Blue Crush by Celsius | Essentials | Monster Can | Food / Drink Review
youtube,Monster,video,KwE_vXJyrCI,2025-01-23,view_count,30.0,Blue Crush by Celsius | Essentials | Monster Can | Food / Drink Review
youtube,Ghost,video,L6O3XZiQ7iw,2024-06-22,view_count,1418.0,ALL 7 Rockstar Focus Energy Drinks Reviewed! Will Rockstar Focus be the center of your attention?
youtube,Rockstar,video,L6O3XZiQ7iw,2024-06-22,view_count,1418.0,ALL 7 Rockstar Focus Energy Drinks Reviewed! Will Rockstar Focus be the center of your attention?
youtube,G Fuel,video,LDQNeXPw9T8,2024-08-04,view_count,7.0,G Fuel Crash Bandicoot Energy Drink Sugar Free16 oz can Flash Review
youtube,Red Bull,video,LFlbnqiHmek,2023-12-28,view_count,589688.0,How Red Bull Ended Up With An Unbeatable Monster
youtube,Rockstar,video,LNpID_gCJnQ,2023-09-08,view_count,1247.0,Rockstar LIED!!! Rockstar Punched Sour Cherry Energy Drink Review
youtube,Monster,video,LO62Xr_h2dk,2022-08-30,view_count,33202.0,10 Reasons Why Monster Energy Is So Hated
youtube,Red Bull,video,LO62Xr_h2dk,2022-08-30,view_count,33202.0,10 Reasons Why Monster Energy Is So Hated
youtube,Bang,video,LRiasEKCQzc,2019-11-12,view_count,2022.0,Testing ALL the BANG ENERGY flavors w/ JOOGSQUAD
youtube,5-hour Energy,video,LTNp-XFtzxA,2012-11-21,view_count,43002.0,5-Hour Energy: The facts behind the energy booster
youtube,Celsius,video,LTVD5mllGsw,2023-02-08,view_count,9815.0,Is Celsius Worse than Other Energy Drinks?
youtube,Prime,video,LhyxgcSz7AU,2025-06-27,view_count,40.0,Green Tea Red Apple Energy Drink by Arizona | Fallout Inspired | Food / Drink Review
youtube,Monster,video,Ll6xdqKoaIM,2025-07-09,view_count,6412.0,Ranking Energy Drinks with memes
youtube,Prime,video,Ll6xdqKoaIM,2025-07-09,view_count,6412.0,Ranking Energy Drinks with memes
youtube,Red Bull,video,Ll6xdqKoaIM,2025-07-09,view_count,6412.0,Ranking Energy Drinks with memes
youtube,Prime,video,Lq7HdqayjOQ,2023-01-09,view_count,4573.0,NEW Prime Energy Drink Review
youtube,Monster,video,LtDebQONdvA,2025-07-21,view_count,12833.0,Red Bull & Monster: Inside the CARTEL That Controls Action Sports
youtube,Red Bull,video,LtDebQONdvA,2025-07-21,view_count,12833.0,Red Bull & Monster: Inside the CARTEL That Controls Action Sports
youtube,Celsius,video,M5HExGvpJmo,2021-08-05,view_count,140.0,CELSIUS ENERGY DRINK REVIEW AND TASTE TEST
youtube,Alani Nu,video,M84BMPnid2o,2022-04-27,view_count,576.0,Alani Nu Cosmic Stardust Energy Drink Review
youtube,Monster,video,MAsAnopTbcM,2026-04-05,view_count,10.0,The Top 5 Best Monster Rehab Strawberry Lemonade in 2026 - Must Watch Before Buying!
youtube,Reign,video,MAsAnopTbcM,2026-04-05,view_count,10.0,The Top 5 Best Monster Rehab Strawberry Lemonade in 2026 - Must Watch Before Buying!
youtube,Rockstar,video,MAsAnopTbcM,2026-04-05,view_count,10.0,The Top 5 Best Monster Rehab Strawberry Lemonade in 2026 - Must Watch Before Buying!
youtube,Monster,video,MEOpQw1QWBk,2022-03-30,view_count,3969.0,MONSTER ENERGY TIER LIST | MONSTER MATCH UPS | EVERY MONSTER CAN
youtube,Bang,video,MFsyDQjDiwA,2021-02-03,view_count,512.0,Is it HOT! | Celsius Live Fit Heat and On the Go Packet Review | Dustin Diamond Poirier Approved
youtube,Celsius,video,MFsyDQjDiwA,2021-02-03,view_count,512.0,Is it HOT! | Celsius Live Fit Heat and On the Go Packet Review | Dustin Diamond Poirier Approved
youtube,Zoa,video,MGb54TWYqfo,2024-06-19,view_count,80.0,"HOW DOES IT TASTE?? ZOA Zero Sugar Energy Drinks, Green Apple"
youtube,Prime,video,MJc1ZGhFYEM,2025-06-23,view_count,31.0,Green Tea Pomegranate Energy Drink by Arizona | Fallout Inspired | Food / Drink Review
youtube,Bang,video,MJw48rYjHWU,2021-12-29,view_count,3448.0,VOOZ BLUE RAZZ ENERGY DRINK REVIEW (FROM BANG ENERGY)
youtube,Alani Nu,video,MMTYtM7_9lE,2025-04-30,view_count,472.0,Trying This Energy Drink for the First time? (Alani Energy Drink Review)
youtube,Red Bull,video,MQGeedSnvwQ,2022-08-16,view_count,13686.0,"Red Bull Zero Vs, Red Bull Sugar Free"
youtube,Bang,video,MSF2oCffvhE,2026-04-27,view_count,1395.0,The Monster vs Big Bang When Undefeated Champions Collide
youtube,Monster,video,MSF2oCffvhE,2026-04-27,view_count,1395.0,The Monster vs Big Bang When Undefeated Champions Collide
youtube,Reign,video,MSF2oCffvhE,2026-04-27,view_count,1395.0,The Monster vs Big Bang When Undefeated Champions Collide
youtube,G Fuel,video,MURFLt1E1Rw,2023-05-09,view_count,42148.0,GFUEL vs GamerSupps (Doctor Reviewed)
youtube,Red Bull,video,MWYmi4v9wYg,2022-03-15,view_count,6392.0,Energy drink to improve Concentration & increase sitting hours while studying for exam | study tips
youtube,Monster,video,MfspKGJ2Qyc,2019-07-17,view_count,250.0,Deadcarpet Energy Drink Reviews - Green Tea Monster Dragon Tea
youtube,Alani Nu,video,Mg1VGRtACTA,2020-07-26,view_count,664.0,Deadcarpet Energy Drink Reviews - Matcha Guru Organic Energy Energy Drink
youtube,Rockstar,video,Mk11GpaSw7M,2014-02-20,view_count,10669.0,"Energy Crisis, Three Year Anniversary Review -- Rockstar Pure Zero"
youtube,Ghost,video,Mr6WGT-wgcs,2023-03-12,view_count,4415.0,GHOST ENERGY DRINKS ARE SCARY GOOD !!
youtube,Bang,video,Mz4obdTVgx0,2020-11-25,view_count,76714.0,Review of Every Bang Energy Drink Flavor
youtube,Bang,video,N4mxQuxhC5A,2021-01-17,view_count,446404.0,Which Energy Drink is Number One? | Bless Your Rank
youtube,Monster,video,N4mxQuxhC5A,2021-01-17,view_count,446404.0,Which Energy Drink is Number One? | Bless Your Rank
youtube,NOS,video,N4mxQuxhC5A,2021-01-17,view_count,446404.0,Which Energy Drink is Number One? | Bless Your Rank
youtube,Red Bull,video,N4mxQuxhC5A,2021-01-17,view_count,446404.0,Which Energy Drink is Number One? | Bless Your Rank
youtube,Reign,video,N4mxQuxhC5A,2021-01-17,view_count,446404.0,Which Energy Drink is Number One? | Bless Your Rank
youtube,Rockstar,video,N4mxQuxhC5A,2021-01-17,view_count,446404.0,Which Energy Drink is Number One? | Bless Your Rank
youtube,Bang,video,N8kH3v2V0KY,2019-06-01,view_count,16844.0,NEW KING?! Monster REIGN Energy Drink vs BANG Review | ALL Flavors!
youtube,Monster,video,N8kH3v2V0KY,2019-06-01,view_count,16844.0,NEW KING?! Monster REIGN Energy Drink vs BANG Review | ALL Flavors!
youtube,Reign,video,N8kH3v2V0KY,2019-06-01,view_count,16844.0,NEW KING?! Monster REIGN Energy Drink vs BANG Review | ALL Flavors!
youtube,Bang,video,N8zQ8gQbq1A,2026-05-06,view_count,4.0,Top 5 Best Energy Drinks in the World 2026 ⚡🔥 | Red Bull vs Monster Energy & More!
youtube,Celsius,video,N8zQ8gQbq1A,2026-05-06,view_count,4.0,Top 5 Best Energy Drinks in the World 2026 ⚡🔥 | Red Bull vs Monster Energy & More!
youtube,Monster,video,N8zQ8gQbq1A,2026-05-06,view_count,4.0,Top 5 Best Energy Drinks in the World 2026 ⚡🔥 | Red Bull vs Monster Energy & More!
youtube,Red Bull,video,N8zQ8gQbq1A,2026-05-06,view_count,4.0,Top 5 Best Energy Drinks in the World 2026 ⚡🔥 | Red Bull vs Monster Energy & More!
youtube,Rockstar,video,N8zQ8gQbq1A,2026-05-06,view_count,4.0,Top 5 Best Energy Drinks in the World 2026 ⚡🔥 | Red Bull vs Monster Energy & More!
youtube,NOS,video,N9gHmXh0VSs,2011-11-30,view_count,20001.0,Energy Drink Review: NOS
youtube,Rockstar,video,NCP8M0O92VM,2011-10-19,view_count,29156.0,RockStar Energy Drinks (Review)
youtube,Prime,video,NEv4DelYr8c,2025-05-03,view_count,156.0,Cherry Lime Showdown Prime Celsius AlaniNu Ghost REIGN
youtube,Celsius,video,NFNqOt2214c,2025-10-28,view_count,324.0,Why Energy Drinks Are More Dangerous Than You Think
youtube,Monster,video,NFNqOt2214c,2025-10-28,view_count,324.0,Why Energy Drinks Are More Dangerous Than You Think
youtube,Red Bull,video,NFNqOt2214c,2025-10-28,view_count,324.0,Why Energy Drinks Are More Dangerous Than You Think
youtube,Celsius,video,NHRw3aIIH1M,2023-12-24,view_count,1673.0,Review of Celsius on the go Sticks! Before you buy!
youtube,Ghost,video,NLjD0-C9fj0,2025-03-06,view_count,1168.0,Ghost Welch’s Grape Energy Drink Review
youtube,Celsius,video,NNBduh1Xd0M,2023-03-31,view_count,3586.0,"Celsius is now the number three energy drink in the category, CEO explains"
youtube,Red Bull,video,NR_DlAedxy4,2018-10-19,view_count,4241.0,Red Bull Coconut Edition (Reed Reviews)
youtube,Monster,video,NRpL_tw_Blg,2022-02-27,view_count,384.0,Taste Test Monster Energy Ultra Gold Sugar Free Energy Drink
youtube,Prime,video,NZrLQ0rsRRk,2023-10-26,view_count,1239.0,Running Drink Face-Off: We Tried ALL The Sports Drinks
youtube,Celsius,video,Nf_am6tT4xo,2024-02-15,view_count,1765.0,IS CELSIUS ACTUALLY BAD FOR YOU?
youtube,Alani Nu,video,NgBRuzczVCk,2025-02-28,view_count,446.0,Ranking Energy Drinks (Tierlist)
youtube,Bang,video,NgBRuzczVCk,2025-02-28,view_count,446.0,Ranking Energy Drinks (Tierlist)
youtube,Celsius,video,NgBRuzczVCk,2025-02-28,view_count,446.0,Ranking Energy Drinks (Tierlist)
youtube,Ghost,video,NgBRuzczVCk,2025-02-28,view_count,446.0,Ranking Energy Drinks (Tierlist)
youtube,Monster,video,NgBRuzczVCk,2025-02-28,view_count,446.0,Ranking Energy Drinks (Tierlist)
youtube,NOS,video,NgBRuzczVCk,2025-02-28,view_count,446.0,Ranking Energy Drinks (Tierlist)
youtube,Red Bull,video,NgBRuzczVCk,2025-02-28,view_count,446.0,Ranking Energy Drinks (Tierlist)
youtube,Rockstar,video,NgBRuzczVCk,2025-02-28,view_count,446.0,Ranking Energy Drinks (Tierlist)
youtube,Alani Nu,video,NrQi-x5nymM,2022-02-06,view_count,468.0,Alani Nu Cherry Slush Energy Drink Review
youtube,Ghost,video,NuUyPoXDKUI,2023-05-17,view_count,298119.0,Wendy's Blueberry Pomegranate Lemonade Chug + Ghost Chicken Sandwich (Feat. DA'BOMB!)
youtube,5-hour Energy,video,NvZCZyKbckI,2024-03-09,view_count,540.0,"5 Hour Energy Commercial 2012 ""Doctor Review"""
youtube,Ghost,video,NyaxxhDREKM,2021-03-14,view_count,5796.0,Ghost Energy drink Flavor Lineup Review
youtube,Ghost,video,O0hMk5yQpQM,2020-10-05,view_count,2282.0,Competitive Bodybuilder to Now - My Fitness Journey | GHOST Energy Drink Review
youtube,Monster,video,O11wbpiALHY,2025-06-28,view_count,14340.0,The LEGENDARY Monster Energy Tier List 2025!
youtube,Prime,video,O6GKKEp15n4,2023-03-17,view_count,1014.0,I tried every PRIME HYDRATION & ENERGY DRINKS IT SUCKS - Review
youtube,Monster,video,O6epKIw7W5M,2018-05-31,view_count,1641585.0,What If You Only Drank Energy Drinks?
youtube,Red Bull,video,O6epKIw7W5M,2018-05-31,view_count,1641585.0,What If You Only Drank Energy Drinks?
youtube,Rockstar,video,O6epKIw7W5M,2018-05-31,view_count,1641585.0,What If You Only Drank Energy Drinks?
youtube,G Fuel,video,O9K-Ja81fiA,2022-09-07,view_count,671.0,"G FUEL - ""TIGER'S BLOOD"" REVIEW!"
youtube,Prime,video,O9K-Ja81fiA,2022-09-07,view_count,671.0,"G FUEL - ""TIGER'S BLOOD"" REVIEW!"
youtube,5-hour Energy,video,OEtYOAwWeWY,2016-04-20,view_count,787139.0,Top 10 Energy Drinks with Dangerous Side Effects
youtube,Monster,video,OEtYOAwWeWY,2016-04-20,view_count,787139.0,Top 10 Energy Drinks with Dangerous Side Effects
youtube,NOS,video,OEtYOAwWeWY,2016-04-20,view_count,787139.0,Top 10 Energy Drinks with Dangerous Side Effects
youtube,Red Bull,video,OEtYOAwWeWY,2016-04-20,view_count,787139.0,Top 10 Energy Drinks with Dangerous Side Effects
youtube,Rockstar,video,OEtYOAwWeWY,2016-04-20,view_count,787139.0,Top 10 Energy Drinks with Dangerous Side Effects
youtube,Rockstar,video,OFQYRdQuF9o,2012-01-22,view_count,2326.0,Energy Drink Review: Rockstar Tropical Punch
youtube,Monster,video,OFxhy83oU0E,2014-06-07,view_count,19592.0,Energy Drink Review - Muscle Monster Energy Shake (Strawberry)
youtube,5-hour Energy,video,OITMR-G7Ups,2011-11-30,view_count,9575.0,"""Energy 2.0"" - Extra Strength ""5 Hour Energy"" VS. Regular Strength"
youtube,Monster,video,OITMR-G7Ups,2011-11-30,view_count,9575.0,"""Energy 2.0"" - Extra Strength ""5 Hour Energy"" VS. Regular Strength"
youtube,Monster,video,OZDP1kdCGC4,2024-02-24,view_count,209.0,Deadcarpet Energy Drink Reviews - Green Tea Monster Rehab (2024 Version)
youtube,G Fuel,video,OcNKbtfz2mc,2019-12-08,view_count,7447.0,"ASMR - Drinking G-Fuel for the 1st time, first impressions and review."
youtube,Prime,video,OhkFsITIGqc,2025-07-11,view_count,3.0,⚡ Forever Energy Drink Review 2025 ✍️ Is It Legit or a Scam
youtube,Red Bull,video,OhkFsITIGqc,2025-07-11,view_count,3.0,⚡ Forever Energy Drink Review 2025 ✍️ Is It Legit or a Scam
youtube,Prime,video,OnkL6xuhnCo,2023-07-10,view_count,2536.0,Senator Calls For Investigation Of Viral Prime Energy Drink—Backed By YouTubers Logan Paul And KSI
youtube,Celsius,video,OoQ9-eiYO7M,2025-06-24,view_count,6450.0,Celsius Holdings: A 10x Opportunity in the Energy Drink Market
youtube,Monster,video,OoQ9-eiYO7M,2025-06-24,view_count,6450.0,Celsius Holdings: A 10x Opportunity in the Energy Drink Market
youtube,Red Bull,video,OoQ9-eiYO7M,2025-06-24,view_count,6450.0,Celsius Holdings: A 10x Opportunity in the Energy Drink Market
youtube,G Fuel,video,OvC9IOn1MVk,2022-01-27,view_count,53624.0,Naruto Sage Mode GFuel Flavor Review!
youtube,5-hour Energy,video,P0oodHCohJ4,2012-11-16,view_count,2114.0,FDA Investigates 5-Hour Energy Drinks
youtube,Prime,video,PAC3poBn-XM,2023-07-10,view_count,35284.0,Senator calls for FDA investigation into Prime energy drink
youtube,Ghost,video,PMgkYO8LGe8,2025-02-03,view_count,251845.0,Ghost 'Merica Pop Energy Drink Review
youtube,Red Bull,video,PTJ4odzmP9c,2020-12-02,view_count,4126.0,"Red Bull Energy Drink: Original, Sugar Free, Blueberry & Peach-Nectarine Review"
youtube,Celsius,video,PVqfgvSlgUY,2023-02-09,view_count,29.0,TOP 5 Best Energy Drinks for 2023 | Available On Amazone | Comparison
youtube,Red Bull,video,Pa4L9lTD8hw,2023-08-25,view_count,46.0,"Energy & Sports Drinks: US Market Trends & Opportunities, 2nd Edition"
youtube,Ghost,video,PbgpZ6JWQDg,2022-08-29,view_count,41301.0,Trying ALL of the Ghost Energy Drink Flavors
youtube,Bang,video,Pd6S6kQL6Do,2021-12-20,view_count,5603.0,CELSIUS ENERGY DRINK REVIEW! (IS IT ANY GOOD???)
youtube,Celsius,video,Pd6S6kQL6Do,2021-12-20,view_count,5603.0,CELSIUS ENERGY DRINK REVIEW! (IS IT ANY GOOD???)
youtube,Monster,video,Pd6S6kQL6Do,2021-12-20,view_count,5603.0,CELSIUS ENERGY DRINK REVIEW! (IS IT ANY GOOD???)
youtube,Red Bull,video,PkkUBQEsTSo,2025-03-26,view_count,81126.0,We Tried EVERY Red Bull Flavor!
youtube,Bang,video,Pn-EamR-gy4,2026-01-25,view_count,4487.0,Ranking EVERY Energy Drink (WORST to BEST)
youtube,Ghost,video,Pn-EamR-gy4,2026-01-25,view_count,4487.0,Ranking EVERY Energy Drink (WORST to BEST)
youtube,Monster,video,Pn-EamR-gy4,2026-01-25,view_count,4487.0,Ranking EVERY Energy Drink (WORST to BEST)
youtube,Red Bull,video,Pn-EamR-gy4,2026-01-25,view_count,4487.0,Ranking EVERY Energy Drink (WORST to BEST)
youtube,Reign,video,Pn-EamR-gy4,2026-01-25,view_count,4487.0,Ranking EVERY Energy Drink (WORST to BEST)
youtube,Prime,video,PnFmgiqCJfo,2021-05-03,view_count,67918.0,Caffeine Explained | Impacts of Caffeine On Human Health - Caffeine Side Effects - Social Tomatoes
youtube,Monster,video,PnP9ufC_tvo,2025-12-25,view_count,740601.0,Monster Energy Drink FREDBEAR can FLY...
youtube,5-hour Energy,video,PnPtN0dxk9k,2025-09-26,view_count,270.0,Purpleberry Punch 5-hour ENERGY® Shots
youtube,G Fuel,video,ProenboLbaU,2024-11-24,view_count,4036.0,Akatsuki Blood Strawberry Matcha GFUEL Flavor Review Inspired by Naruto!
youtube,Ghost,video,Pt_pkm_-2uc,2023-02-26,view_count,1487.0,ENERGY DRINK BRACKET || Popular Energy Drink Taste Test
youtube,Monster,video,Pt_pkm_-2uc,2023-02-26,view_count,1487.0,ENERGY DRINK BRACKET || Popular Energy Drink Taste Test
youtube,Prime,video,Pt_pkm_-2uc,2023-02-26,view_count,1487.0,ENERGY DRINK BRACKET || Popular Energy Drink Taste Test
youtube,Reign,video,Pt_pkm_-2uc,2023-02-26,view_count,1487.0,ENERGY DRINK BRACKET || Popular Energy Drink Taste Test
youtube,Celsius,video,PttX-tD1VjQ,2023-08-09,view_count,52470.0,Celsius WG Herbicide | DoMyOwn.com
youtube,G Fuel,video,PuBPllSwryg,2019-07-25,view_count,54435.0,NEW G-Fuel Snowcone Flavor Taste Testing and REVIEW!
youtube,Celsius,video,Q-PKp4LTi3s,2026-05-06,view_count,6309.0,10 Weirdest and Most Forbidden Towns in Western Canada!
youtube,Ghost,video,Q-PKp4LTi3s,2026-05-06,view_count,6309.0,10 Weirdest and Most Forbidden Towns in Western Canada!
youtube,Monster,video,Q5lj_jAeWZ4,2024-10-11,view_count,7278302.0,Coffee and Ginger Mix 🚀 Strong Energy Drink | [70]
youtube,G Fuel,video,QFhF84_1z9w,2020-11-25,view_count,21851.0,Worth It in 2024? - My Honest Gfuel Review
youtube,Alani Nu,video,QYGO0KZR_8g,2025-09-07,view_count,100548.0,tiktok is losing its mind over alani nu witch's brew
youtube,Alani Nu,video,QYQB03iYItI,2024-06-17,view_count,2639.0,Alani Nu BCAA - Worth the Buy? | Peak Nutrition Reviews
youtube,Ghost,video,QZxVODyduK8,2025-01-29,view_count,1049.0,GHOST Legend V4 Pre-Workout Powder Review – Sonic Cherry Limeade
youtube,Alani Nu,video,QeL7K3tRZYA,2020-02-15,view_count,1953.0,ALANI NU BALANCE ONE MONTH REVIEW | Hormonal Acne/Weight Loss Before & After *I love this stuff!*
youtube,Celsius,video,QemshHp2kGQ,2025-07-31,view_count,19.0,CELSIUS VS PRIME “LOGAN PAUL”
youtube,Prime,video,QemshHp2kGQ,2025-07-31,view_count,19.0,CELSIUS VS PRIME “LOGAN PAUL”
youtube,Celsius,video,QgIVER5x_3M,2025-02-18,view_count,14.0,10 Natural Energy Drinks (No Crash!) | Ditch Coffee & Stay Energized 🍃
youtube,Zoa,video,QgIVER5x_3M,2025-02-18,view_count,14.0,10 Natural Energy Drinks (No Crash!) | Ditch Coffee & Stay Energized 🍃
youtube,Bang,video,QlhF1IAph1I,2025-09-15,view_count,19.0,"Energy Drink Showdown: Monster, Red Bull, Bang vs. Celsius"
youtube,Celsius,video,QlhF1IAph1I,2025-09-15,view_count,19.0,"Energy Drink Showdown: Monster, Red Bull, Bang vs. Celsius"
youtube,Monster,video,QlhF1IAph1I,2025-09-15,view_count,19.0,"Energy Drink Showdown: Monster, Red Bull, Bang vs. Celsius"
youtube,Red Bull,video,QlhF1IAph1I,2025-09-15,view_count,19.0,"Energy Drink Showdown: Monster, Red Bull, Bang vs. Celsius"
youtube,NOS,video,QmEitQ4mw0E,2024-02-02,view_count,202.0,ZERO NOS Energy Drink REVIEW
youtube,Monster,video,Qua-sjkQYRo,2011-12-07,view_count,12720.0,Energy Drink Review: Rockstar
youtube,NOS,video,Qua-sjkQYRo,2011-12-07,view_count,12720.0,Energy Drink Review: Rockstar
youtube,Rockstar,video,Qua-sjkQYRo,2011-12-07,view_count,12720.0,Energy Drink Review: Rockstar
youtube,Prime,video,R2tWNiDNRRA,2023-05-10,view_count,3641.0,Prime Energy Drink Review   #gatoradetwitch #prime #energydrinks
youtube,Red Bull,video,R3tV9JIJ6G4,2016-06-02,view_count,1198658.0,Energy Crisis--Energy Drink Review #150 Red Bull Summer Edition
youtube,Celsius,video,R4GgOcabu5s,2024-07-25,view_count,36.0,Celsius Review: Is This Energy Drink the Key to Boosting Your Workout Performance?
youtube,Bang,video,R4YcBdQcgl4,2019-05-03,view_count,27729.0,Bang Energy Drink | Good Or Bad!!!
youtube,Alani Nu,video,R58cL00tbz0,2026-03-21,view_count,138.0,Monster energy female focused energy drink review FLRT strawberry fling flavor
youtube,Celsius,video,R58cL00tbz0,2026-03-21,view_count,138.0,Monster energy female focused energy drink review FLRT strawberry fling flavor
youtube,Monster,video,R58cL00tbz0,2026-03-21,view_count,138.0,Monster energy female focused energy drink review FLRT strawberry fling flavor
youtube,Ghost,video,R6go6wKnmRk,2024-03-04,view_count,86.0,Truck Drivers Try: Blinded Energy Drink Taste Test
youtube,Monster,video,R6go6wKnmRk,2024-03-04,view_count,86.0,Truck Drivers Try: Blinded Energy Drink Taste Test
youtube,Prime,video,R6go6wKnmRk,2024-03-04,view_count,86.0,Truck Drivers Try: Blinded Energy Drink Taste Test
youtube,Rockstar,video,R6go6wKnmRk,2024-03-04,view_count,86.0,Truck Drivers Try: Blinded Energy Drink Taste Test
youtube,Ghost,video,RAlzrxHw44E,2024-07-17,view_count,2119.0,Ghost Energy Drink Review: The Ultimate Boost for Performance and Focus?
youtube,Monster,video,RCPSJlo1by8,2022-10-11,view_count,39500.0,Monster Energy Drink Good or Bad for You | Monster Energy Drink Review (Benefits and Side effects)
youtube,Prime,video,RD9wLwpB_00,2022-07-08,view_count,775.0,The Best Energy & Hydration Drink. PEAK Refuel
youtube,Prime,video,RKP9B_Ejysw,2023-12-02,view_count,4290.0,Teacher review - So I Tried Prime Energy as well
youtube,G Fuel,video,ROTaULc9z48,2025-08-22,view_count,3827.0,GFUEL Has CHANGED The FORMULA For The First Time EVER!
youtube,Red Bull,video,RP6c0OJlUQM,2024-08-07,view_count,507.0,Red Bull Sugar-Free Review: Energize Your Day with Zero Sugar and Maximum Performance
youtube,Red Bull,video,RQRBeuA-Izs,2013-04-02,view_count,15079.0,"Energy Crisis--Energy Drink Review #78 Red Bull, Silver Edition"
youtube,Alani Nu,video,RTCwLSij1Xg,2022-04-20,view_count,218.0,Alani Nu BCAA review / Vegan and No harmful added coloring
youtube,Bang,video,RVgPH-vujPk,2019-10-03,view_count,27986.0,Bang Energy Drink MIAMI COLA Product Review; New Bang Flavor! Bang Miami Cola Honest review
youtube,Bang,video,RWL0t0UhYmk,2019-10-29,view_count,798.0,Bang Energy Drink Review! Lemon drop and Pina Colada
youtube,Monster,video,R_odLGyzaUQ,2024-09-14,view_count,169002.0,I Drank EVERY Monster Energy Drink..
youtube,Ghost,video,Rg21DlscfXY,2022-05-03,view_count,3239.0,Ghost Energy Swedish Fish & C4 Energy Original Skittles Review
youtube,Monster,video,RnD58EWfmcg,2023-04-11,view_count,38236.0,Monster Energy x Lewis Hamilton Zero Sugar
youtube,Prime,video,Rz48pfDV7Ko,2023-09-13,view_count,76176.0,Bodybuilding Simplified: Hydration
youtube,Monster,video,S8eAdST2bEQ,2025-12-25,view_count,2925.0,Monster Energy® Strawberry Shot Review! 🍓 | The BEST Strawberry Energy Drink Ever? | theendorsement
youtube,Alani Nu,video,S8fTceRAF6k,2026-02-24,view_count,632.0,Alani Nu Lime Slush Review
youtube,Bang,video,S9C2U_iBZGE,2019-07-29,view_count,192.0,BANG ENERGY REVIEW | The Best Pre-Workout?
youtube,Monster,video,SAEGuhNkdfU,2023-02-08,view_count,625.0,Does It Taste Like The Original? New! MONSTER Energy Drink REVIEW | Zero Sugar
youtube,Prime,video,SGyYLbi4TFA,2023-02-16,view_count,707.0,OOMPH! Clean Energy Drinks - By 'The Apprentice' finalist Brittany Carter
youtube,Monster,video,SIjCE1zGivo,2023-11-23,view_count,17546.0,Is NEUTONIC Actually A Performance Enhancer?
youtube,Prime,video,SIjCE1zGivo,2023-11-23,view_count,17546.0,Is NEUTONIC Actually A Performance Enhancer?
youtube,Celsius,video,SQHqZAGxnZ4,2023-08-16,view_count,2255.0,Prime Energy VS Celsius Drink Taste Test (Jake Paul vs Logan Paul & KSI)
youtube,Prime,video,SQHqZAGxnZ4,2023-08-16,view_count,2255.0,Prime Energy VS Celsius Drink Taste Test (Jake Paul vs Logan Paul & KSI)
youtube,Monster,video,SeeNQzkyh40,2024-01-19,view_count,3740.0,New Formula  |  NOS Zero Sugar Energy Drink Review
youtube,NOS,video,SeeNQzkyh40,2024-01-19,view_count,3740.0,New Formula  |  NOS Zero Sugar Energy Drink Review
youtube,Celsius,video,SnSVhsJkRWc,2024-11-11,view_count,4076.0,Fact check: Does the Celsius energy drink contain dangerous levels of cyanide?
youtube,Celsius,video,SpDzkLLCdSA,2023-05-20,view_count,239.0,Celsius Peach Mango Green Tea Drink Unboxing!
youtube,Prime,video,T2HaM6A2nhA,2024-09-26,view_count,509.0,Is It Any Good? | Prime Glowberry Hydration Drink Review
youtube,Prime,video,T6O75JbQXTU,2023-07-07,view_count,1132.0,Prime Energy Blue Raspberry Review (mid?)
youtube,Red Bull,video,T9eOMEX6ZeI,2026-01-02,view_count,1073163.0,"Hear The Red Bull RB17 Scream: 15,000rpm V10!"
youtube,Bang,video,THN73gP786c,2019-09-10,view_count,7275490.0,*drinks Bang Energy once*
youtube,Monster,video,THb3P06BmJc,2026-04-20,view_count,13.0,ENERGY DRINK SHOWDOWN ⚡ You Won’t Believe Which One Wins! (Shocking Results 😱)
youtube,Red Bull,video,THb3P06BmJc,2026-04-20,view_count,13.0,ENERGY DRINK SHOWDOWN ⚡ You Won’t Believe Which One Wins! (Shocking Results 😱)
youtube,G Fuel,video,TLLZiYX8BfQ,2025-12-25,view_count,1497.0,Pumpkin Pie GFUEL Flavor Taste Test!
youtube,NOS,video,TMvNBVMes3k,2012-01-15,view_count,3928.0,Energy Drink Review: NOS Grape
youtube,Celsius,video,TO2HfvbS8CY,2019-08-13,view_count,9038.0,CELSIUS Drink Honest Product Review
youtube,Prime,video,TO6WPKFJB4k,2024-10-18,view_count,5123.0,Equip Protein Review: I Spent 6 Months on Equip Prime Protein and Here's my Honest Opinion
youtube,5-hour Energy,video,TOpfFBE94Mk,2020-05-15,view_count,425024.0,Are ENERGY DRINKS BAD For You Or Are There BENEFITS? (Real Doctor Reveals The TRUTH)
youtube,Monster,video,TOpfFBE94Mk,2020-05-15,view_count,425024.0,Are ENERGY DRINKS BAD For You Or Are There BENEFITS? (Real Doctor Reveals The TRUTH)
youtube,Red Bull,video,TOpfFBE94Mk,2020-05-15,view_count,425024.0,Are ENERGY DRINKS BAD For You Or Are There BENEFITS? (Real Doctor Reveals The TRUTH)
youtube,Rockstar,video,TOpfFBE94Mk,2020-05-15,view_count,425024.0,Are ENERGY DRINKS BAD For You Or Are There BENEFITS? (Real Doctor Reveals The TRUTH)
youtube,G Fuel,video,TZwkq8DR1zc,2023-03-24,view_count,23953.0,GAMER SUPPS OR GFUEL?! Which One Should You Get?
youtube,NOS,video,TcjZyan08_A,2011-12-31,view_count,2359.0,Energy Drink Review: NOS Cherry
youtube,5-hour Energy,video,TdlZP358g9I,2026-04-08,view_count,490.0,Every Energy Drink Explained (Which One Is Actually Dangerous?)
youtube,Alani Nu,video,TdlZP358g9I,2026-04-08,view_count,490.0,Every Energy Drink Explained (Which One Is Actually Dangerous?)
youtube,Bang,video,TdlZP358g9I,2026-04-08,view_count,490.0,Every Energy Drink Explained (Which One Is Actually Dangerous?)
youtube,Celsius,video,TdlZP358g9I,2026-04-08,view_count,490.0,Every Energy Drink Explained (Which One Is Actually Dangerous?)
youtube,Monster,video,TdlZP358g9I,2026-04-08,view_count,490.0,Every Energy Drink Explained (Which One Is Actually Dangerous?)
youtube,Prime,video,TdlZP358g9I,2026-04-08,view_count,490.0,Every Energy Drink Explained (Which One Is Actually Dangerous?)
youtube,Red Bull,video,TdlZP358g9I,2026-04-08,view_count,490.0,Every Energy Drink Explained (Which One Is Actually Dangerous?)
youtube,Reign,video,TdlZP358g9I,2026-04-08,view_count,490.0,Every Energy Drink Explained (Which One Is Actually Dangerous?)
youtube,Rockstar,video,TdlZP358g9I,2026-04-08,view_count,490.0,Every Energy Drink Explained (Which One Is Actually Dangerous?)
youtube,Monster,video,TjB3dO6hVwc,2018-03-08,view_count,1502231.0,Woman says why she believes Monster Energy drinks are from Satan - Daily Mail
youtube,Red Bull,video,ToR3_ImJk-o,2012-04-17,view_count,5382.0,NEW! Rockstar 2x Energy Taste test
youtube,Rockstar,video,ToR3_ImJk-o,2012-04-17,view_count,5382.0,NEW! Rockstar 2x Energy Taste test
youtube,Reign,video,TpoAN1Dh29o,2019-11-26,view_count,2419.0,CTC Review #316 - Ranking All 9 Monster Reign Energy Drink Flavors (with 3 New Flavors)
youtube,Celsius,video,TqMouh17dtI,2023-01-20,view_count,50.0,FITNESS VLOG | Mental Health Update + Strength Reviews CELSIUS Tropical Vibe Energy Drink
youtube,Reign,video,TtMmwF3cTvU,2021-07-07,view_count,180866.0,Irish People Try Reign Energy Drinks
youtube,Monster,video,U1VIsduxplU,2025-10-10,view_count,1891.0,Is It Any Good? | Monster Energy Drink Ultra Black Review
youtube,Ghost,video,U2e0lT82qDE,2025-09-06,view_count,1266.0,Ryse Loaded Protein Review: Best Tasting Whey in 2026?
youtube,Ghost,video,U3_Wfj__9y4,2023-04-28,view_count,1017.0,Prime Vs. Monster Vs. Ghost Vs. Redbull energy drinks
youtube,Monster,video,U3_Wfj__9y4,2023-04-28,view_count,1017.0,Prime Vs. Monster Vs. Ghost Vs. Redbull energy drinks
youtube,Prime,video,U3_Wfj__9y4,2023-04-28,view_count,1017.0,Prime Vs. Monster Vs. Ghost Vs. Redbull energy drinks
youtube,Red Bull,video,U3_Wfj__9y4,2023-04-28,view_count,1017.0,Prime Vs. Monster Vs. Ghost Vs. Redbull energy drinks
youtube,G Fuel,video,U3_fJ52eVFU,2026-03-26,view_count,143.0,Critical Role GFuel 2.0 Review – F**K S**T UP! 🔥
youtube,G Fuel,video,U41kJ4f-RDY,2024-12-10,view_count,11114.0,Shrek Swamp Water GFUEL & Onion & Waffles Taste Test!
youtube,Monster,video,U7uy3iTMwV4,2020-02-22,view_count,1186.0,Monster Reign True Blu Energy Drink (Reed Reviews)
youtube,Reign,video,U7uy3iTMwV4,2020-02-22,view_count,1186.0,Monster Reign True Blu Energy Drink (Reed Reviews)
youtube,Alani Nu,video,U8-W0AR-58g,2025-06-10,view_count,1815.0,Alani Nu Cotton Candy Review Featuring @VikingZeroReviews
youtube,Prime,video,UC9inODnwaU,2023-03-01,view_count,853.0,Prime Energy Drink Review
youtube,Bang,video,UDcxkUNWOvw,2026-04-27,view_count,6.0,The Top 5 Best Vooz Hydration Sensation Bang in 2026 - Must Watch Before Buying!
youtube,Celsius,video,UDcxkUNWOvw,2026-04-27,view_count,6.0,The Top 5 Best Vooz Hydration Sensation Bang in 2026 - Must Watch Before Buying!
youtube,Zoa,video,UDcxkUNWOvw,2026-04-27,view_count,6.0,The Top 5 Best Vooz Hydration Sensation Bang in 2026 - Must Watch Before Buying!
youtube,Alani Nu,video,URx-CI5lgy8,2024-04-13,view_count,15785.0,Alani Nu Energy Drink Review (NOT SPONSORED) by a dietitian
youtube,Celsius,video,UTirhDi8SKc,2023-07-02,view_count,13.0,Celsius: A Key to Heart Health
youtube,NOS,video,UVWeeSbUcKI,2026-05-12,view_count,3.0,What You Should Know Before Buying NOS Energy Drink
youtube,G Fuel,video,U_zP0kKGEgg,2021-02-25,view_count,25104.0,Snow Cone GFUEL Flavor Review! - Best Flavor For Beginners?
youtube,Monster,video,UcGEVuZG3mE,2021-08-25,view_count,17788.0,Is Monster Energy Drink Bad for you?! Is Monster Energy Drink worth it?! **Re-Visited 2021**
youtube,Zoa,video,Ud8FjVE8sQw,2022-11-21,view_count,31.0,Unlock More Energy with Low-Sugar Drinks: Discover the Best Options
youtube,Bang,video,V-QB99zss0w,2025-05-16,view_count,235.0,What Sugar Free Energy Drinks are Worth Your Money?
youtube,Ghost,video,V-QB99zss0w,2025-05-16,view_count,235.0,What Sugar Free Energy Drinks are Worth Your Money?
youtube,Monster,video,V-QB99zss0w,2025-05-16,view_count,235.0,What Sugar Free Energy Drinks are Worth Your Money?
youtube,Reign,video,V-QB99zss0w,2025-05-16,view_count,235.0,What Sugar Free Energy Drinks are Worth Your Money?
youtube,Celsius,video,V1wrHpY9iw4,2026-05-04,view_count,141.0,Every All Famous Energy Drinks Explained in 4 Minutes
youtube,Monster,video,V1wrHpY9iw4,2026-05-04,view_count,141.0,Every All Famous Energy Drinks Explained in 4 Minutes
youtube,Rockstar,video,V422LQLcP8A,2022-02-26,view_count,2263.0,Rockstar OG flavor throwback edition | energy drink review
youtube,Monster,video,V4Y6Q6bt3qw,2023-01-25,view_count,76.0,Rockstar Energy Review (Strawberry Lemonade)
youtube,Rockstar,video,V4Y6Q6bt3qw,2023-01-25,view_count,76.0,Rockstar Energy Review (Strawberry Lemonade)
youtube,Monster,video,VSReEAF8a8Q,2025-02-17,view_count,669554.0,BILLY DRINKS: Monster Energy!
youtube,Celsius,video,VT97RATUTk0,2025-01-10,view_count,24.0,Celsius Energy Drink Review: Worth Trying?? How Does It Actually Make You Feel?
youtube,Ghost,video,VTYzFbYF0WQ,2023-11-21,view_count,2469.0,BRUTALLY Honest Ranking The BEST Energy Drinks In The World
youtube,Monster,video,VTYzFbYF0WQ,2023-11-21,view_count,2469.0,BRUTALLY Honest Ranking The BEST Energy Drinks In The World
youtube,Prime,video,VTYzFbYF0WQ,2023-11-21,view_count,2469.0,BRUTALLY Honest Ranking The BEST Energy Drinks In The World
youtube,Prime,video,Vd0SpvOqEEM,2025-03-29,view_count,402190.0,Trying FOKUS vs PRIME vs GATORADE vs OCEAN vs ORS
youtube,Celsius,video,Vm7HAVDHCMM,2025-10-14,view_count,456007.0,Can Energy Drinks REALLY Be Healthy?
youtube,Alani Nu,video,Vnq8lONWKgw,2024-11-20,view_count,20692.0,Best Pre-Workouts for Beginners (That ACTUALLY Work)
youtube,Celsius,video,Vobyrzvb_a8,2026-03-14,view_count,2716.0,Stop Drinking Energy Drinks - Make This Natural Energy Drink Instead
youtube,Monster,video,Vobyrzvb_a8,2026-03-14,view_count,2716.0,Stop Drinking Energy Drinks - Make This Natural Energy Drink Instead
youtube,Red Bull,video,Vobyrzvb_a8,2026-03-14,view_count,2716.0,Stop Drinking Energy Drinks - Make This Natural Energy Drink Instead
youtube,Rockstar,video,VrUjcaZdKCM,2021-09-29,view_count,1702.0,RockStar Original Energy Drink Review
youtube,Monster,video,Vv0A3A5vaZY,2012-10-24,view_count,7273.0,Experts warn of energy drinks dangerous side effects
youtube,G Fuel,video,VzupREqoXvc,2020-03-20,view_count,17494.0,NEW FazeBerry Hydration G-Fuel Flavor Review!
youtube,5-hour Energy,video,W2cKS9Q57VI,2024-06-26,view_count,694053.0,5-hour ENERGY®- Gamer Buds (:15)
youtube,Monster,video,W8zB-YLW1Fg,2024-02-18,view_count,406140.0,Why Monster Beverage Has The Best-Performing Stock In Over 30 Years
youtube,Red Bull,video,W8zB-YLW1Fg,2024-02-18,view_count,406140.0,Why Monster Beverage Has The Best-Performing Stock In Over 30 Years
youtube,Celsius,video,WErSdvKRtMw,2021-10-03,view_count,18449.0,Are Celsius drinks bad for your heart?
youtube,Ghost,video,WH-5Ech9h7U,2019-12-22,view_count,1012.0,Celsius - Ghost (in the Shell - remix)
youtube,NOS,video,WVQib6FjMwo,2020-05-27,view_count,344.0,NOS TURBO ENERGY DRINK IS FINALLY HERE!! | WATCH BEFORE YOU BUY
youtube,Ghost,video,WbSwxG48MMk,2024-03-17,view_count,2201.0,NEW Ghost Hydration Drink! Review + Taste Test!
youtube,Celsius,video,Wj_dLQW0AJQ,2023-03-10,view_count,544.0,Celsius Energy NEW FLAVOR..Green Apple & Cherry!  FULL REVIEW!
youtube,Red Bull,video,WnRM2kyR-Gk,2025-04-01,view_count,1224.0,IS Sugar Free Red Bull REALLY Better For You?
youtube,5-hour Energy,video,WoDt-gEJNmw,2011-02-09,view_count,1538.0,5-hour Energy tested by Consumer Reports
youtube,G Fuel,video,WoUD_L3llUI,2023-09-04,view_count,254907.0,"What is the BEST Gamer Drink? | Gamer Drinks Taste Test (GFuel, Mountain Dew, Coca Cola)"
youtube,Red Bull,video,Wq_LW77xRak,2013-02-20,view_count,1449900.0,DIY Red Bull - Making Your Own Energy Drink
youtube,Bang,video,X3MvjU-LvBc,2026-02-22,view_count,7.0,The Top 5 Best Bang Coffee in 2026 - Must Watch Before Buying!
youtube,Monster,video,X3MvjU-LvBc,2026-02-22,view_count,7.0,The Top 5 Best Bang Coffee in 2026 - Must Watch Before Buying!
youtube,Reign,video,X4h3iwbqpIQ,2023-05-31,view_count,586.0,Boost Your Day with REIGN Storm Energy Drink
youtube,Celsius,video,X6aJloiTukU,2023-01-19,view_count,273716.0,Flo Rida wins $82 million lawsuit against Celsius energy drink
youtube,Alani Nu,video,X93Ce3Uq1Gk,2022-09-29,view_count,1020.0,Alani NU BLUE SLUSH and CHERRY SLUSH Review
youtube,Reign,video,XLReaTnpIYw,2024-07-09,view_count,1413.0,Reign Storm Mango Energy Drink Review
youtube,Monster,video,XT5lkfZl9jo,2017-11-08,view_count,1924.0,Monster Bboys vs Bang Uh Rang (top 16)  ▶︎ .stance x UDEF ◀︎ I Pity the Fool!
youtube,Monster,video,XVZMhabeSys,2020-02-04,view_count,99.0,Coca Cola Energy Drink Review (Sugar Free Version)
youtube,Rockstar,video,XVZMhabeSys,2020-02-04,view_count,99.0,Coca Cola Energy Drink Review (Sugar Free Version)
youtube,Monster,video,XWmqYRAceEU,2025-04-16,view_count,10355.0,Before You Drink Another Monster… Watch This!
youtube,Prime,video,Xeo-cGz2G8E,2023-07-12,view_count,2952.0,"PRIME investigation: FDA asked to look into Logan Paul's energy drink, which has caffeine of 6 Cokes"
youtube,Prime,video,XgUGp-yhA8U,2023-06-18,view_count,2606.0,Prime Energy Ice Pop Review (BRAND NEW)
youtube,Bang,video,XiQGnnoixM0,2026-04-12,view_count,29.0,Blue Razz by Bang | Energy Drink | Food / Drink Review
youtube,Monster,video,XjrttIiR0YY,2026-02-06,view_count,14233.0,Garou vs Bang | One-Punch Man
youtube,Monster,video,Xslps5bF81E,2025-08-23,view_count,162101.0,"Old People Try Monster, Absinthe & Sour Candy"
youtube,NOS,video,XyvdSUIk7Po,2017-01-02,view_count,25640.0,Reed Reviews NOS Energy Drink
youtube,G Fuel,video,XyxzT13J-wA,2022-04-09,view_count,480055.0,TRYING EVERY SINGLE GFUEL FLAVOR (900.000 MG CAFFEINE)
youtube,Alani Nu,video,Y07u-mWtxbs,2022-06-17,view_count,771.0,Trying The NEW Alani Nu Energy Drink | Rocket Pop Taste Test + Review
youtube,Monster,video,Y5amfsIhkts,2025-01-08,view_count,10273.0,Coffee - Ginger Mix Drink is the New Secret Recipe. Natural Energy Drink| Power like a Horse
youtube,Prime,video,Y6hRGLg8RI8,2023-06-20,view_count,380.0,Instant Energy Review - Energy Drink for Running
youtube,Monster,video,Y8m8a8HNq-8,2025-01-22,view_count,117109.0,Trying NEW Red Bull and Monster Flavors!
youtube,Red Bull,video,Y8m8a8HNq-8,2025-01-22,view_count,117109.0,Trying NEW Red Bull and Monster Flavors!
youtube,5-hour Energy,video,Y9dv3UITPuY,2017-06-01,view_count,9098.0,My Top 5 Engergy Drinks - The Best Energy Drinks To Stay Awake With Energy 2017 ⚡
youtube,Monster,video,Y9dv3UITPuY,2017-06-01,view_count,9098.0,My Top 5 Engergy Drinks - The Best Energy Drinks To Stay Awake With Energy 2017 ⚡
youtube,NOS,video,Y9dv3UITPuY,2017-06-01,view_count,9098.0,My Top 5 Engergy Drinks - The Best Energy Drinks To Stay Awake With Energy 2017 ⚡
youtube,Red Bull,video,Y9dv3UITPuY,2017-06-01,view_count,9098.0,My Top 5 Engergy Drinks - The Best Energy Drinks To Stay Awake With Energy 2017 ⚡
youtube,Rockstar,video,Y9dv3UITPuY,2017-06-01,view_count,9098.0,My Top 5 Engergy Drinks - The Best Energy Drinks To Stay Awake With Energy 2017 ⚡
youtube,Celsius,video,YIHBO8SJznY,2024-06-15,view_count,116625.0,Is Celsius Energy Drink Good or Bad For You?
youtube,5-hour Energy,video,YUqBg3027OI,2019-09-16,view_count,290.0,5-hour Energy Regular Strength ( Berry Flavor) # The Beer Review Guy
youtube,5-hour Energy,video,YWVqAW_1yOE,2021-11-13,view_count,1056.0,"5 Hour Energy VS Amazon Brand -Solimo Energy Shot, Berry Flavor TASTE TEST"
youtube,Monster,video,YbJ1yGHUnsQ,2024-05-13,view_count,294495.0,I TRIED All 12 MONSTER Energy Drink Flavour
youtube,Red Bull,video,Yd5MgcExBp8,2022-12-29,view_count,287302.0,What Does Red Bull Actually Do? | Fine Print | Epicurious
youtube,Celsius,video,YoUuQv25yHI,2025-02-13,view_count,22.0,"Best Energy Drink, Celsius"
youtube,Prime,video,YoUuQv25yHI,2025-02-13,view_count,22.0,"Best Energy Drink, Celsius"
youtube,Reign,video,Yr-SvTQAdTM,2023-04-04,view_count,14863.0,Is Reign Storm Different than Reign Energy? | Reign Storm Energy Drink Review & taste test
youtube,Bang,video,Yu4eEcFFZRo,2025-11-19,view_count,12.0,The Rise of Energy Drinks (2000–2024): Who Dominated the Market?
youtube,Celsius,video,Yu4eEcFFZRo,2025-11-19,view_count,12.0,The Rise of Energy Drinks (2000–2024): Who Dominated the Market?
youtube,Monster,video,Yu4eEcFFZRo,2025-11-19,view_count,12.0,The Rise of Energy Drinks (2000–2024): Who Dominated the Market?
youtube,NOS,video,Yu4eEcFFZRo,2025-11-19,view_count,12.0,The Rise of Energy Drinks (2000–2024): Who Dominated the Market?
youtube,Prime,video,Yu4eEcFFZRo,2025-11-19,view_count,12.0,The Rise of Energy Drinks (2000–2024): Who Dominated the Market?
youtube,Red Bull,video,Yu4eEcFFZRo,2025-11-19,view_count,12.0,The Rise of Energy Drinks (2000–2024): Who Dominated the Market?
youtube,Reign,video,Yu4eEcFFZRo,2025-11-19,view_count,12.0,The Rise of Energy Drinks (2000–2024): Who Dominated the Market?
youtube,Rockstar,video,Yu4eEcFFZRo,2025-11-19,view_count,12.0,The Rise of Energy Drinks (2000–2024): Who Dominated the Market?
youtube,Celsius,video,Yw4j9x2e4ho,2026-04-16,view_count,20.0,The Top 5 Best Zoya Energy in 2026 - Must Watch Before Buying!
youtube,Monster,video,Yw4j9x2e4ho,2026-04-16,view_count,20.0,The Top 5 Best Zoya Energy in 2026 - Must Watch Before Buying!
youtube,Reign,video,Yw4j9x2e4ho,2026-04-16,view_count,20.0,The Top 5 Best Zoya Energy in 2026 - Must Watch Before Buying!
youtube,Alani Nu,video,Yx6VYVDkPcM,2024-07-10,view_count,66.0,A Brief History and the Current State of the Energy Drink Market | Current Market Shares and Growth
youtube,Celsius,video,Yx6VYVDkPcM,2024-07-10,view_count,66.0,A Brief History and the Current State of the Energy Drink Market | Current Market Shares and Growth
youtube,Monster,video,Yx6VYVDkPcM,2024-07-10,view_count,66.0,A Brief History and the Current State of the Energy Drink Market | Current Market Shares and Growth
youtube,Red Bull,video,Yx6VYVDkPcM,2024-07-10,view_count,66.0,A Brief History and the Current State of the Energy Drink Market | Current Market Shares and Growth
youtube,5-hour Energy,video,YzLPXmeibE8,2026-05-13,view_count,0.0,Every Popular Energy Drink Explained in 8 minutes
youtube,Bang,video,YzLPXmeibE8,2026-05-13,view_count,0.0,Every Popular Energy Drink Explained in 8 minutes
youtube,Celsius,video,YzLPXmeibE8,2026-05-13,view_count,0.0,Every Popular Energy Drink Explained in 8 minutes
youtube,G Fuel,video,YzLPXmeibE8,2026-05-13,view_count,0.0,Every Popular Energy Drink Explained in 8 minutes
youtube,Monster,video,YzLPXmeibE8,2026-05-13,view_count,0.0,Every Popular Energy Drink Explained in 8 minutes
youtube,NOS,video,YzLPXmeibE8,2026-05-13,view_count,0.0,Every Popular Energy Drink Explained in 8 minutes
youtube,Prime,video,YzLPXmeibE8,2026-05-13,view_count,0.0,Every Popular Energy Drink Explained in 8 minutes
youtube,Red Bull,video,YzLPXmeibE8,2026-05-13,view_count,0.0,Every Popular Energy Drink Explained in 8 minutes
youtube,Reign,video,YzLPXmeibE8,2026-05-13,view_count,0.0,Every Popular Energy Drink Explained in 8 minutes
youtube,Rockstar,video,YzLPXmeibE8,2026-05-13,view_count,0.0,Every Popular Energy Drink Explained in 8 minutes
youtube,Monster,video,Z5hFoOxr0ec,2014-02-20,view_count,74230.0,Monster Energy  ★  Original Drink Review - Thirsty Thursdays
youtube,Bang,video,ZB31YYskTVE,2021-02-01,view_count,3519.0,MONSTER VS BANG! (Which Energy Drink Is Better???)
youtube,Monster,video,ZB31YYskTVE,2021-02-01,view_count,3519.0,MONSTER VS BANG! (Which Energy Drink Is Better???)
youtube,Red Bull,video,ZB31YYskTVE,2021-02-01,view_count,3519.0,MONSTER VS BANG! (Which Energy Drink Is Better???)
youtube,Red Bull,video,ZBl_eUgE8Qs,2017-02-05,view_count,3144.0,Reed Reviews Red Bull Purple Edition
youtube,NOS,video,ZDuccOiCqm8,2021-03-03,view_count,777.0,NOS Turbo Sugar Free Energy Drink (Reed Reviews)
youtube,Rockstar,video,ZExqHiPwWDM,2022-04-23,view_count,379.0,We Brewed Our Own Kombucha At Home Using A Kit We Bought Off Of Amazon
youtube,Ghost,video,ZUmJwznWwsg,2026-05-07,view_count,588002.0,Grabbed By a Ghost at Preston Castle
youtube,Zoa,video,ZUuC2aSr3IE,2022-03-28,view_count,2255.0,ZOA+ PRE WORKOUT ENERGY DRINK by THE ROCK | NITRIC OXIDE SUPPORT CAN
youtube,Ghost,video,ZXDerOi6UQk,2022-02-15,view_count,529.0,Ghost Energy Drink Sour Patch Kids Redberry Review
youtube,Ghost,video,ZY3MuDefrRY,2025-07-27,view_count,1914.0,Ghost Energy® Swedish Fish® Review! 👻🔋🐟 | BEST Energy Drink Flavor EVER? | theendorsement
youtube,5-hour Energy,video,ZYmOe5TpIn0,2017-02-16,view_count,221.0,Deadcarpet Energy Drink Reviews - Extra-Strength Grape 5-Hour Energy Protein+ Energy Shot
youtube,Celsius,video,Zb_ZkKml9Yo,2018-08-07,view_count,2267.0,Celsius Energy Drink
youtube,Monster,video,ZcK2SsTIJtA,2025-07-04,view_count,2271.0,LANDO NORRIS VS LEWIS HAMILTON (Monster Energy Drink Review)
youtube,Prime,video,ZjympG55CeU,2023-06-22,view_count,304365.0,Why some experts are warning parents against PRIME energy drink
youtube,Monster,video,ZldkaB0zT6Q,2025-03-22,view_count,5626.0,Monster Juice Viking Berry Energy Drink Review
youtube,Celsius,video,ZqTiy8P4yqk,2024-02-19,view_count,47.0,ENERGIZE:Monster Ultra Rosa vs. Celsius Apple Pear #energydrinkreview #celsiusenergy #monsterenergy
youtube,Monster,video,ZqTiy8P4yqk,2024-02-19,view_count,47.0,ENERGIZE:Monster Ultra Rosa vs. Celsius Apple Pear #energydrinkreview #celsiusenergy #monsterenergy
youtube,Celsius,video,ZugFYg_5JkY,2023-08-12,view_count,876.0,Trying EVERY flavor of Celsius powder…
youtube,G Fuel,video,Zws-y5hL7DE,2023-09-22,view_count,359.0,G FUEL - PEWDIEPIE SUPREME HYDRATION REVIEW!
youtube,Prime,video,ZxeZYmL3mn0,2021-08-16,view_count,55.0,Home made sports drink: A natural energy drink for endurance
youtube,Bang,video,ZzUtqXeu3Hs,2019-05-15,view_count,1898.0,Monster vs VPX Bang Lawsuit
youtube,Monster,video,ZzUtqXeu3Hs,2019-05-15,view_count,1898.0,Monster vs VPX Bang Lawsuit
youtube,Reign,video,ZzUtqXeu3Hs,2019-05-15,view_count,1898.0,Monster vs VPX Bang Lawsuit
youtube,NOS,video,_CG8xXu3YEY,2011-10-19,view_count,8795.0,NOS Energy Drink Dangers (Review)
youtube,Monster,video,_FjO9_MG8nw,2017-05-15,view_count,10191.0,A Monster Energy Drink Taste Test (Blindfolded) | Tryout.
youtube,Ghost,video,_MQxnDeVDNo,2022-07-31,view_count,1199.0,Ghost Energy Drink -Zero Sugar-Orange Cream Review 🍊
youtube,Ghost,video,_PWPOZGmGfw,2022-08-04,view_count,163.0,Ghost Energy Sour Patch Blue Raspberry Review!
youtube,Celsius,video,_fp2uc0Pqjc,2025-10-20,view_count,13.0,Celsius Drink vs Red Bull - Which is Better?
youtube,Red Bull,video,_fp2uc0Pqjc,2025-10-20,view_count,13.0,Celsius Drink vs Red Bull - Which is Better?
youtube,Red Bull,video,_mOb2NuHBFc,2024-11-30,view_count,200922.0,Drinking Vodka Red Bull for the First Time
youtube,Monster,video,_sYBfkpQBiQ,2023-02-03,view_count,167152.0,"How to Make an Energy Drink Like Red Bull, Prime or Monster"
youtube,Prime,video,_sYBfkpQBiQ,2023-02-03,view_count,167152.0,"How to Make an Energy Drink Like Red Bull, Prime or Monster"
youtube,Red Bull,video,_sYBfkpQBiQ,2023-02-03,view_count,167152.0,"How to Make an Energy Drink Like Red Bull, Prime or Monster"
youtube,Monster,video,_uaUqntXauw,2024-09-25,view_count,1507.0,Monster Energy Drink Review
youtube,Bang,video,_wRfselhtEs,2026-05-08,view_count,6.0,What Energy Drinks Actually Do to Your Heart (This Is Scary)
youtube,Celsius,video,_wRfselhtEs,2026-05-08,view_count,6.0,What Energy Drinks Actually Do to Your Heart (This Is Scary)
youtube,Monster,video,_wRfselhtEs,2026-05-08,view_count,6.0,What Energy Drinks Actually Do to Your Heart (This Is Scary)
youtube,Red Bull,video,_wRfselhtEs,2026-05-08,view_count,6.0,What Energy Drinks Actually Do to Your Heart (This Is Scary)
youtube,Bang,video,_xnXf3J8_zs,2018-09-03,view_count,50141.0,BANG Vs Cellucor C4 Which is Better? Review/ Opinion
youtube,Monster,video,_yV0o33DdR8,2018-07-17,view_count,8030.0,Best Energy Drink? (TASTE TEST)
youtube,NOS,video,_yV0o33DdR8,2018-07-17,view_count,8030.0,Best Energy Drink? (TASTE TEST)
youtube,Red Bull,video,_yV0o33DdR8,2018-07-17,view_count,8030.0,Best Energy Drink? (TASTE TEST)
youtube,Rockstar,video,_yV0o33DdR8,2018-07-17,view_count,8030.0,Best Energy Drink? (TASTE TEST)
youtube,Alani Nu,video,a1-Oy_OOLWQ,2019-04-08,view_count,2232.0,"NEW ""Monster"" Reign VS. Bang Energy - True Taste Test!"
youtube,Bang,video,a1-Oy_OOLWQ,2019-04-08,view_count,2232.0,"NEW ""Monster"" Reign VS. Bang Energy - True Taste Test!"
youtube,Monster,video,a1-Oy_OOLWQ,2019-04-08,view_count,2232.0,"NEW ""Monster"" Reign VS. Bang Energy - True Taste Test!"
youtube,Reign,video,a1-Oy_OOLWQ,2019-04-08,view_count,2232.0,"NEW ""Monster"" Reign VS. Bang Energy - True Taste Test!"
youtube,Celsius,video,a2_xUJLfkqA,2024-04-17,view_count,406.0,"Honest Review of CELSIUS Sparkling Tropical Vibe, Functional Essential Energy Drink 12 Fl Oz"
youtube,Alani Nu,video,a3EpT1UTx8A,2026-05-13,view_count,0.0,"Alani Nu ORANGE KISS, Sugar Free, Low Calorie Energy Drinks, 200mg Caffeine, Biotin, B Vitamins, Zer"
youtube,Prime,video,a3I8grFbd5U,2025-03-07,view_count,2272579.0,Rex Goes Out With a Bang | Invincible | Prime Video
youtube,Celsius,video,a9ZrDZiB9lk,2026-04-10,view_count,415.0,How to Change EG4 Mini Split Remote from Celsius to Fahrenheit
youtube,Alani Nu,video,aAdRCGw7cVk,2025-08-06,view_count,113.0,Alani Protein Shake Munchies Review
youtube,Monster,video,aUshUsJU9as,2022-11-30,view_count,17267.0,What’s the Difference Between Red Bull and Monster? Which One is Your Favorite Energy Drink?
youtube,Red Bull,video,aUshUsJU9as,2022-11-30,view_count,17267.0,What’s the Difference Between Red Bull and Monster? Which One is Your Favorite Energy Drink?
youtube,Alani Nu,video,aUt1R7Nfbcs,2026-02-26,view_count,397.0,Is It Any Good? | Alani Nu Lime Slush Energy Drink Review
youtube,NOS,video,aWhkyTkXYZo,2026-04-07,view_count,83.0,Grand Prix guava NOS energy drink review
youtube,Red Bull,video,aXYOle4Azws,2024-01-17,view_count,9987.0,I Examined EVERY Ingredient In A Red Bull Energy Drink!
youtube,Red Bull,video,aXl_rkqDuxk,2021-09-17,view_count,31573.0,8 Natural Energy Drinks to Give You a Boost Without Caffeine
youtube,Alani Nu,video,ads9RuXxX34,2022-12-29,view_count,577.0,Alani Nu Sugar-Free Energy Drink | Cosmic Stardust | Review
youtube,G Fuel,video,aow5hqfK3NU,2023-01-23,view_count,36.0,G Fuel Sonic Peach Rings Review
youtube,5-hour Energy,video,asZzx7hO_Vk,2012-11-16,view_count,2623.0,5-Hour Energy drinks may be dangerous
youtube,Bang,video,awJA2geHm_o,2022-11-29,view_count,44758.0,BangEnergy - The Most MENTAL CEO ever.. Monster / Bang lawsuit Jack Owoc
youtube,Monster,video,awJA2geHm_o,2022-11-29,view_count,44758.0,BangEnergy - The Most MENTAL CEO ever.. Monster / Bang lawsuit Jack Owoc
youtube,Bang,video,axshxvgMBLo,2021-06-10,view_count,38372.0,Review of Every Red Bull Energy Drink Flavor
youtube,Monster,video,axshxvgMBLo,2021-06-10,view_count,38372.0,Review of Every Red Bull Energy Drink Flavor
youtube,Red Bull,video,axshxvgMBLo,2021-06-10,view_count,38372.0,Review of Every Red Bull Energy Drink Flavor
youtube,Rockstar,video,axun6tHRTdc,2024-12-27,view_count,134.0,Rockstar Energy Boom (Whipped Strawberry) Review
youtube,Celsius,video,b2AfFis1GTo,2023-10-16,view_count,4690.0,CELSIUS Energy Drinks CEO Explains Key Growth Drivers | John Fieldly Interview
youtube,Monster,video,b2AfFis1GTo,2023-10-16,view_count,4690.0,CELSIUS Energy Drinks CEO Explains Key Growth Drivers | John Fieldly Interview
youtube,Red Bull,video,b2AfFis1GTo,2023-10-16,view_count,4690.0,CELSIUS Energy Drinks CEO Explains Key Growth Drivers | John Fieldly Interview
youtube,Monster,video,b2gNZZTgNiI,2025-12-27,view_count,6089.0,We Taste Tested 10 Energy Drinks — The Results Were Shocking
youtube,Red Bull,video,b2gNZZTgNiI,2025-12-27,view_count,6089.0,We Taste Tested 10 Energy Drinks — The Results Were Shocking
youtube,Rockstar,video,b2gNZZTgNiI,2025-12-27,view_count,6089.0,We Taste Tested 10 Energy Drinks — The Results Were Shocking
youtube,Monster,video,b8mO2bBcJZY,2025-11-11,view_count,7956.0,The ULTIMATE Monster Energy Tier List 2025!
youtube,Celsius,video,bAriYRHoZfc,2019-04-02,view_count,48588.0,Healthier Energy Drink Series - Celsius Energy Drink Product Review
youtube,Monster,video,bAtzWShvD50,2023-11-16,view_count,10473.0,Monster Ultra Fantasy Ruby Red Energy Drink Review
youtube,Celsius,video,bGWwv8Ojf_4,2023-11-04,view_count,9.0,Celsius Nutrition Facts: A Health Revolution in Every Sip
youtube,Bang,video,bGaAb7kVpoc,2025-07-25,view_count,12.0,Energy Drink TIER LIST: You Won't Believe The S-Tier Picks!
youtube,G Fuel,video,bGaAb7kVpoc,2025-07-25,view_count,12.0,Energy Drink TIER LIST: You Won't Believe The S-Tier Picks!
youtube,Reign,video,bGaAb7kVpoc,2025-07-25,view_count,12.0,Energy Drink TIER LIST: You Won't Believe The S-Tier Picks!
youtube,Prime,video,bJ3lDhQ7t_Q,2025-05-31,view_count,6489.0,GLP-1 Friendly Electrolyte Drinks: Our Best and Worst Finds
youtube,Monster,video,bMFTZKRH2HU,2026-04-30,view_count,4.0,Top 3 Popular Energy Drinks
youtube,Red Bull,video,bMFTZKRH2HU,2026-04-30,view_count,4.0,Top 3 Popular Energy Drinks
youtube,Rockstar,video,bMFTZKRH2HU,2026-04-30,view_count,4.0,Top 3 Popular Energy Drinks
youtube,Ghost,video,bRSBGJvp_c4,2025-10-20,view_count,36174.0,Ranking EVERY Pre-Workout (WORST to BEST)
youtube,5-hour Energy,video,bZH_96yL5Z0,2024-06-26,view_count,536876.0,5-hour ENERGY®- Gamer Trio (:15)
youtube,NOS,video,beKykk8fbg8,2015-03-17,view_count,41295.0,NOS Energy Drink // You Only Live NOS (:30)
youtube,Red Bull,video,bhF_tqFb9S8,2023-04-22,view_count,12566.0,SNEAK PEAK OF THE LATEST FROM RED BULL!
youtube,Alani Nu,video,biVV8sDLTns,2022-01-16,view_count,2394.0,Ghost Energy Orange Cream vs. Reign Total Body Fuel Orange Dreamsicle | Energy Drink Review Battle
youtube,Celsius,video,biVV8sDLTns,2022-01-16,view_count,2394.0,Ghost Energy Orange Cream vs. Reign Total Body Fuel Orange Dreamsicle | Energy Drink Review Battle
youtube,Ghost,video,biVV8sDLTns,2022-01-16,view_count,2394.0,Ghost Energy Orange Cream vs. Reign Total Body Fuel Orange Dreamsicle | Energy Drink Review Battle
youtube,Reign,video,biVV8sDLTns,2022-01-16,view_count,2394.0,Ghost Energy Orange Cream vs. Reign Total Body Fuel Orange Dreamsicle | Energy Drink Review Battle
youtube,Monster,video,bnv434KQ4FU,2014-08-06,view_count,72706.0,"Bad For You Energy Drinks & Dangerous Side Effects, The Truth Talks"
youtube,Red Bull,video,bnv434KQ4FU,2014-08-06,view_count,72706.0,"Bad For You Energy Drinks & Dangerous Side Effects, The Truth Talks"
youtube,Rockstar,video,bnv434KQ4FU,2014-08-06,view_count,72706.0,"Bad For You Energy Drinks & Dangerous Side Effects, The Truth Talks"
youtube,Monster,video,bsMJe8Niv9w,2013-12-25,view_count,105078.0,Energy Crisis -- Energy Drink Review #91 Monster Zero Ultra
youtube,5-hour Energy,video,bxTuSu26zw0,2020-10-01,view_count,20739.0,✅ TOP 5 Best Energy Drinks for gamers [Buyer's Guide]
youtube,Bang,video,bxTuSu26zw0,2020-10-01,view_count,20739.0,✅ TOP 5 Best Energy Drinks for gamers [Buyer's Guide]
youtube,Monster,video,bxTuSu26zw0,2020-10-01,view_count,20739.0,✅ TOP 5 Best Energy Drinks for gamers [Buyer's Guide]
youtube,Prime,video,bxTuSu26zw0,2020-10-01,view_count,20739.0,✅ TOP 5 Best Energy Drinks for gamers [Buyer's Guide]
youtube,Red Bull,video,bxTuSu26zw0,2020-10-01,view_count,20739.0,✅ TOP 5 Best Energy Drinks for gamers [Buyer's Guide]
youtube,Bang,video,c-A97rvPI98,2025-05-17,view_count,65869.0,"How $2,200 Built a $1.4 Billion Brand (The TikTok Strategy That Beat Red Bull)"
youtube,Monster,video,c-A97rvPI98,2025-05-17,view_count,65869.0,"How $2,200 Built a $1.4 Billion Brand (The TikTok Strategy That Beat Red Bull)"
youtube,Red Bull,video,c-A97rvPI98,2025-05-17,view_count,65869.0,"How $2,200 Built a $1.4 Billion Brand (The TikTok Strategy That Beat Red Bull)"
youtube,G Fuel,video,c9uYICuLg0A,2020-08-24,view_count,55753.0,NEW Peach Rings GFUEL Flavor Review!
youtube,Celsius,video,cB_BwAqwBe8,2025-11-08,view_count,23.0,Celsius vs Monster - Full Comparison
youtube,Monster,video,cB_BwAqwBe8,2025-11-08,view_count,23.0,Celsius vs Monster - Full Comparison
youtube,Monster,video,cHfv4ZQEm18,2022-02-03,view_count,828.0,TASTE TEST Monster Energy Drinks Zero Ultra Sugar Free Watermelon Ultra Paradise Lo Carb
youtube,Celsius,video,cLVN4mapbAg,2017-11-03,view_count,42530.0,CELSIUS Drink REVIEW | The Fat Burning Monster
youtube,Bang,video,cTlZj0SP5gk,2020-07-31,view_count,4343883.0,Fredo Bang - Monsters
youtube,Alani Nu,video,cUXRA2VKTHE,2025-08-19,view_count,2480.0,Alani Nu Pumpkin Cream Review & Witch's Brew Re-review
youtube,Prime,video,cVaqFwaYj74,2023-07-29,view_count,88.0,THE PRIME ENERGY REVIEW
youtube,Rockstar,video,cXxt61iIZwE,2023-05-10,view_count,356.0,Dunkin’s Rockstar Energy Punch Drinks Review! (2 Flavors)
youtube,NOS,video,cbLpkzB4aAg,2026-04-19,view_count,53.0,Deadcarpet Energy Drink Reviews - Grand Prix Guava NOS Energy Drink
youtube,5-hour Energy,video,cca3VS7ePXY,2022-10-18,view_count,9335.0,Doctor Taste Tests Energy Drinks (and gives Fun Facts)
youtube,Monster,video,cca3VS7ePXY,2022-10-18,view_count,9335.0,Doctor Taste Tests Energy Drinks (and gives Fun Facts)
youtube,Reign,video,cca3VS7ePXY,2022-10-18,view_count,9335.0,Doctor Taste Tests Energy Drinks (and gives Fun Facts)
youtube,Rockstar,video,cca3VS7ePXY,2022-10-18,view_count,9335.0,Doctor Taste Tests Energy Drinks (and gives Fun Facts)
youtube,G Fuel,video,ccfWiWCu20U,2022-12-28,view_count,1063.0,G FUEL - 🍉🍃WATERMELON MINT FLAVOR - REVIEW!🍉🍃
youtube,Prime,video,ccfWiWCu20U,2022-12-28,view_count,1063.0,G FUEL - 🍉🍃WATERMELON MINT FLAVOR - REVIEW!🍉🍃
youtube,Bang,video,co3Ci888MaE,2022-10-15,view_count,7390.0,-Bang Vs Monster Garou-
youtube,Prime,video,czmb9vBRrF4,2023-06-03,view_count,633.0,Canadians Try Every Flavor of Prime Energy For The First Time!
youtube,Alani Nu,video,czscB-4Qz-I,2025-09-04,view_count,21.0,Alani Nu Pre Workout Review | Best Pre Workout for Beginners!
youtube,Monster,video,d1a3KIYrdUA,2022-03-14,view_count,6183991.0,We Tried EVERY Monster Energy Drink Flavor
youtube,G Fuel,video,d7bzV7cgRQQ,2023-07-11,view_count,18636.0,Is Prime Energy Dangerous?
youtube,Prime,video,d7bzV7cgRQQ,2023-07-11,view_count,18636.0,Is Prime Energy Dangerous?
youtube,Monster,video,d8ocu6iz1h0,2018-07-01,view_count,37824.0,Which Energy Drink is Best for Gamers? (7 Drinks in 7 Days)
youtube,NOS,video,d8ocu6iz1h0,2018-07-01,view_count,37824.0,Which Energy Drink is Best for Gamers? (7 Drinks in 7 Days)
youtube,Rockstar,video,d8ocu6iz1h0,2018-07-01,view_count,37824.0,Which Energy Drink is Best for Gamers? (7 Drinks in 7 Days)
youtube,Prime,video,dAIG542ehnc,2023-06-22,view_count,1612.0,Ice Pop Prime Energy Taste Test
youtube,Ghost,video,dAsyl2LqrPE,2026-03-28,view_count,2405.0,GHOST 7UP Just Dropped - Here's What You Need to Know
youtube,Alani Nu,video,dR7P8sptRIo,2026-05-11,view_count,398.0,Celsius 138% Revenue Crush! CELH to $70 Now! | CELH Stock Analysis
youtube,Celsius,video,dR7P8sptRIo,2026-05-11,view_count,398.0,Celsius 138% Revenue Crush! CELH to $70 Now! | CELH Stock Analysis
youtube,Monster,video,dR7P8sptRIo,2026-05-11,view_count,398.0,Celsius 138% Revenue Crush! CELH to $70 Now! | CELH Stock Analysis
youtube,Prime,video,dR7P8sptRIo,2026-05-11,view_count,398.0,Celsius 138% Revenue Crush! CELH to $70 Now! | CELH Stock Analysis
youtube,Rockstar,video,dR7P8sptRIo,2026-05-11,view_count,398.0,Celsius 138% Revenue Crush! CELH to $70 Now! | CELH Stock Analysis
youtube,Celsius,video,dRyOsSNixo4,2023-11-08,view_count,4182.0,Celsius Essentials VS Reign Energy | Who will survive? Celsius Essentials Blue Crush Review
youtube,Reign,video,dRyOsSNixo4,2023-11-08,view_count,4182.0,Celsius Essentials VS Reign Energy | Who will survive? Celsius Essentials Blue Crush Review
youtube,Celsius,video,d_CMx5auZBo,2024-08-19,view_count,11758.0,Gary Brecka’s Cyanide Claim EXPOSED  The Truth About Celsius Drinks
youtube,Ghost,video,dbjMiEsYvck,2024-12-08,view_count,48487.0,I Tried & Ranked EVERY Sports Drink
youtube,Prime,video,dbjMiEsYvck,2024-12-08,view_count,48487.0,I Tried & Ranked EVERY Sports Drink
youtube,Celsius,video,dhCZrym2Zec,2021-05-16,view_count,482.0,INCREASE METABOLISM WITH THIS DRINK?? | CELSIUS ENERGY DRINK FULL REVIEW
youtube,Bang,video,dkI5QPmwESk,2022-01-30,view_count,119883.0,We Drink Every Flavor Of BANG Energy for the First Time - RANKED!
youtube,Monster,video,dkI5QPmwESk,2022-01-30,view_count,119883.0,We Drink Every Flavor Of BANG Energy for the First Time - RANKED!
youtube,Red Bull,video,dkI5QPmwESk,2022-01-30,view_count,119883.0,We Drink Every Flavor Of BANG Energy for the First Time - RANKED!
youtube,Bang,video,dnaH3C93JxA,2020-08-03,view_count,705.0,Energy Drink DSD Shake-Up of 2020 | Deep Dish CPG Ep.84
youtube,Rockstar,video,dnaH3C93JxA,2020-08-03,view_count,705.0,Energy Drink DSD Shake-Up of 2020 | Deep Dish CPG Ep.84
youtube,Red Bull,video,dwjf4u-FjFc,2021-07-20,view_count,2206.0,Red Bull Yellow Edition: Review
youtube,Bang,video,dzxXriptGXo,2021-04-27,view_count,16.0,Hyley's Matcha Organic Energy Drink Citrus Mango Review
youtube,Monster,video,dzxXriptGXo,2021-04-27,view_count,16.0,Hyley's Matcha Organic Energy Drink Citrus Mango Review
youtube,NOS,video,dzxXriptGXo,2021-04-27,view_count,16.0,Hyley's Matcha Organic Energy Drink Citrus Mango Review
youtube,Rockstar,video,dzxXriptGXo,2021-04-27,view_count,16.0,Hyley's Matcha Organic Energy Drink Citrus Mango Review
youtube,Prime,video,e-vNDX_C8Ns,2023-06-30,view_count,363.0,Prime Energy Drink Review
youtube,Monster,video,e1k27JxyaYc,2021-05-05,view_count,55840.0,Monster Energy Mix Taste Test [REUPLOADED]
youtube,Monster,video,e2-IhObQJPE,2021-11-14,view_count,231223.0,We Drink Every Flavor of Monster Energy for the First Time - RANKED!
youtube,Red Bull,video,e5kYWtnrH8g,2012-01-23,view_count,15490.0,Red Bull 20oz Can Review
youtube,Celsius,video,eABahxxvBII,2022-07-15,view_count,1221.0,Giving Up the Ghost? It’s Chapter 11 Time for Celsius
youtube,Bang,video,eJCfLtij1ik,2025-01-20,view_count,693.0,Choose the Perfect Energy Drink: Avoid Crashes and Boost Focus!
youtube,Celsius,video,eJCfLtij1ik,2025-01-20,view_count,693.0,Choose the Perfect Energy Drink: Avoid Crashes and Boost Focus!
youtube,Monster,video,eJCfLtij1ik,2025-01-20,view_count,693.0,Choose the Perfect Energy Drink: Avoid Crashes and Boost Focus!
youtube,Red Bull,video,eJCfLtij1ik,2025-01-20,view_count,693.0,Choose the Perfect Energy Drink: Avoid Crashes and Boost Focus!
youtube,Celsius,video,eP6hJIeqjUQ,2023-11-07,view_count,3169.0,Celsius is on the Rise! | Should Monster be worried?
youtube,Monster,video,eP6hJIeqjUQ,2023-11-07,view_count,3169.0,Celsius is on the Rise! | Should Monster be worried?
youtube,Reign,video,eP6hJIeqjUQ,2023-11-07,view_count,3169.0,Celsius is on the Rise! | Should Monster be worried?
youtube,Monster,video,ePJ2UlRbHDI,2018-10-30,view_count,256446.0,Monster Energy vs Red Bull BC One All Stars // .stance // Silverback Open 2018
youtube,Red Bull,video,ePJ2UlRbHDI,2018-10-30,view_count,256446.0,Monster Energy vs Red Bull BC One All Stars // .stance // Silverback Open 2018
youtube,Prime,video,eU_2mPQ044s,2023-03-02,view_count,1994.0,PRIME: How One Company Started a Cult! Prime Energy/Hydration Drink Review!
youtube,Celsius,video,eWVQZwdlHV0,2016-07-28,view_count,408582.0,EASTGHOST - Exile (unofficial music video)
youtube,Reign,video,eY9Lx_TKVDg,2019-07-15,view_count,8607.0,Reign Review | What is Reign Total Body Fuel?
youtube,Alani Nu,video,e_OVVnEPZ50,2025-05-19,view_count,23.0,Alani Nu Energy Drink Review
youtube,Monster,video,eaw6wA0vW24,2025-10-12,view_count,1486.0,Is White Monster a Good Pre-Workout?
youtube,Monster,video,egCWEKuDuss,2026-01-26,view_count,463.0,Is It Any Good? | 3 New Monster Energy Drink Flavors Review
youtube,NOS,video,ejWuy_Lm_z0,2019-03-15,view_count,1922.0,NOS Sonic Sour (Reed Reviews)
youtube,Alani Nu,video,ejtfjqROEng,2025-08-24,view_count,53.0,We tried the viral Alani energy drinks #alani #alanienergydrink #witchesbrew
youtube,Celsius,video,ekbOjdw5VRs,2021-12-01,view_count,6659.0,DE GHOST - Celsius
youtube,Ghost,video,ekbOjdw5VRs,2021-12-01,view_count,6659.0,DE GHOST - Celsius
youtube,Celsius,video,el3coAXia-o,2017-09-03,view_count,334.0,Deadcarpet Energy Drink Reviews - Raspberry Acai Green Tea Celsius Energy Drink
youtube,Celsius,video,enOU8Wq0rxI,2023-12-16,view_count,290.0,CELSIUS Arctic Vibe Sparkling Frozen Berry - Quick Review
youtube,Prime,video,enOU8Wq0rxI,2023-12-16,view_count,290.0,CELSIUS Arctic Vibe Sparkling Frozen Berry - Quick Review
youtube,Reign,video,erCGsH8ynFw,2024-06-10,view_count,92.0,Reign storm clean energy review
youtube,Celsius,video,ern5h-9PEG0,2023-11-09,view_count,2054.0,Celsius Essentials CHERRY LIMEADE Energy Drink Review
youtube,Celsius,video,et8WKlFYGcc,2025-11-28,view_count,2.0,Fall Asleep With 🌿 What's Really Inside Celsius? The Energy Drink Science | Celsius Nutrition Facts
youtube,Monster,video,ev9J95_2JhM,2025-12-10,view_count,26880.0,"Bang, Bomb and Fubuki vs Overgrown Rover | One-Punch Man"
youtube,Red Bull,video,evglHGovEa4,2024-05-28,view_count,357616.0,Are 'Healthy' Drinks Actually Good For You? | Business Insider Explains | Business Insider
youtube,5-hour Energy,video,exl_czECBJU,2012-08-03,view_count,3298.0,5 Hour Energy Shot - Review
youtube,Monster,video,eyIrK54HGNI,2019-11-04,view_count,457957.0,"R.E.M. - Bang and Blame (Monster, Remastered)"
youtube,5-hour Energy,video,f2T7MMH_lgQ,2012-06-18,view_count,11527.0,First Taste: 5-hour ENERGY Extra Strength (Berry)
youtube,Prime,video,f5fZRSwgqUE,2023-11-23,view_count,6624265.0,The Every PRIME Hydration Drink 2.0 Chug
youtube,Celsius,video,fDRH1v5sRU4,2021-12-20,view_count,319.0,✅  Celsius Live Fit Sparkling Energy Beverage Review 🔴
youtube,Rockstar,video,fGxnN3Ge-uo,2022-07-07,view_count,810.0,Rockstar Energy Drink Sugar Free Review
youtube,Alani Nu,video,fNJ5_UFL8zQ,2024-07-26,view_count,7545.0,Celsius Live Fit Energy Drink Review (NOT SPONSORED) by a dietitian
youtube,Celsius,video,fNJ5_UFL8zQ,2024-07-26,view_count,7545.0,Celsius Live Fit Energy Drink Review (NOT SPONSORED) by a dietitian
youtube,Alani Nu,video,fOmqU6Sdpwg,2020-05-26,view_count,8689.0,Alani Nu Fat Burner Review 2021
youtube,Monster,video,fQ5iCSapuKc,2026-01-12,view_count,595.0,Monster energy - 2026 new flavor release
youtube,Celsius,video,fT_MuDOaZ1U,2023-08-03,view_count,3371.0,V8 Energy Pineapple Orange Vs Celsius Tropical vibe. #energy #energydrink #celsius #v8energy
youtube,Ghost,video,fUa9yoCV7D0,2025-03-10,view_count,137.0,Prax Energy Gummies Review – Clean Energy Boost or Hype?
youtube,Monster,video,fUa9yoCV7D0,2025-03-10,view_count,137.0,Prax Energy Gummies Review – Clean Energy Boost or Hype?
youtube,NOS,video,fUa9yoCV7D0,2025-03-10,view_count,137.0,Prax Energy Gummies Review – Clean Energy Boost or Hype?
youtube,Red Bull,video,fUa9yoCV7D0,2025-03-10,view_count,137.0,Prax Energy Gummies Review – Clean Energy Boost or Hype?
youtube,Rockstar,video,f_cVcBYM2zY,2025-01-20,view_count,53.0,Trying Rockstar Energy Recovery Berryade! | Energy Drink Monday (Energy Drink Review) TCGuys
youtube,Bang,video,fa73PQr58ws,2020-04-07,view_count,1571.0,CTC Review #336 - Natural Bang Energy Drinks: All Three Flavors
youtube,Reign,video,fd6z6guCjy4,2024-01-03,view_count,695.0,Reign Storm Energy Drink Review
youtube,Celsius,video,fgaU0qAb1rU,2023-02-27,view_count,282.0,CELSIUS Essential Energy Drink Review
youtube,Monster,video,fgtqeqpcZjM,2017-05-30,view_count,186.0,Top 10 Facts - Energy Drinks // Top Facts
youtube,Red Bull,video,fgtqeqpcZjM,2017-05-30,view_count,186.0,Top 10 Facts - Energy Drinks // Top Facts
youtube,Celsius,video,fiFhv8ckJcA,2021-10-20,view_count,10715.0,Celsius Live Fit Drink- Healthiest Energy Fat Burning Drink
youtube,Celsius,video,fkzApUzzQHs,2024-04-13,view_count,228.0,Honest Review of CELSIUS Sparkling Watermelon
youtube,Red Bull,video,fmGP4kRNZfI,2025-03-25,view_count,23457.0,We Taste EVERY Red Bull Flavor! (Angry Taste Test!)
youtube,5-hour Energy,video,fnDl-7iOJCI,2017-02-15,view_count,221.0,Deadcarpet Energy Drink Reviews - Extra-Strength Blue Raspberry 5-Hour Energy Energy Shot
youtube,Monster,video,fxV9Sir7-9w,2026-02-05,view_count,1004.0,Monster Energy® Zero Sugar Ultra Wild Passion Review! 🔋 | NEW Flavor Alert! | theendorsement
youtube,Celsius,video,fxaLJ-f4MRg,2024-11-11,view_count,1455.0,Проверка фактов: содержит ли энергетический напиток Celsius опасный уровень цианида?…
youtube,Celsius,video,fynWAWFoDH8,2025-06-24,view_count,178.0,Jocko GO vs. Celsius Energy: Which One’s Better for Clean Energy?
youtube,Bang,video,gAOPDhvw9n4,2021-08-06,view_count,3575.0,Bang Energy® Swirly Pop Energy Drink Review! 💥🍭⚡ | 7-Eleven® Exclusive! | theendorsement
youtube,Ghost,video,gB10hCiIyQg,2020-09-01,view_count,1719.0,ENERGY DRINK GAME CHANGER | Ghost Energy Tropical Mango Review
youtube,Monster,video,gCjsqJlUIaQ,2026-04-30,view_count,10.0,Red Bull vs Monster Energy (2026): The Ultimate Energy Drink Battle
youtube,Red Bull,video,gCjsqJlUIaQ,2026-04-30,view_count,10.0,Red Bull vs Monster Energy (2026): The Ultimate Energy Drink Battle
youtube,Monster,video,gH9aJNIfWdQ,2025-10-14,view_count,1344.0,Monster Zero Ultra Energy Drink Review - White Monster - Monster Energy Drink Review
youtube,Monster,video,gPp_t3mxKfA,2025-02-25,view_count,4418.0,Is it just Monster White in a Reign Can? | Reign White Haze Energy Drink Review
youtube,Reign,video,gPp_t3mxKfA,2025-02-25,view_count,4418.0,Is it just Monster White in a Reign Can? | Reign White Haze Energy Drink Review
youtube,Ghost,video,gPzwkVsTI0U,2022-02-06,view_count,18975.0,Ghost Swedish Fish Energy Drink Review. Does it REALLY taste like Swedish Fish?
youtube,Ghost,video,gT9pujM-9Gw,2025-05-01,view_count,42532.0,REVEALING THE NEW & IMPROVED 3D ENERGY!!!
youtube,Celsius,video,gTNchuwmguY,2025-09-08,view_count,128.0,"PRIME, Celsius, Monster: The Dark Reality Behind the Branding"
youtube,Monster,video,gTNchuwmguY,2025-09-08,view_count,128.0,"PRIME, Celsius, Monster: The Dark Reality Behind the Branding"
youtube,Prime,video,gTNchuwmguY,2025-09-08,view_count,128.0,"PRIME, Celsius, Monster: The Dark Reality Behind the Branding"
youtube,Prime,video,gTd18w6MebQ,2023-01-18,view_count,123.0,Prime Energy Drink Taste Test & Product Review
youtube,Red Bull,video,gWaoewTuZ88,2023-10-13,view_count,21626.0,Trying EVERY Flavor Of RedBull (In Norway)
youtube,G Fuel,video,giX5aS24hl0,2025-12-27,view_count,171.0,G Fuel’s “SHARINGAN” Flavor Taste Test & Review (Pomegranate Green Tea)
youtube,Red Bull,video,goC20Wl7RP8,2023-11-27,view_count,2473761.0,How to Make Red Bull
youtube,NOS,video,guFYPP3_cYU,2021-03-10,view_count,1878.0,NOS - Energy Drink Review
youtube,Monster,video,h2c2OCR_lWw,2020-06-02,view_count,33756.0,Are Energy Drinks Bad for You? All Ingredients reviewed and the Science behind the ingredients.
youtube,Red Bull,video,h2c2OCR_lWw,2020-06-02,view_count,33756.0,Are Energy Drinks Bad for You? All Ingredients reviewed and the Science behind the ingredients.
youtube,Prime,video,h3bieZ4Uu0U,2026-03-01,view_count,24.0,Aspire Healthy Energy Drink w Natural Caffeine & NO Sugar!
youtube,Rockstar,video,h3uE1AU-SXs,2022-11-01,view_count,2049.0,Rockstar Recovery Energy Drink Review. Rockstar Recovery Pineapple Coconut & Mango Lemonade
youtube,Bang,video,h9mXZVPfenk,2021-03-06,view_count,288.0,"BEST Pre Workout Supplements | Coffee, Powder, Energy Drinks, RTD"
youtube,Monster,video,h9mXZVPfenk,2021-03-06,view_count,288.0,"BEST Pre Workout Supplements | Coffee, Powder, Energy Drinks, RTD"
youtube,Reign,video,h9mXZVPfenk,2021-03-06,view_count,288.0,"BEST Pre Workout Supplements | Coffee, Powder, Energy Drinks, RTD"
youtube,Celsius,video,hBr__eByGj4,2018-04-01,view_count,229.0,Negative 22 Celsius - The Approach of Winter (Demo)
youtube,Ghost,video,hE-OMNPCpoY,2020-07-07,view_count,93858.0,9 Nutrition Alternatives For Training & Race Day | Are You Sick Of Energy Gels?
youtube,Bang,video,hGZdHt6WYjo,2019-09-06,view_count,2286.0,Blood Sugar Test: Sugar Free Energy Drinks
youtube,Celsius,video,hHOWz82zeVY,2022-02-10,view_count,384.0,Is Celsius healthier than monster?
youtube,Monster,video,hHOWz82zeVY,2022-02-10,view_count,384.0,Is Celsius healthier than monster?
youtube,Red Bull,video,hIMR5HFs21U,2014-06-27,view_count,540774.0,What’s Inside: Red Bull Energy Drinks-WIRED
youtube,Monster,video,hLXXh0hbPCs,2023-01-27,view_count,260575.0,Turning My Addiction Into A Tier List
youtube,Monster,video,hMzR4_jMkiI,2025-07-17,view_count,6267.0,The Official MONSTER ZERO SUGAR Tier List
youtube,G Fuel,video,hPacfzbRzok,2021-09-30,view_count,294690.0,ASMR | GFuel Taste Test - (Honest Review and Water + Lid Sounds)
youtube,G Fuel,video,hSLvu85EZbM,2021-07-14,view_count,1035366.0,"""The Best Gaming & E-Sports Energy Drink"" (lol)"
youtube,Celsius,video,hTTcW1PAjpE,2022-11-27,view_count,6966.0,Is Celsius BAD for you? The TRUTH
youtube,Celsius,video,hVGn2YI4wAE,2023-01-13,view_count,3927.0,My HONEST review of EVERY Celsius Flavor...
youtube,Bang,video,hXW4iYkLJnw,2020-06-23,view_count,131.0,Bang Cotton Candy vs Reign Carnival Candy Energy Drink Review Comparison
youtube,Reign,video,hXW4iYkLJnw,2020-06-23,view_count,131.0,Bang Cotton Candy vs Reign Carnival Candy Energy Drink Review Comparison
youtube,Reign,video,hZRQ9PYjuQE,2021-02-25,view_count,53.0,Reign Energy Drink Review
youtube,Monster,video,hZUH9wlv52k,2014-11-11,view_count,102165.0,Christian: Monster Energy Drinks Are Satanic
youtube,Celsius,video,h_XhG7VO2aQ,2024-01-01,view_count,71.0,Which is Better? Prime vs Red Bull vs Celsius
youtube,Prime,video,h_XhG7VO2aQ,2024-01-01,view_count,71.0,Which is Better? Prime vs Red Bull vs Celsius
youtube,Red Bull,video,h_XhG7VO2aQ,2024-01-01,view_count,71.0,Which is Better? Prime vs Red Bull vs Celsius
youtube,Monster,video,ha9R84llpxo,2022-10-01,view_count,147507.0,The Controversial Rise Of Monster Energy
youtube,NOS,video,hael3AyYY0E,2019-08-27,view_count,39053.0,NOS Energy Drink Product Review. Honest review of a classic energy drink.
youtube,Zoa,video,hl1DOgmIVEA,2023-07-13,view_count,91.0,ZOA Sugar-Free Energy Drinks | Our Point Of View
youtube,Monster,video,hlt-HJpENH0,2015-09-26,view_count,84022.0,Red Reviews Red Bull vs Monster Taste Test
youtube,Red Bull,video,hlt-HJpENH0,2015-09-26,view_count,84022.0,Red Reviews Red Bull vs Monster Taste Test
youtube,Prime,video,hrKSePl-X9g,2023-07-05,view_count,994.0,Prime Energy Logan Paul x KSI Drink Review | Basic Breakdown
youtube,Ghost,video,hy-mRj5Dl6s,2022-06-03,view_count,617.0,GHOST ENERGY LANDS IN CANADA! 🇨🇦 | Ghost Energy vs 3D Energy - What's Better?
youtube,Celsius,video,i0kDnupbifs,2025-07-31,view_count,3264.0,High Noon and Celsius recall for mislabel
youtube,Prime,video,i0kDnupbifs,2025-07-31,view_count,3264.0,High Noon and Celsius recall for mislabel
youtube,G Fuel,video,i0qk92wZSMg,2021-03-17,view_count,139600.0,G Fuel - A Dishonest and Dangerous Scam
youtube,Monster,video,i0qk92wZSMg,2021-03-17,view_count,139600.0,G Fuel - A Dishonest and Dangerous Scam
youtube,5-hour Energy,video,i32hlcj00g4,2025-12-15,view_count,7024.0,Are Energy Drinks a Scam?
youtube,Alani Nu,video,i32hlcj00g4,2025-12-15,view_count,7024.0,Are Energy Drinks a Scam?
youtube,Ghost,video,i32hlcj00g4,2025-12-15,view_count,7024.0,Are Energy Drinks a Scam?
youtube,Monster,video,i32hlcj00g4,2025-12-15,view_count,7024.0,Are Energy Drinks a Scam?
youtube,Monster,video,i5briN0iSsk,2026-05-13,view_count,541.0,"Fouad Abiad Gets Real About Life, Money & Bodybuilding | Ep. 100 | Dumbbells & Doobies"
youtube,Celsius,video,i6VTV8QaJXQ,2023-08-05,view_count,592.0,Taste Test | CELSIUS Sparkling Arctic Vibe | Review
youtube,Ghost,video,i6tKRVynGUQ,2026-05-13,view_count,463.0,5 High-End Pre-Workout Brands ROBBING You Blind (And 5 That Are Actually Worth It)
youtube,Alani Nu,video,iAY5-O5O5Ag,2022-02-14,view_count,342.0,Alani Nu Mimosa Energy Drink Review
youtube,Rockstar,video,iL959KrGFZI,2021-03-22,view_count,688.0,Rockstar energy original review
youtube,Alani Nu,video,iQhVTLe6seM,2022-07-17,view_count,412.0,Alani Nu Energy - Rocket Pop (Reed Reviews)
youtube,Bang,video,i_7pFOxxw1w,2022-01-20,view_count,369.0,REVIEW GONE WRONG!! - BANG Energy VOOZ - ALL FLAVORS
youtube,Prime,video,icec3KaJnYk,2023-06-25,view_count,3582.0,Is Prime Energy better than Prime Hydration? (Tropical Punch Review)
youtube,Monster,video,ieagIJSokuo,2022-05-18,view_count,665642.0,Monster Energy - Why They're Hated
youtube,Bang,video,ihOthaajJKU,2023-01-02,view_count,1498.0,CHOCOLATE WATER (based) Energy Drink!? Bang Energy Review
youtube,Ghost,video,ih_v4liSyyY,2023-03-11,view_count,667.0,FaZe Pop Ghost Energy Drink REVIEW | What Does It Taste Like? | FaZe Clan
youtube,Zoa,video,iiWMSXOvEgU,2021-06-23,view_count,172018.0,The Rock's Energy Drink is a MASSIVE DISAPPOINTMENT
youtube,Bang,video,iisW-R0-Uds,2021-02-02,view_count,1522.0,Should You Drink Bang as a Pre-Workout or Coffee Alternative?
youtube,Monster,video,iye3mtnE3ac,2021-06-16,view_count,3682.0,Coffee vs Energy Drinks: Which is Better for STUDYING?? PART 2
youtube,Monster,video,izGp6-JnWMM,2025-06-01,view_count,3300.0,Tier List II: Monster Energy Ultra & Fuzz's Favorite Breakfast Bars
youtube,Monster,video,j-6ndRT6SeA,2024-07-23,view_count,1754.0,Reign Storm VS Red Bull!!! | Reign Storm Strawberry Apricot review and Red Bull Amber comparison
youtube,Red Bull,video,j-6ndRT6SeA,2024-07-23,view_count,1754.0,Reign Storm VS Red Bull!!! | Reign Storm Strawberry Apricot review and Red Bull Amber comparison
youtube,Reign,video,j-6ndRT6SeA,2024-07-23,view_count,1754.0,Reign Storm VS Red Bull!!! | Reign Storm Strawberry Apricot review and Red Bull Amber comparison
youtube,Ghost,video,j-jPLcGio8k,2020-11-17,view_count,1158.0,Which is my Favorite | Ghost Energy Drink Review Ghost Lifestyle GNC Energy Drink Review
youtube,Ghost,video,j4mxQfHEqa8,2026-04-06,view_count,5.0,Ghost Energy Drink Review!
youtube,Monster,video,jAoKZk_BMqM,2012-12-13,view_count,794.0,Can energy drinks be deadly?
youtube,Monster,video,jE0qM6COPyE,2024-10-03,view_count,57370.0,How Are Monster Energy Drinks Made | Inside The Factory
youtube,G Fuel,video,jJ0mXB8qHy0,2021-11-28,view_count,18931.0,Blue Ice GFUEL Flavor REVIEW!
youtube,NOS,video,jWq8AnFoh7I,2019-05-29,view_count,52.0,College Reviews *on Energy Drinks!!*
youtube,Red Bull,video,jWq8AnFoh7I,2019-05-29,view_count,52.0,College Reviews *on Energy Drinks!!*
youtube,Rockstar,video,jXGH9B72AEI,2025-01-27,view_count,45.0,Trying Rockstar Focus Lemon Lime! | Energy Drink Monday (Energy Drink Review) TheCombustionGuys
youtube,Celsius,video,jc0uLuiLswU,2023-03-25,view_count,2425.0,Celsius Fantasy Vibe Mandarin Orange Marshmallow Energy Drink Review
youtube,G Fuel,video,jcva81Pg-fE,2021-03-23,view_count,36943.0,Sour Blue Chug Rug GFUEL Flavor Review! - Overhyped?
youtube,Monster,video,jfEdo0ySb9s,2014-09-24,view_count,769.0,TCN2692 Monster Energy Drink Truck Stops in the Middle of the Road to Deliver
youtube,Celsius,video,jk1S9WqzRl0,2019-11-12,view_count,94943.0,Elijah Ghost - DA MACARENA [PROD. KAMANUGUE]
youtube,Ghost,video,jk1S9WqzRl0,2019-11-12,view_count,94943.0,Elijah Ghost - DA MACARENA [PROD. KAMANUGUE]
youtube,Monster,video,jnAdqoGyzqo,2024-12-22,view_count,83.0,Monster Rehab Green Tea Energy Drink Review
youtube,Monster,video,joG8XsnWlKY,2017-11-13,view_count,587833.0,Monster Energy vs Squadron [final] ► .stance x Freestyle Session 20th Anniversary ◄ UDEF
youtube,Monster,video,jteWljtioKs,2015-11-24,view_count,764796.0,Family Guy - S14E06 - Stewie drinks a Monster energy drink
youtube,Celsius,video,jvE3oLkuG1w,2024-04-09,view_count,1554.0,Celsius Essentials Mango Tango Energy Drink Review
youtube,Alani Nu,video,jyUruArRk3g,2024-12-30,view_count,393.0,Is It Any Good? | Alani Nu Winter Wonderland Energy Drink Review
youtube,Bang,video,k-Px_5G-IXI,2019-03-30,view_count,260022.0,Monster Reign Energy Drink VS Bang Energy Drink; Monster Reign Product Review
youtube,Monster,video,k-Px_5G-IXI,2019-03-30,view_count,260022.0,Monster Reign Energy Drink VS Bang Energy Drink; Monster Reign Product Review
youtube,Reign,video,k-Px_5G-IXI,2019-03-30,view_count,260022.0,Monster Reign Energy Drink VS Bang Energy Drink; Monster Reign Product Review
youtube,Red Bull,video,k6MZr4l03dI,2025-10-23,view_count,475955.0,ULTIMATE Red Bull Rampage RECAP 2025
youtube,G Fuel,video,k9NxrMX14Ho,2022-01-01,view_count,67713.0,Ranking Every GFUEL Flavor
youtube,Celsius,video,kEQzT4G4KLc,2023-01-08,view_count,78.0,CELSIUS Energy Drink | Boost Metabolism and burn Body Fat !!!!
youtube,Prime,video,kEQzT4G4KLc,2023-01-08,view_count,78.0,CELSIUS Energy Drink | Boost Metabolism and burn Body Fat !!!!
youtube,Bang,video,kI173TWMzos,2019-04-06,view_count,1812.0,REIGN energy drink all six flavors Monster Review
youtube,Monster,video,kI173TWMzos,2019-04-06,view_count,1812.0,REIGN energy drink all six flavors Monster Review
youtube,Reign,video,kI173TWMzos,2019-04-06,view_count,1812.0,REIGN energy drink all six flavors Monster Review
youtube,Alani Nu,video,kIkJRtO9l1w,2026-04-22,view_count,15.0,Strawberry Fling Energy Drink Review (Energy Drink for women)
youtube,Ghost,video,kIkJRtO9l1w,2026-04-22,view_count,15.0,Strawberry Fling Energy Drink Review (Energy Drink for women)
youtube,Monster,video,kIkJRtO9l1w,2026-04-22,view_count,15.0,Strawberry Fling Energy Drink Review (Energy Drink for women)
youtube,G Fuel,video,kUpF7hWyzEo,2025-09-16,view_count,107.0,First Try & Review: G FUEL 2.0!!
youtube,Rockstar,video,kZEF5Mr_4D0,2012-07-01,view_count,4594.0,Energy Crisis—Energy Drink Review #64 Rockstar Recovery
youtube,NOS,video,kaI31euhEYE,2011-11-06,view_count,23685.0,NOS Energy Drink (Review)
youtube,Monster,video,kgErcvvv-kk,2023-09-22,view_count,4881.0,Monster Assault Energy Drink Review
youtube,Zoa,video,kgkKI3ks7DM,2022-03-11,view_count,27352.0,Dietician Reacts to The Rock’s Zoa Energy Drink | Is It Actually Healthy?
youtube,Bang,video,kk3yD8vjeMI,2019-06-02,view_count,2356.0,TRYING BANG ENERGY DRINK FOR THE FIRST TIME! (REACTION & REVIEW)
youtube,G Fuel,video,krHsf8pSilM,2017-12-12,view_count,2605330.0,What is G Fuel?
youtube,Celsius,video,kwd1_kPHQT4,2023-12-19,view_count,622.0,Celsius Sparkling Orange Energy Drink Review
youtube,Monster,video,kxuk7fG9WXc,2024-09-10,view_count,5523.0,Is it a Bad Apple? | Monster Bad Apple Energy Drink Review
youtube,Bang,video,l07nGasZerc,2019-07-02,view_count,1610495.0,Genos King Bang and Saitama vs Elder Centipede | One Punch Man Season 2 HD
youtube,Celsius,video,l4mOMnljXOk,2025-05-05,view_count,100.0,TRYING THE NEW CELSIUS HYDRATION 💙💧#fitnessjourney #hydration #gymgirl
youtube,Ghost,video,l5BObBE4t5k,2023-07-11,view_count,583.0,C4 vs GHOST ENERGY DRINK! | the BEST ENERGY drink ? | pre workout | Best performance? |
youtube,Celsius,video,l6gzEV8GWEc,2023-11-13,view_count,2168.0,Celsius Essentials Dragonberry Review
youtube,Celsius,video,l7ekiZlxvbA,2023-12-16,view_count,571.0,CELSIUS Sparkling Tropical Vibe - Quick Review
youtube,Prime,video,l7ekiZlxvbA,2023-12-16,view_count,571.0,CELSIUS Sparkling Tropical Vibe - Quick Review
youtube,Red Bull,video,lDHrbAdxBeU,2025-01-15,view_count,114652.0,Red Bull Commercials Compilation All Animated Ads Review
youtube,Bang,video,lFBAYdF_aK0,2018-12-22,view_count,17095.0,Bang Energy Drink Review
youtube,Bang,video,lLxqIwVpL00,2023-07-02,view_count,191879.0,[ASMR] DRINKING MOST POPULAR ENERGY DRINKS | EXTREME GULPS | 99.99% SATISFACTION | DRINKING ASMR
youtube,Ghost,video,lLxqIwVpL00,2023-07-02,view_count,191879.0,[ASMR] DRINKING MOST POPULAR ENERGY DRINKS | EXTREME GULPS | 99.99% SATISFACTION | DRINKING ASMR
youtube,Monster,video,lLxqIwVpL00,2023-07-02,view_count,191879.0,[ASMR] DRINKING MOST POPULAR ENERGY DRINKS | EXTREME GULPS | 99.99% SATISFACTION | DRINKING ASMR
youtube,Prime,video,lLxqIwVpL00,2023-07-02,view_count,191879.0,[ASMR] DRINKING MOST POPULAR ENERGY DRINKS | EXTREME GULPS | 99.99% SATISFACTION | DRINKING ASMR
youtube,5-hour Energy,video,lOPQ0jRHVlo,2011-11-04,view_count,158822.0,5 Hour Energy Drink Review
youtube,Celsius,video,lOXC1KNEMas,2026-03-08,view_count,4.0,The Top 5 Best Celsius Cola in 2026 - Must Watch Before Buying!
youtube,Reign,video,lPTRl5yqZgY,2021-02-01,view_count,1879.0,New! Reign Flavors! | Reign Energy Drink REVIEW | White Gummy Bear 🐻 & Cherry 🍒 Limeade
youtube,Bang,video,lTUsjFbHHto,2019-05-11,view_count,3676.0,"Bang Energy Drink: Purple Haze, Blue Razz & Peach Mango Review"
youtube,Alani Nu,video,lfkkMkAxXeU,2025-06-15,view_count,1920.0,Alani Nu® Cotton Candy Energy Drink Review! 🎡🍬🔋| Their BEST Flavor Ever? | theendorsement
youtube,Prime,video,llG8CT7rvks,2023-01-06,view_count,1794.0,Logan Paul Prime Energy Review - A Huge Letdown?
youtube,Celsius,video,llRx1tgaYsA,2024-02-19,view_count,407092.0,Trying New Celsius Flavors
youtube,Celsius,video,lpkWkmtYHMc,2025-05-16,view_count,990.0,The Shocking Link Between Energy Drinks and Cancer Revealed | Most Viral Today
youtube,Red Bull,video,lpkWkmtYHMc,2025-05-16,view_count,990.0,The Shocking Link Between Energy Drinks and Cancer Revealed | Most Viral Today
youtube,Reign,video,ltwEDc1My_E,2022-11-06,view_count,1250.0,New! Tropical 🏝️ Storm ⛈️ | Reign Energy Drink REVIEW
youtube,Celsius,video,lvzqRNJWzRI,2024-02-05,view_count,9.0,Why is Celsius so healthy?
youtube,Bang,video,m2AZebrnLWo,2022-09-19,view_count,2361.0,Is Monster Energy Safe to Drink?
youtube,Monster,video,m2AZebrnLWo,2022-09-19,view_count,2361.0,Is Monster Energy Safe to Drink?
youtube,Celsius,video,m37OP39ISZs,2022-08-21,view_count,67663.0,Energy Sip Sundays - Celsius Watermelon vs Dragon Ball Z Power Boost Feat. OKHIPHOP
youtube,Alani Nu,video,m3Y6JinnzWg,2024-11-06,view_count,135034.0,ULTIMATE Pre Workout Tier List: 24 Brands Tested
youtube,Ghost,video,m3Y6JinnzWg,2024-11-06,view_count,135034.0,ULTIMATE Pre Workout Tier List: 24 Brands Tested
youtube,Monster,video,m47JN56QwRA,2023-05-24,view_count,2005.0,10 UNBELIEVABLE FACTS About MONSTER ENERGY You DIDN'T KNOW
youtube,Celsius,video,m6ej5kWEoSA,2020-09-03,view_count,35.0,"ASPIRE Healthy Energy Drink – Raspberry Acai, 4 Pack – Zero Sugar, Calories or Carbs – Keto, Reviews"
youtube,Prime,video,mEOksp6iqso,2023-01-07,view_count,1751283.0,BRUTALLY RATING PRIME ENERGY!
youtube,Celsius,video,mFoixDLiLW8,2020-04-23,view_count,767.0,Celsius Energy Drink Review
youtube,Monster,video,mFxZql7OqnU,2021-09-01,view_count,5748.0,Monster Energy Zero Ultra Sugar Free Energy Drink 24 Pack Unboxing
youtube,Ghost,video,mOxx561Xb2A,2020-09-20,view_count,33268.0,Ghost Energy Drink Product Review; BEST Energy Drinks Ever? Ghost Sour Patch and Tropical Mango
youtube,Monster,video,mWUamzMQFvI,2021-04-21,view_count,35228646.0,Eminem - The Monster (Lyrics) ft. Rihanna
youtube,Monster,video,m_brWfb3elQ,2018-04-16,view_count,4389.0,Monster Energy Juice | Pipeline Punch Review! 🌊👊
youtube,Monster,video,mkKrlVUX3mE,2026-01-15,view_count,799075.0,What does White Monster Even Do to You?
youtube,Prime,video,mnU06U7PpEo,2023-05-08,view_count,363.0,Blue Raspberry Prime energy drink review
youtube,G Fuel,video,muIHlU6UU0E,2025-10-19,view_count,2466.0,Fallout Nuka Cola 2.0 Review!
youtube,Bang,video,n31gsdXx9-8,2019-07-03,view_count,748710.0,Garou vs Bang and Bomb - Full Fight | Sensei vs Student 🔥 One Punch Man
youtube,Prime,video,n4or5Rh0OKs,2024-11-23,view_count,4611.0,Electrolyte vs Alkaline vs Mineral vs Regular Water: Which Is Best For You?
youtube,Alani Nu,video,n5BB2k_virw,2019-05-26,view_count,2783.0,🎉NEW PRODUCT REVIEW🎉 Alani Nu Pre Workout!!!
youtube,5-hour Energy,video,n5kzywLF_vc,2020-01-15,view_count,12868.0,1st time having a 5 hour energy drink : IS IT WORTH IT?  (PROS & CONS) 🤔
youtube,NOS,video,n8cVRCZwJKI,2016-08-26,view_count,636.0,NOS Energy Drink Review
youtube,Prime,video,nDEO0rtYxDg,2023-07-10,view_count,313.0,Viral influencer-backed energy drink Prime under scrutiny
youtube,Ghost,video,nRr2F2UxIIQ,2020-09-19,view_count,2824.0,Ghost Energy Drink REVIEW | Is It Worth The Hype? | Best New Energy Drink?
youtube,5-hour Energy,video,noPZeZ_Zhwo,2024-04-11,view_count,230604.0,5-hour ENERGY® gives you energy that lasts!
youtube,Rockstar,video,noXVBHB5gxo,2021-06-21,view_count,551.0,🎸 Rockstar Energy Drink REVIEW | Pure Zero | Grape | Fruit Punch
youtube,5-hour Energy,video,npftP7Auv58,2017-05-05,view_count,5986.0,5 hour energy is how powerful
youtube,Ghost,video,nsP_f8BB_dk,2025-09-29,view_count,11977.0,Haunted PALM SPRINGS: Ghosts and Legends of the Desert #haunted #ghosttour
youtube,Prime,video,nwy7hvRQXWg,2023-08-16,view_count,333954.0,The PROBLEM with PRIME Energy
youtube,Bang,video,nykWfHFSycw,2020-11-19,view_count,13451.0,Are Bang Energy Drinks Healthy? | Bang Energy Drink Review Video
youtube,Monster,video,o0FiG7c6m48,2023-11-17,view_count,2409054.0,Sympathy for the Monster
youtube,Celsius,video,o0irfSfUS94,2023-07-27,view_count,4226.0,Don't Make a Decision Until You Watch This: Celsius vs. Update Energy Drink
youtube,Alani Nu,video,oCy_WqtBR6E,2020-02-10,view_count,5925.0,FIRST TIME TRYING ALANI NU ENERGY DRINKS | Unsponsored Review
youtube,Celsius,video,oEvfFQVTL3M,2024-01-31,view_count,216.0,The New! Celsius Live Fit Essentials Energy Drink REVIEW | Mango Tango
youtube,Monster,video,oNaqj5UCwyI,2025-09-09,view_count,27.0,Red bull vs Monster : who is bigger in 2025
youtube,Red Bull,video,oNaqj5UCwyI,2025-09-09,view_count,27.0,Red bull vs Monster : who is bigger in 2025
youtube,Prime,video,oNqQw36egek,2025-02-11,view_count,159829.0,$89 Bottle Turns Water to Fizz? Aerflo Review!
youtube,Prime,video,oO1jGorhEyY,2023-05-16,view_count,535304.0,Ranking ALL 13 Flavors of Prime Hydration & Energy
youtube,Red Bull,video,oY8tz1paj6o,2020-07-04,view_count,13132653.0,Taking the caffeine out of Red Bull so I can drink it at night
youtube,Red Bull,video,obf-vaEWPe0,2026-03-10,view_count,1686.0,"Red Bull® Spring Edition Cherry Sakura Review! 🌸 | Is This The BEST ""Edition"" Ever? | theendorsement"
youtube,Rockstar,video,odKuIJL62CE,2020-12-05,view_count,3852.0,"Rockstar Energy Drink: Original, Sugar Free & Zero Carb Review"
youtube,Celsius,video,oesJ35r2Xy8,2026-04-26,view_count,8.0,"Every Ingredient in Red Bull, Monster and Celsius Explained Visually"
youtube,Monster,video,oesJ35r2Xy8,2026-04-26,view_count,8.0,"Every Ingredient in Red Bull, Monster and Celsius Explained Visually"
youtube,Red Bull,video,oesJ35r2Xy8,2026-04-26,view_count,8.0,"Every Ingredient in Red Bull, Monster and Celsius Explained Visually"
youtube,Reign,video,of6mjzS2VEA,2021-05-02,view_count,426.0,💥Reign Energy Drink Review!💥
youtube,Ghost,video,oiKC-FPJSfs,2020-10-01,view_count,8359.0,GHOST ENERGY in depth EXPEREINCE and REVIEW
youtube,Celsius,video,onx9gAAT-fo,2019-06-15,view_count,3053.0,Celsius Energy Drink Review | GRAB OR PASS
youtube,G Fuel,video,ooiRBVTmIeM,2023-10-01,view_count,2078705.0,Food Theory: Gamer Drinks Are A LIE?! (GFuel)
youtube,Ghost,video,ooiRBVTmIeM,2023-10-01,view_count,2078705.0,Food Theory: Gamer Drinks Are A LIE?! (GFuel)
youtube,Prime,video,ooiRBVTmIeM,2023-10-01,view_count,2078705.0,Food Theory: Gamer Drinks Are A LIE?! (GFuel)
youtube,Monster,video,otrdcj0gk9A,2026-05-13,view_count,76.0,Monster Energy® Red White & Blue Razz Review! 🔋🗽 | MERICA! | theendorsement
youtube,Red Bull,video,ouDinCRMQ_g,2022-05-06,view_count,6145950.0,F1 Drivers Race WILD Swamp Cars 🇺🇸 🐊
youtube,Monster,video,p-rMfFDcW-0,2026-01-14,view_count,2734.0,Monster Energy® Zero Sugar Monster Ultra Punk Punch Review! 🔋👊 | NEW FLAVOR ALERT! |  theendorsement
youtube,Monster,video,p3zZbyS64dM,2025-04-12,view_count,132046.0,The Billion-Dollar Battle Between Red Bull and Monster
youtube,Red Bull,video,p3zZbyS64dM,2025-04-12,view_count,132046.0,The Billion-Dollar Battle Between Red Bull and Monster
youtube,Alani Nu,video,p6-6w3OUCsg,2025-02-04,view_count,743.0,Is Alani Energy Drink Healthy? - Beverage Buff
youtube,Bang,video,p7b2GHp9Gsc,2025-10-22,view_count,186.0,The BIZARRE World Of Gamer Drinks
youtube,G Fuel,video,p7b2GHp9Gsc,2025-10-22,view_count,186.0,The BIZARRE World Of Gamer Drinks
youtube,Monster,video,p7b2GHp9Gsc,2025-10-22,view_count,186.0,The BIZARRE World Of Gamer Drinks
youtube,Red Bull,video,p7b2GHp9Gsc,2025-10-22,view_count,186.0,The BIZARRE World Of Gamer Drinks
youtube,NOS,video,p8JMLIBDWIw,2012-03-03,view_count,289.0,NOS American Energy Drink Review
youtube,Bang,video,p8cBmEOmuOg,2024-06-02,view_count,2834.0,Why Celsius is BAD for You! (The Shocking Truth)
youtube,Ghost,video,p8cBmEOmuOg,2024-06-02,view_count,2834.0,Why Celsius is BAD for You! (The Shocking Truth)
youtube,Monster,video,pAJGamt0r9E,2022-12-22,view_count,808.0,Zero sugar Monster energy drink review you know that new new
youtube,Ghost,video,pAmdmvVZz2A,2022-09-09,view_count,1119.0,STRAWBANGO GHOST ENERGY?! MAXX CHEWNING x GHOST LIFESTYLE 2022
youtube,Alani Nu,video,pBVNeOj7NWA,2023-09-19,view_count,50131.0,Alani Nu® Witches Brew Energy Drink Review!🧙‍♀️🧹🕸️ | 1st Time Trying | theendorsement
youtube,Ghost,video,pJ39cHA4WXk,2026-01-02,view_count,1357.0,I Drank Sentia So You Don't Have To – Here's the Real Deal
youtube,Zoa,video,pJWoV9WHUtM,2024-07-17,view_count,3139.0,Zoa Energy Drink Review: The Best Natural Energy Boost for Your Active Lifestyle?
youtube,Ghost,video,pJwbz18ptJ8,2024-05-15,view_count,404.0,How BAD Are Energy Drinks for Your HEALTH? (Doctor’s Opinion)
youtube,Monster,video,pJwbz18ptJ8,2024-05-15,view_count,404.0,How BAD Are Energy Drinks for Your HEALTH? (Doctor’s Opinion)
youtube,G Fuel,video,pOhNK3rCjDI,2025-10-26,view_count,205.0,Gfuel New Formula - Is it Worth it? Review Time!
youtube,Alani Nu,video,pPQm92FVyPE,2025-02-11,view_count,2181.0,Alani Nu Strawberry Sunrise Energy Drink Review
youtube,Celsius,video,pQ5RwE23erk,2024-07-20,view_count,18.0,How to increase your energy  and focus. Celsius Sparkling energy drinks
youtube,Prime,video,pQ5RwE23erk,2024-07-20,view_count,18.0,How to increase your energy  and focus. Celsius Sparkling energy drinks
youtube,Bang,video,pQXxaKJMuL0,2018-12-12,view_count,109905.0,Is bang energy drink good for you? Bang Energy Drink Review
youtube,Monster,video,pQXxaKJMuL0,2018-12-12,view_count,109905.0,Is bang energy drink good for you? Bang Energy Drink Review
youtube,Rockstar,video,pdH3U6qNSl0,2025-04-01,view_count,451.0,IS Rockstar Energy Drink THE BEST Original Flavor?
youtube,Celsius,video,pdKgMQI_JoI,2024-08-17,view_count,380894.0,This Is a DEADLY Combination
youtube,Monster,video,pdKgMQI_JoI,2024-08-17,view_count,380894.0,This Is a DEADLY Combination
youtube,NOS,video,pdKgMQI_JoI,2024-08-17,view_count,380894.0,This Is a DEADLY Combination
youtube,Rockstar,video,pdKgMQI_JoI,2024-08-17,view_count,380894.0,This Is a DEADLY Combination
youtube,G Fuel,video,pdPdJKJrmXk,2025-11-04,view_count,483.0,aDrive Reviews G FUEL 2.0 👀
youtube,Ghost,video,pes2exUsHjo,2022-02-16,view_count,156.0,When Did Ghost Energy Drink Come Out With Ghost Swedish Fish Energy Drink? [Ghost Energy Review]
youtube,Monster,video,phfKKKY-UfU,2025-10-14,view_count,3303.0,Monster Energy® Juice Bad Apple Review! 😠🍎🔋 | Their BEST Monster® Juice Ever? | theendorsement
youtube,Prime,video,pjTfTkOHh3c,2020-04-21,view_count,1182.0,A Kombucha Review🍍Kavita Pineapple Peach 2020 #05
youtube,Bang,video,pkJIzGSoE2c,2020-04-04,view_count,8531.0,How Much Caffeine In Energy Drinks | The Facts May Shock You
youtube,Monster,video,pkJIzGSoE2c,2020-04-04,view_count,8531.0,How Much Caffeine In Energy Drinks | The Facts May Shock You
youtube,NOS,video,pkJIzGSoE2c,2020-04-04,view_count,8531.0,How Much Caffeine In Energy Drinks | The Facts May Shock You
youtube,Red Bull,video,pkJIzGSoE2c,2020-04-04,view_count,8531.0,How Much Caffeine In Energy Drinks | The Facts May Shock You
youtube,Reign,video,pkJIzGSoE2c,2020-04-04,view_count,8531.0,How Much Caffeine In Energy Drinks | The Facts May Shock You
youtube,Rockstar,video,pkJIzGSoE2c,2020-04-04,view_count,8531.0,How Much Caffeine In Energy Drinks | The Facts May Shock You
youtube,Red Bull,video,q-FhfubsLAg,2022-05-07,view_count,32407.0,What's inside RED BULL energy drink? Red Bull Ingredients explained. Contain bull sperm?
youtube,Monster,video,q1h8rdsUJcg,2019-11-07,view_count,340.0,Rockstar Energy Bubble Burst Review
youtube,Rockstar,video,q1h8rdsUJcg,2019-11-07,view_count,340.0,Rockstar Energy Bubble Burst Review
youtube,Rockstar,video,q48kHRzEm7k,2015-08-30,view_count,2309.0,"TPX Reviews - ""Rockstar Energy (Original)"" (MAD MAX Edition)"
youtube,Prime,video,q7AgFnXjCaA,2023-04-03,view_count,361.0,PRIME ENERGY DRINK REVIEW (ALL FLAVORS)
youtube,Celsius,video,qD0-SXq4u9M,2024-02-22,view_count,2443.0,Lets Vibe! Celsius Astro Vibe & Celsius Galaxy Vibe Energy Drink Review
youtube,G Fuel,video,qFhZa3sfU_I,2020-12-11,view_count,5469.0,After Drinking GFUEL for 4 Years...I'm Done
youtube,Celsius,video,qJuiMT7o0_8,2025-05-15,view_count,13.0,I Drank This RETRO Energy Drink for a Week and Here's What Happened
youtube,Monster,video,qLgZcEBZFJg,2018-08-31,view_count,263.0,Best energy drink ever
youtube,Rockstar,video,qLgZcEBZFJg,2018-08-31,view_count,263.0,Best energy drink ever
youtube,Ghost,video,qMVeOsFlq4I,2025-05-23,view_count,1190740.0,We Tried EVERY Protein Powder
youtube,Monster,video,qSIUN-MDugg,2023-04-23,view_count,332423.0,The Speedy Rise of the Energy Drink
youtube,Red Bull,video,qSIUN-MDugg,2023-04-23,view_count,332423.0,The Speedy Rise of the Energy Drink
youtube,Bang,video,qpgRoMhDHno,2017-12-08,view_count,3639.0,Bang Energy Drink Review - PINA COLADA [ The GOAT? ] | Plus a Giveaway
youtube,Bang,video,qrFXdXHRmuQ,2020-12-29,view_count,13121.0,TRYING BANG ENERGY DRINKS!
youtube,Rockstar,video,r-Ltpph8hfU,2020-12-06,view_count,2065.0,"Rockstar Energy Drink: Super Sours Green Apple, Fruit Punch & Silver Ice Review"
youtube,Monster,video,r45Tx5PKJF4,2015-06-23,view_count,22732.0,"Should Endurance Athletes Drink Energy Drinks like Red Bull, Monster, or Rockstar?"
youtube,Red Bull,video,r45Tx5PKJF4,2015-06-23,view_count,22732.0,"Should Endurance Athletes Drink Energy Drinks like Red Bull, Monster, or Rockstar?"
youtube,Rockstar,video,r45Tx5PKJF4,2015-06-23,view_count,22732.0,"Should Endurance Athletes Drink Energy Drinks like Red Bull, Monster, or Rockstar?"
youtube,Monster,video,r8iMcyNoC2A,2020-11-17,view_count,16.0,"Energy Drinks, Caffeine: Need to Know Strategies for Fatigue"
youtube,G Fuel,video,rB-buQ1g7i0,2022-07-30,view_count,7362.0,Blue Bomber Slushee GFUEL Can REVIEW!
youtube,Rockstar,video,rEO0X4y75QE,2023-06-18,view_count,82187.0,We Drink EVERY FLAVOR of ROCKSTAR ENERGY for the FIRST TIME - RANKED!
youtube,G Fuel,video,rIhwWsv-xjo,2024-06-16,view_count,15201.0,Pharmacist Ranks Every Gamer Supplement
youtube,Ghost,video,rIhwWsv-xjo,2024-06-16,view_count,15201.0,Pharmacist Ranks Every Gamer Supplement
youtube,Monster,video,rIhwWsv-xjo,2024-06-16,view_count,15201.0,Pharmacist Ranks Every Gamer Supplement
youtube,Red Bull,video,rIhwWsv-xjo,2024-06-16,view_count,15201.0,Pharmacist Ranks Every Gamer Supplement
youtube,Monster,video,rJQpoxdqiSc,2025-10-22,view_count,484.0,Is It Any Good? | Juice Monster Bad Apple Energy Drink Review
youtube,Bang,video,rMDb17mlukE,2024-07-10,view_count,312556.0,"One punch man ""GAROU VS BANG"" full fight (with subtitles) - Fan animation"
youtube,Rockstar,video,rMSiw9KQEyk,2022-06-15,view_count,1646.0,Rockstar® Punched Watermelon Energy Drink Review! ⭐👊🍉⚡ | theendorsement
youtube,Celsius,video,rMl52-kU-XU,2020-03-11,view_count,3400.0,Celsius Review
youtube,Reign,video,rUkSRMq2cRY,2020-05-25,view_count,1035.0,"Reign Sour Apple, Reign Total Body Fuel Energy Drink Review"
youtube,Celsius,video,rWGdDQBLNG0,2022-01-30,view_count,6646.0,Nexo vs Celsius | What Other Reviews DON'T Tell You
youtube,Prime,video,rouUxwbHQ60,2023-04-10,view_count,3260.0,Why Prime Drink goes VIRAL
youtube,Zoa,video,rpuEWBMN3yY,2023-09-18,view_count,302889.0,"Dwayne ""The Rock"" Johnson details new ZOA+ Pre-Workout Powder"
youtube,Alani Nu,video,rqZb0aBDqzs,2026-01-17,view_count,578.0,Is It Any Good? | Alani Nu Cherry Bomb Energy Drink Review
youtube,G Fuel,video,ru_A12L3W1g,2021-08-16,view_count,349669.0,G Fuel Energy Drink is TRASH
youtube,Alani Nu,video,rxriwxwCCNI,2019-06-11,view_count,189.0,WHAT YOU NEED TO KNOW ABOUT WOMEN'S ENERGY DRINK ALANI NU + REVIEW
youtube,Bang,video,rxriwxwCCNI,2019-06-11,view_count,189.0,WHAT YOU NEED TO KNOW ABOUT WOMEN'S ENERGY DRINK ALANI NU + REVIEW
youtube,Monster,video,rxriwxwCCNI,2019-06-11,view_count,189.0,WHAT YOU NEED TO KNOW ABOUT WOMEN'S ENERGY DRINK ALANI NU + REVIEW
youtube,Monster,video,s-73KPNstIU,2023-02-07,view_count,17441.0,Is it REALLY New?!? Monster Zero Sugar Review
youtube,Alani Nu,video,sCngY08KV5Y,2023-07-10,view_count,431.0,I Just Drank Cosmic Stardust!! ALANI Nu Energy Drink Review!
youtube,Ghost,video,sKORg9bnI4s,2022-05-18,view_count,1914.0,NOT THE SAME? | BUBBLICIOUS Ghost Energy
youtube,G Fuel,video,sLf-JY6urQE,2020-02-17,view_count,618987.0,Gaming Energy Drinks: Tried and Tested
youtube,Ghost,video,sLf-JY6urQE,2020-02-17,view_count,618987.0,Gaming Energy Drinks: Tried and Tested
youtube,Bang,video,sXcfH-I4bm8,2022-02-03,view_count,175.0,TASTE TEST Bang Reign Rowdy Energy Drinks
youtube,Reign,video,sXcfH-I4bm8,2022-02-03,view_count,175.0,TASTE TEST Bang Reign Rowdy Energy Drinks
youtube,Bang,video,sZxFU8hSO4Y,2018-09-23,view_count,3165.0,Bang Energy Drinks Review!! Cotton Candy Flavor & More!!
youtube,Alani Nu,video,si5d74Rj6YA,2023-06-30,view_count,18912.0,Dietitian Taste Tests the Best Zero Sugar Energy Drinks |Are Energy Drinks Healthy? What is Taurine?
youtube,Bang,video,si5d74Rj6YA,2023-06-30,view_count,18912.0,Dietitian Taste Tests the Best Zero Sugar Energy Drinks |Are Energy Drinks Healthy? What is Taurine?
youtube,Celsius,video,si5d74Rj6YA,2023-06-30,view_count,18912.0,Dietitian Taste Tests the Best Zero Sugar Energy Drinks |Are Energy Drinks Healthy? What is Taurine?
youtube,Ghost,video,si5d74Rj6YA,2023-06-30,view_count,18912.0,Dietitian Taste Tests the Best Zero Sugar Energy Drinks |Are Energy Drinks Healthy? What is Taurine?
youtube,Red Bull,video,si5d74Rj6YA,2023-06-30,view_count,18912.0,Dietitian Taste Tests the Best Zero Sugar Energy Drinks |Are Energy Drinks Healthy? What is Taurine?
youtube,G Fuel,video,sreZd7g2Afs,2020-09-14,view_count,9081.0,GFuel vs. GamerSupps Review  | The ULTIMATE In Depth Comparison
youtube,Celsius,video,sugH7C2zlgQ,2023-05-11,view_count,729.0,Does Celsius Energy Drinks Have International Vibes? | Celsius Holdings 2023 Q1 Update
youtube,Monster,video,sugH7C2zlgQ,2023-05-11,view_count,729.0,Does Celsius Energy Drinks Have International Vibes? | Celsius Holdings 2023 Q1 Update
youtube,Celsius,video,t4RwenXm484,2025-07-16,view_count,19801.0,Ultimate Celsius Energy Drink Ranking (Unedited Taste Test)
youtube,Celsius,video,t7XAAaeWgg8,2023-02-13,view_count,30087.0,Energy Sip Sundays! Mtn. Dew vs Celsius.
youtube,Rockstar,video,tCwP4PgcKk4,2022-09-25,view_count,1268.0,Mtn Dew Energy Code Red & Rockstar Energy Peach Berry Freeze Review
youtube,Alani Nu,video,tIsd_PIY07Q,2025-10-20,view_count,53.0,Alani Nu Pre Workout Powder Blue Slush Honest Review
youtube,Rockstar,video,tLb8OVz-Eyk,2022-02-28,view_count,676.0,Throwback Edition OG flavor of Rockstar sugar-free Energy drink And this is my review
youtube,Celsius,video,tROk2hg5e7M,2025-08-22,view_count,5565.0,Celsius 3rd Distribution Is Legit. What I Did To Claim It. Paypal or Venmo.
youtube,Prime,video,tU65wCxMXHs,2023-07-10,view_count,1510.0,"Prime, Logan Paul's energy drink, under scrutiny for high caffeine levels"
youtube,5-hour Energy,video,tX2dl4jsh0o,2021-05-06,view_count,2270.0,Deadcarpet Energy Drink Reviews - Extra-Strength Tropical Burst 5-Hour Energy Energy Shot
youtube,Prime,video,t_MZCe-9x2U,2025-07-20,view_count,473.0,Prime vs Más+ ⚡🥤 | The Most Controversial Energy Drink Taste Test | The Big Bite | Social Kandura
youtube,Celsius,video,tby9JHG1yyY,2023-09-25,view_count,5.0,target 🎯 practice with prime. f-prime drink Celsius.
youtube,Prime,video,tby9JHG1yyY,2023-09-25,view_count,5.0,target 🎯 practice with prime. f-prime drink Celsius.
youtube,Monster,video,tl2uU1oVRCA,2012-09-13,view_count,93747229.0,Becky G - Problem (The Monster Remix) ft. will.i.am
youtube,Alani Nu,video,tsY5_uC0iro,2023-10-24,view_count,7962.0,Alani Nu Pre Workout Review: Is It ACTUALLY Good?
youtube,Ghost,video,tsY5_uC0iro,2023-10-24,view_count,7962.0,Alani Nu Pre Workout Review: Is It ACTUALLY Good?
youtube,Celsius,video,tvPULpypdXE,2025-08-21,view_count,55920.0,Is Celsius Better For You Than Red Bull?
youtube,Monster,video,tvPULpypdXE,2025-08-21,view_count,55920.0,Is Celsius Better For You Than Red Bull?
youtube,Red Bull,video,tvPULpypdXE,2025-08-21,view_count,55920.0,Is Celsius Better For You Than Red Bull?
youtube,Celsius,video,u-5VVPQNsjQ,2023-08-20,view_count,32.0,The Heart Health Benefits of Celsius Drinks
youtube,Bang,video,u7nKN3QtU28,2022-06-26,view_count,2790.0,Monster Energy vs Red Bull - R∆P BATTLE!
youtube,Monster,video,u7nKN3QtU28,2022-06-26,view_count,2790.0,Monster Energy vs Red Bull - R∆P BATTLE!
youtube,Red Bull,video,u7nKN3QtU28,2022-06-26,view_count,2790.0,Monster Energy vs Red Bull - R∆P BATTLE!
youtube,NOS,video,u8NL3CzF0rc,2023-10-25,view_count,412.0,Zero NOS Energy Drink NEW
youtube,Monster,video,uH_ekEkUfZw,2026-01-17,view_count,2590.0,Monster Energy® Grape Voodoo Juice Review! 🔋⚜️🍇 | Early Look! | theendorsement
youtube,Bang,video,uNmqFyoTqaQ,2026-03-14,view_count,2392.0,NEW MONSTER ENERGY FLAVORS FOR 2026
youtube,Monster,video,uNmqFyoTqaQ,2026-03-14,view_count,2392.0,NEW MONSTER ENERGY FLAVORS FOR 2026
youtube,Reign,video,uNmqFyoTqaQ,2026-03-14,view_count,2392.0,NEW MONSTER ENERGY FLAVORS FOR 2026
youtube,Celsius,video,uXQLkQxJ904,2022-08-02,view_count,1423573.0,how fahrenheit fails you
youtube,Monster,video,uYsZ80HK9s8,2026-03-10,view_count,240.0,Is Mother Original  Zero Sugar Actually Good? - Honest Energy Drink Review
youtube,Red Bull,video,uYsZ80HK9s8,2026-03-10,view_count,240.0,Is Mother Original  Zero Sugar Actually Good? - Honest Energy Drink Review
youtube,Prime,video,ucqkpID2_lU,2024-07-05,view_count,1168.0,Trying All 8 Prime Energy Drinks
youtube,G Fuel,video,ulry8KN54Uo,2021-05-05,view_count,4043.0,G FUEL - ATHLETE Reviews GAMING PRE-WORKOUT - EVERY FLAVOR!
youtube,Bang,video,ulwBnwZmKpY,2024-10-11,view_count,1103721.0,Soda Tier List
youtube,Bang,video,uptnfemnYjs,2019-04-23,view_count,2210.0,Bang vs Reign - Energy Drink Battle - Beardly Honest
youtube,Reign,video,uptnfemnYjs,2019-04-23,view_count,2210.0,Bang vs Reign - Energy Drink Battle - Beardly Honest
youtube,Rockstar,video,uxtgRoY3RPw,2024-12-09,view_count,34.0,Trying Rockstar Focus White Peach | Energy Drink Monday (Energy Drink Review) | TheCombustionGuys
youtube,Monster,video,v6L6rJE1XRg,2026-01-18,view_count,47730.0,Trying NEW Energy Drinks!
youtube,Celsius,video,v6PqLqm1lnw,2023-06-11,view_count,61703.0,Celsius WG Herbicide EASY Way To Measure and Apply
youtube,Bang,video,v9E_cio8Y24,2021-06-25,view_count,125574.0,Monster vs. Bang (Duelo de Marcas)
youtube,Monster,video,v9E_cio8Y24,2021-06-25,view_count,125574.0,Monster vs. Bang (Duelo de Marcas)
youtube,Prime,video,vCyBGcM90dc,2023-01-13,view_count,1297.0,BEST VS WORST PRIME Energy Drink Flavors By KSI & Logan Paul
youtube,Ghost,video,vGRNqFZwzcQ,2025-11-03,view_count,280.0,Ghost Energy Tier List
youtube,Ghost,video,vGuPxuTB7mw,2025-08-12,view_count,5142.0,"🥤 Best Protein Powder Taste Test 2025 | Honest Reviews, Macros & Paste Test (Not Sponsored)"
youtube,Ghost,video,vKvehPV0mw4,2025-09-01,view_count,490.0,Ranking EVERY Ghost Energy Flavor (Tier List)
youtube,Monster,video,vLRIRqxkVbc,2022-06-02,view_count,553.0,Energy Drinks effects on human body | Red Bull & Sting | Caffeine Explained!
youtube,Celsius,video,v_erFc3CqHI,2025-02-19,view_count,47492.0,We Tried Every Celsius Flavor!
youtube,Celsius,video,vc3T4SiZqW0,2023-09-20,view_count,435.0,Can drinking Celsius every day have any negative effects on the body?
youtube,Red Bull,video,vp7G3y2f-cw,2016-07-10,view_count,7160.0,Thai Red Bull Review
youtube,Prime,video,vxwGvOP-5UI,2022-05-13,view_count,115.0,Prime Energy - REVIEW | Testing Lab
youtube,Bang,video,w2VCGDIjnHw,2026-05-13,view_count,0.0,Every Energy Drink Explained
youtube,Celsius,video,w2VCGDIjnHw,2026-05-13,view_count,0.0,Every Energy Drink Explained
youtube,Ghost,video,w2VCGDIjnHw,2026-05-13,view_count,0.0,Every Energy Drink Explained
youtube,Monster,video,w2VCGDIjnHw,2026-05-13,view_count,0.0,Every Energy Drink Explained
youtube,Prime,video,w2VCGDIjnHw,2026-05-13,view_count,0.0,Every Energy Drink Explained
youtube,Red Bull,video,w2VCGDIjnHw,2026-05-13,view_count,0.0,Every Energy Drink Explained
youtube,Red Bull,video,w9A7g7J3Ys0,2026-03-18,view_count,63.0,From a Thai Truck Driver’s Drink to a Global Empire: The Story of Red Bull
youtube,Ghost,video,wKp8nd9DuN4,2026-04-24,view_count,516.0,Ghost Energy 7UP Review
youtube,Bang,video,wZuitAtR60Y,2022-03-21,view_count,1951058.0,Monster GAROU vs BANG Silver Fang - Part 1 | One Punch Man Fan Animation
youtube,5-hour Energy,video,wdPYBjZNj3k,2013-01-21,view_count,19084.0,Hard-Wired: Kids & Energy Drinks
youtube,Monster,video,wdPYBjZNj3k,2013-01-21,view_count,19084.0,Hard-Wired: Kids & Energy Drinks
youtube,Red Bull,video,wdPYBjZNj3k,2013-01-21,view_count,19084.0,Hard-Wired: Kids & Energy Drinks
youtube,Rockstar,video,wdPYBjZNj3k,2013-01-21,view_count,19084.0,Hard-Wired: Kids & Energy Drinks
youtube,Celsius,video,wfkogW2d_i4,2021-08-25,view_count,188118.0,Everything You Need to Know About Celsius Energy Drinks
youtube,Red Bull,video,woNawJZ3T3M,2026-05-12,view_count,3979.0,Raptor vs Gimnast [bboy final] // 🇺🇦 Red Bull BC One Ukraine 2026
youtube,5-hour Energy,video,wuDnRjkfqkY,2019-01-15,view_count,47692.0,Does 5 Hour Energy Work? 5 Hour Energy Product Review
youtube,Monster,video,wvsKxilVZQg,2018-01-18,view_count,6069.0,Reed Reviews Monster vs Nos
youtube,NOS,video,wvsKxilVZQg,2018-01-18,view_count,6069.0,Reed Reviews Monster vs Nos
youtube,Red Bull,video,wwiwiOVSDa4,2015-04-08,view_count,8943.0,Energy Crisis--Energy Drink Review #123 Red Bull Yellow Edition
youtube,5-hour Energy,video,wyD3nCv_emI,2011-02-20,view_count,1444466.0,Energy Crisis--Energy Drink Review
youtube,Alani Nu,video,wzPZr8ZnTSk,2023-01-27,view_count,25884.0,Dietitian Reviews Every Alani Nu Protein Shake | Best Protein Shake for Women | Honest Review!
youtube,Monster,video,wzkl-KfKxwU,2022-12-12,view_count,4851964.0,"I tried 20 Gamer drinks, here are the best… and the worst"
youtube,Red Bull,video,wzkl-KfKxwU,2022-12-12,view_count,4851964.0,"I tried 20 Gamer drinks, here are the best… and the worst"
youtube,Rockstar,video,wzkl-KfKxwU,2022-12-12,view_count,4851964.0,"I tried 20 Gamer drinks, here are the best… and the worst"
youtube,Bang,video,x0iJZBNhHGg,2023-05-26,view_count,2622294.0,We Tried EVERY Bang Energy Drink
youtube,Prime,video,x5aDPZew3WA,2025-01-13,view_count,41.0,Trying Prime Energy Orange Mango | Energy Drink Monday (Energy Drink Review) TheCombustionGuys
youtube,5-hour Energy,video,x9CSoNF9y34,2023-04-18,view_count,5806.0,5 Hour Energy Drink Can Review | Tropical Burst 5 Hour Energy Can
youtube,5-hour Energy,video,x9XMKcKAncU,2012-08-30,view_count,1238.0,5 Hour Energy Review - Pomegranate Flavor
youtube,Celsius,video,xFu5ql7UJKo,2024-09-27,view_count,81528.0,The Deceptive Business of Energy Drinks
youtube,Monster,video,xFu5ql7UJKo,2024-09-27,view_count,81528.0,The Deceptive Business of Energy Drinks
youtube,Red Bull,video,xFu5ql7UJKo,2024-09-27,view_count,81528.0,The Deceptive Business of Energy Drinks
youtube,Reign,video,xGvcPpPPv18,2020-03-14,view_count,5935.0,Reign Inferno Energy Drink Series Review
youtube,Rockstar,video,xI_r0AHx_MM,2019-02-09,view_count,1048.0,WHICH IS BETTER? Rockstar Energy OG vs Sugar-Free
youtube,Monster,video,xL3pwQtgnYI,2019-08-07,view_count,123612.0,Red Bull vs. Monster Energy Experiment - mixed Ice Cream Rolls
youtube,Red Bull,video,xL3pwQtgnYI,2019-08-07,view_count,123612.0,Red Bull vs. Monster Energy Experiment - mixed Ice Cream Rolls
youtube,Alani Nu,video,xSwaZcZsh44,2025-03-09,view_count,35.0,"Alani Nu Pink Slush Energy Drink Review | Zero Sugar, 200mg Caffeine & B Vitamins"
youtube,Monster,video,xdZttArhtn8,2016-11-11,view_count,6422792.0,"If Energy Drink Ads Were Honest - Honest Ads (Monster, Red Bull, Gatorade Parody)"
youtube,Red Bull,video,xdZttArhtn8,2016-11-11,view_count,6422792.0,"If Energy Drink Ads Were Honest - Honest Ads (Monster, Red Bull, Gatorade Parody)"
youtube,Celsius,video,xdjsWVa1Oo0,2021-04-08,view_count,7609.0,Celsius Pro Door Gym (Pull-up Bar) Long Term Review: Plus Exercises - Pull-up bar that's worth it?
youtube,Monster,video,xhXlB2cYItM,2025-11-30,view_count,19.0,NOS Zero Energy Drink Taste Test!
youtube,NOS,video,xhXlB2cYItM,2025-11-30,view_count,19.0,NOS Zero Energy Drink Taste Test!
youtube,Red Bull,video,xhXlB2cYItM,2025-11-30,view_count,19.0,NOS Zero Energy Drink Taste Test!
youtube,Bang,video,xhmwm-UceFE,2020-07-31,view_count,94398.0,Fredo Bang - Monsters (AUDIO)
youtube,Monster,video,xjLNWLROo00,2011-11-28,view_count,128495.0,Energy Drink Review: Red Bull
youtube,Red Bull,video,xjLNWLROo00,2011-11-28,view_count,128495.0,Energy Drink Review: Red Bull
youtube,Red Bull,video,xoP0gSsKq_A,2016-02-22,view_count,114.0,"3 UB students, 24 energy drinks and 1 goal: getting to Paris"
youtube,G Fuel,video,xt3XtkFVcI8,2022-04-29,view_count,214.0,"G FUEL - ""HYPE SAUCE"" CANS - TASTE TEST & REVIEW!"
youtube,Prime,video,xt3XtkFVcI8,2022-04-29,view_count,214.0,"G FUEL - ""HYPE SAUCE"" CANS - TASTE TEST & REVIEW!"
youtube,Alani Nu,video,xtkMzwBu6sA,2025-07-05,view_count,2148.0,Alani Nu Protein Shake Review (NOT SPONSORED) by a dietitian
youtube,Celsius,video,xtkMzwBu6sA,2025-07-05,view_count,2148.0,Alani Nu Protein Shake Review (NOT SPONSORED) by a dietitian
youtube,Monster,video,xuSvhJ6bePU,2023-06-03,view_count,100959.0,I Tried Every Redbull Flavor
youtube,5-hour Energy,video,xxUcOsUN7Us,2026-02-21,view_count,205.0,Top 20 Strongest Energy Drinks Ranked by Caffeine
youtube,Bang,video,xxUcOsUN7Us,2026-02-21,view_count,205.0,Top 20 Strongest Energy Drinks Ranked by Caffeine
youtube,Celsius,video,xxUcOsUN7Us,2026-02-21,view_count,205.0,Top 20 Strongest Energy Drinks Ranked by Caffeine
youtube,G Fuel,video,xxUcOsUN7Us,2026-02-21,view_count,205.0,Top 20 Strongest Energy Drinks Ranked by Caffeine
youtube,Ghost,video,xxUcOsUN7Us,2026-02-21,view_count,205.0,Top 20 Strongest Energy Drinks Ranked by Caffeine
youtube,Monster,video,xxUcOsUN7Us,2026-02-21,view_count,205.0,Top 20 Strongest Energy Drinks Ranked by Caffeine
youtube,Prime,video,xxUcOsUN7Us,2026-02-21,view_count,205.0,Top 20 Strongest Energy Drinks Ranked by Caffeine
youtube,Red Bull,video,xxUcOsUN7Us,2026-02-21,view_count,205.0,Top 20 Strongest Energy Drinks Ranked by Caffeine
youtube,Reign,video,xxUcOsUN7Us,2026-02-21,view_count,205.0,Top 20 Strongest Energy Drinks Ranked by Caffeine
youtube,Rockstar,video,xxUcOsUN7Us,2026-02-21,view_count,205.0,Top 20 Strongest Energy Drinks Ranked by Caffeine
youtube,Celsius,video,y-zQovGOmVI,2022-02-01,view_count,265856.0,Energy Drink Ad | Epic B-Roll
youtube,5-hour Energy,video,y6_92bD4GMA,2012-05-01,view_count,1108.0,5 hour Energy Extra Strength Grape Flavor Review
youtube,NOS,video,y7niLDQaMuM,2013-04-10,view_count,10683.0,Energy Crisis--Energy Drink Review #79 NOS Sugar Free
youtube,Monster,video,ySR_G8yYnhE,2026-05-10,view_count,31817.0,REDBULL VS MONSTER “Reklam Savaşları”
youtube,Red Bull,video,ySR_G8yYnhE,2026-05-10,view_count,31817.0,REDBULL VS MONSTER “Reklam Savaşları”
youtube,Bang,video,yWFRpEOzwvU,2026-05-10,view_count,160.0,The Dark Secrets Behind Every Energy Drink Explained in 10 Minutes
youtube,Monster,video,yWFRpEOzwvU,2026-05-10,view_count,160.0,The Dark Secrets Behind Every Energy Drink Explained in 10 Minutes
youtube,Prime,video,yWFRpEOzwvU,2026-05-10,view_count,160.0,The Dark Secrets Behind Every Energy Drink Explained in 10 Minutes
youtube,Red Bull,video,yWFRpEOzwvU,2026-05-10,view_count,160.0,The Dark Secrets Behind Every Energy Drink Explained in 10 Minutes
youtube,Rockstar,video,yWFRpEOzwvU,2026-05-10,view_count,160.0,The Dark Secrets Behind Every Energy Drink Explained in 10 Minutes
youtube,Celsius,video,ykJC2q-Rkl8,2020-09-16,view_count,1727.0,Celsius Fitness Drink Review | Is it Really Keto Friendly? 🤔
youtube,Prime,video,yl7rSC61EPU,2023-06-15,view_count,4954.0,Prime Energy Ice Pop Energy Drink Review
youtube,Ghost,video,yoLzIp6LedM,2021-04-13,view_count,807.0,GHOST ENERGY DRINK REVIEW | Before and After Crossfit Workout
youtube,G Fuel,video,ypO3KRL6dgk,2020-07-24,view_count,144477.0,Alternatives to G Fuel: Gaming Energy Drinks Part II
youtube,Ghost,video,ypO3KRL6dgk,2020-07-24,view_count,144477.0,Alternatives to G Fuel: Gaming Energy Drinks Part II
youtube,Rockstar,video,yq8vXzQ4dhk,2019-07-09,view_count,16898.0,Original Rockstar Energy and Rockstar Xdurance Preworkout Energy Drink Product Review
youtube,Alani Nu,video,yt-3eQHMymI,2025-11-18,view_count,307.0,Alani Nu Winter Wonderland Review (Must or Bust?) | New Christmas Flavor Energy Drink
youtube,Reign,video,ywWOoW53iYo,2024-11-15,view_count,1181.0,Unreleased Reign Storm Tropical!!! | Best Future Tropical Energy Drink?
youtube,Celsius,video,ywXZmJbJmFE,2022-10-04,view_count,714.0,Celsius Energy Drink Review/Taste Test Part 2! | I Am Fee Tv
youtube,Celsius,video,zGmJWXrR4Dk,2024-09-24,view_count,3403.0,The ONLY Cola to Survive? | Celsius Cola Energy Drink Review
youtube,Celsius,video,zKzv55DL0VM,2025-12-13,view_count,1.0,Healthy Drinking Episode 7: Celsius Sparkling Water
youtube,Rockstar,video,zOePzrgB4SQ,2023-04-08,view_count,2121.0,Rockstar Pure Zero Strawberry Peach Energy Drink Review
youtube,5-hour Energy,video,zQztAuClzMI,2017-09-11,view_count,141423.0,"Is ""5-Hour Energy"" Drink Bad For You? – Dr. Berg"
youtube,Monster,video,zRCWqStfrME,2023-01-16,view_count,9456.0,Unbelievable Zero Sugar Monster Energy Drink
youtube,Ghost,video,zWO_JRN7Ykk,2026-04-05,view_count,6630.0,"GHOST IN THE TRAP 001 |  [VAPOR / PHONK / TRAP / BASS] (live VJ/DJ set) Santa Cruz, CA"
youtube,Monster,video,zYSIgYWCf9I,2025-09-12,view_count,285.0,The Dark Secrets of Energy Drinks
youtube,Rockstar,video,zdiDlmwrDRk,2020-11-04,view_count,2095.0,Rockstar Samurai Cola Energy Drink (Reed Reviews)
youtube,Monster,video,zdkOLHR7xUY,2025-09-19,view_count,5477.0,Red Bull vs Monster : la guerre des boissons énergisantes • IZI NEWS
youtube,Red Bull,video,zdkOLHR7xUY,2025-09-19,view_count,5477.0,Red Bull vs Monster : la guerre des boissons énergisantes • IZI NEWS
youtube,Monster,video,ze70uDbHups,2020-06-04,view_count,1047560.0,Suiryu and Saitama vs Bakuzan | Disaster Level Dragon
youtube,Celsius,video,zrSxYNWmz7k,2023-08-05,view_count,186.0,Taste Test | CELSIUS Sparkling Tropical Vibe | Review
