asin,search_term,title,brand,price_usd,rating,ratings_total,reviews_total,categories,description,feature_bullets,link,scraped_at
B002RSRURY,Celsius energy drink,"CELSIUS On-The-Go Powder Stick Packs, Zero Sugar (14 Sticks per Pack), Berry, 2.5 Ounce",Celsius,11.34,4.7,6898.0,,"Grocery & Gourmet Food; Beverages; Bottled Beverages, Water & Drink Mixes; Energy Drinks","CELSIUS® is functional, Essential Energy– a better-for-you, premium alternative to traditional energy drinks, made with 7 essential vitamins and zero sugar. As a global, lifestyle fitness drink, CELSIUS was created to help people LIVE FIT, exceed their goals and elevate their everyday lives. Our CELSIUS On-the-Go Powder Sticks contain the same clinically proven ingredients as CELSIUS, only its compact, convenient and perfect for traveling. Whether you’re hiking trails, beachside chillin’ or ski lodge loungin’, CELSIUS On-the-Go Powder Sticks are ready when you are, so you can be ready for anything. Our proprietary MetaPlus® blend contains green tea extract and EGCG. It also includes guarana seed extract, ginger root for flavor and digestion, vitamin C to support your immune system, vitamin B for energy production, and chromium to help control hunger, making it an ideal pre-workout drink. CELSIUS On-the-Go Powder Sticks allow you to adjust the powder you use depending on the level of energy boost you require, making it a flexible option. Our powders can be mixed with various liquids, such as water, juice, smoothies and protein shakes, allowing you to personalize the taste and consistency to your liking. Give yourself a sweet and refreshing berry-flavored energy boost with CELSIUS® Berry On-the-Go Powder Sticks. Enjoy CELSIUS® On-the-Go Powder Sticks anytime, anywhere. Just add water and go! Add one powder stick packet to 12-16 oz. of water and you have Essential Energy on the go. CELSIUS® On-the-Go Powder Sticks have the perfect balance of flavor and energy that serve as an awesome pick-me-up for active lifestyles. One powder stick is equal to one CELSIUS ready-to-drink can, and each box comes with 14 powder stick packets. Make CELSIUS® Essential Energy your go to pick-me-up– anytime, any place!","On-the-Go Powder Sticks provide balanced energy with 200mg of caffeine to help you LIVE FIT | Made with premium, proven ingredients and 7 essential vitamins | Perfect for travel and keeping you energized while on the move | Gluten-Free, Kosher, Non-GMO, & Certified Vegan | Just add water and go | Give yourself a sweet and refreshing berry-flavored energy boost with CELSIUS Berry On-the-Go Powder Sticks",https://www.amazon.com/CELSIUS-Berry-Powder-Stick-Sticks/dp/B002RSRURY/ref=sr_1_10?dib=eyJ2IjoiMSJ9.ZBUOAGcUat0F0uZl7_Z5halk4eUiEJPkTpgYAvnpiYzGpDmyA9882WZKnP8rRhEmslCkzcHFOxo3CgDPyl_T-BOrFwpHntt0n7rOYXjmNHKRDXtbeGNuqCcK0qoqyZTp0jyrS06WEs1D0fnWNzh_I05HRKjuLX9peOn2pcGhCv1xdx-ql9yoH3XUb9wOIATS-k4xtvvx93qDAJcV2jFmVBTxItcH_YqP2K2eSXZHredWI0ehzVpoj8Sr24-PZ4svAQ1Ol39bX-qNi-MHCqsq1pKqQDe0VMCiX68oaA5DnKc.ChVXn8dBxBH_3y3N7k4x7-JXGlYlcQ3CiIU2EfQyvoI&dib_tag=se&keywords=Celsius+energy+drink&qid=1778705575&sr=8-10,2026-05-13 16:52:59
B0038NEOKS,Ghost energy drink,"AdvoCare Spark - Energy Drink Mix - Vitamin & Amino Acid Supplement - Supports Energy & Focus - Portable Immune Support - Sugar-Free - Fruit Punch, (10.5 oz)",AdvoCare,49.5,4.6,2616.0,,"Health, Household & Baby Care; Health & Household; Diet & Sports Nutrition; Endurance & Energy; Powders",,"Functional Energy: AdvoCare Spark delivers 120 mg caffeine for smooth, sustained energy without the crash to fuel your brightest days* | Clean Energy, Laser Focus*: This supplement for energy and mental focus is built on a science-backed formula designed to charge your mind and body without the jitters* | Immune Support & Zero Sugar*: Each clean energy powder mix delivers a nutritional drink with 200% DV Vitamin C for immune support, 0g sugar, and craveable flavors* | Portable Energy Support: Each hydration powder tub contains 10.5 ounces total, including essential vitamins, amino acids, and caffeine to work against fatigue felt from GLP-1 programs* | About AdvoCare: We are dedicated to providing world-class products and education to help you perform and feel your best",https://www.amazon.com/sspa/click?ie=UTF8&spc=MTo1OTIxNzk3MzMxOTcwNjMzOjE3Nzg3MDU3MzU6c3BfbXRmOjMwMTIxNzk1MDI4NTkwMjo6MDo6&url=%2FAdvoCare-Spark-Canister-Fruit-Punch%2Fdp%2FB0038NEOKS%2Fref%3Dsr_1_14_sspa%3Fdib%3DeyJ2IjoiMSJ9.34_qV_CobJN405BnzfNFv6Fq3KrZ3WhwEu_I--pwEDDqfNbTOwwLyu7QG7xf94BnSlsmOj4e8XEZzh3-CrgGpcb7bDEwkNSpsODmEuAUlxdDzspgbYt7hwBDArkCbKru406kZ0mG8NX1HydZ811uivoxNAC4Lg0AUw_pIexrbj62wM2K0TguMrdTH6blulnHaWjaxp4aYsQ8FA5RL8Ffo5doAuogO8_jgAXZltyYwQzRvDWuq_DjxS0Qe5PZFg7HGMkz3rL9z94o9IO_lIykvz6dWkG3l-norsz7w-1Nyxc.UAZO9HPBprhva9t_f2tsMMQ0vedYpSf9SBbIaCBlNxA%26dib_tag%3Dse%26keywords%3DGhost%2Benergy%2Bdrink%26qid%3D1778705735%26sr%3D8-14-spons%26sp_csd%3Dd2lkZ2V0TmFtZT1zcF9tdGY%26psc%3D1,2026-05-13 16:55:39
B0050MMKBA,Celsius energy drink,"CELSIUS Fitness Drink 9-Flavor Variety Pack, Zero Sugar, Slim Can 12 Fl Oz (Pack of 12)",Celsius,38.0,4.5,2199.0,,"Grocery & Gourmet Food; Beverages; Bottled Beverages, Water & Drink Mixes; Energy Drinks","CELSIUS. Live Fit. A uniquely blended formula with healthy energy and key vitamins make CELSIUS an ideal pre-workout drink. It’s low in sodium and contains zero sugar, no aspartame, and no artificial flavors, colors, or preservatives. CELSIUS energy drinks are also Certified Vegan, Kosher, and non-GMO. Its proprietary formula contains green tea extract and EGCG. It also includes guarana seed extract, ginger root for flavor and digestion, vitamin C to support your immune system, vitamin B for energy production, and chromium to help control hunger.","Pre-Workout Drink | Energy to Live Fit | 200 mg Caffeine | Zero Sugars, Zero Preservatives | No Artificial Flavors or Colors",https://www.amazon.com/CELSIUS-Fitness-Drink-9-Flavor-Variety/dp/B0050MMKBA/ref=sr_1_17?dib=eyJ2IjoiMSJ9.ZBUOAGcUat0F0uZl7_Z5halk4eUiEJPkTpgYAvnpiYzGpDmyA9882WZKnP8rRhEmslCkzcHFOxo3CgDPyl_T-BOrFwpHntt0n7rOYXjmNHKRDXtbeGNuqCcK0qoqyZTp0jyrS06WEs1D0fnWNzh_I05HRKjuLX9peOn2pcGhCv1xdx-ql9yoH3XUb9wOIATS-k4xtvvx93qDAJcV2jFmVBTxItcH_YqP2K2eSXZHredWI0ehzVpoj8Sr24-PZ4svAQ1Ol39bX-qNi-MHCqsq1pKqQDe0VMCiX68oaA5DnKc.ChVXn8dBxBH_3y3N7k4x7-JXGlYlcQ3CiIU2EfQyvoI&dib_tag=se&keywords=Celsius+energy+drink&qid=1778705575&sr=8-17,2026-05-13 16:52:59
B00I5LNILE,Alani Nu energy drink,"GURU Energy Drink Original, Organic Sparkling Energy Drink, 140 MG Natural Caffeine for Workouts, Performance & Midday Boost, Plant Based, Gluten Free, Vegan, 12 Fl Oz, 12 Pack.",GURU,32.99,4.2,1391.0,,"Grocery & Gourmet Food; Beverages; Bottled Beverages, Water & Drink Mixes; Energy Drinks",,"ORGANIC PLANT BASED ENERGY: GURU is made with the best organic ingredients - not packed with synthetic ingredients and sugar like traditional energy drinks that leave you jittery and crashing in the afternoon. We know when energy comes directly from earthy, organic sources, it’s got to be good and long lasting! | 140 MG NATURAL CAFFEINE THAT LASTS: Use as pre workout drinks or anytime you need a pick me up. GURU Original 12oz has 140mg of caffeine per can and supports increased concentration, physical vitality, and provides sustained energy with naturally occurring caffeine from green tea and guarana. | VEGAN, GLUTEN FREE & NON GMO: We’re dedicated to bringing you good energy in every way possible, from using real ingredients, to how we source and produce our great-tasting energy drinks. That’s why our drinks are USDA organic, non GMO, gluten free, vegan, and made with zero sucralose, and zero aspartame. | SPREAD FEEL GOOD ENERGY: Organic energy drinks crafts with plant based ingredients. GURU is about helping you blaze new trails, reach new heights, and find your true nature. Help us share good energy, inspire communities and be a GURU to others!",https://www.amazon.com/sspa/click?ie=UTF8&spc=MToxNzM3NTQ2MTY2MjY2NTc3OjE3Nzg3MDU4OTU6c3BfYXRmOjMwMTIwMzg3MDkwOTYwMjo6MDo6&url=%2FGURU-Original-Workout-Caffeine-Performance%2Fdp%2FB00I5LNILE%2Fref%3Dsr_1_4_sspa%3Fdib%3DeyJ2IjoiMSJ9.HMKeRJYOdRpmpPAO3SaPT3it_yKih9w1CrZLnVaz6G5wB-RPX54DFMUoraHe9mfeEHCVbENVSlWRspCx37Ys-KhZ3_OIqyHWSdW3AEYKEHBOgHCIqCjAIsLgrMr_03wkxkphpQD0yxy8PsFnkapE2-8kdjEp1zrf7fKj3B5EAsIPidAO-YP9u_LIyW9ZQ1r8zof1i9rrTosgScJO2Ym5AOfziIiyUWNxZiHvh7CrDdZFyVREwMQ55fhkE7iR3x5Ucu3Cd93AfSTxMlYaHBOaXOjm3Ip-IizYW5hqEXYoS8M.x-0sVGCjUjbiF30l4aR-wIq4jPfGALUrKMbAXLRpxSY%26dib_tag%3Dse%26keywords%3DAlani%2BNu%2Benergy%2Bdrink%26qid%3D1778705895%26rdc%3D1%26sr%3D8-4-spons%26sp_csd%3Dd2lkZ2V0TmFtZT1zcF9hdGY%26psc%3D1,2026-05-13 16:58:18
B00IB9RZSM,Monster energy drink,"Monster Energy Import, Energy Drink, 18.6 Ounce | Pack of 12",Monster,31.99,4.6,4292.0,,"Grocery & Gourmet Food; Beverages; Bottled Beverages, Water & Drink Mixes; Energy Drinks","While in Europe at the Spanish MotoGP, we saw a cool re-sealable can and knew it was perfect for Monster. The can company said, “only available in Europe.” We said, “B.S., we gotta have it!"" Of course we got the can, brewed up our own super-premium Imported Monster in Amsterdam and sold so much of it we ran out. So we started up production right here in the good old U.S.A. Same can, same great taste, same winning formula and big bad buzz. What a country! If you can open and close the can with one hand you probably dated a lot when you were younger. One Hand No Hassle!","The best of Monster and Lo-Carb combined with a unique flavor enhancer | 90 calories per 8 oz. serving | A good clean, smooth Euro flavor, with 25% more of the Monster Energy buzz | Monster packs a powerful punch but has a smooth easy drinking flavor",https://www.amazon.com/Monster-Energy-Drink-18-6-Ounce/dp/B00IB9RZSM/ref=sr_1_11?dib=eyJ2IjoiMSJ9.-uoloj3tVAf5xFumxrzE6Okrj9UqWggFE6e7ioi6MSHDfxHCWUKBNWyQptlmWCadtLkDtLtMgKWI_U4kHTXdOv00w1OJ5Gb3XTSWkV8Ff26Ay0ZNsgYNeHSalAc47tROLHLrO2NWjNeB43D7FN4Fzm2Z31Npuxj5gO7akYA4bDqw09wzAGrvRHBiGuPiHWuS489EUw8TjTedYuu7epGNZvQExHZnIKzOxlETV455QJwZt5T3k8BfOglxx5xO70sCrXPeKTu5dYspy12v_8bLU86XwICDPc-zMeRE630iimY.xf6n_Gj2ZV-igSUKE59cYBHVQykF-NwV3-o2n4_YBz4&dib_tag=se&keywords=Monster+energy+drink&qid=1778706044&rdc=1&sr=8-11,2026-05-13 17:00:47
B07BY3HJPT,Celsius energy drink,"CELSIUS Sparkling Kiwi Guava, Sugar Free Energy Drink, 12 Fl Oz (Pack of 12)",Celsius,15.0,4.7,7451.0,,"Grocery & Gourmet Food; Beverages; Bottled Beverages, Water & Drink Mixes; Energy Drinks","CELSIUS® is Functional, Essential Energy, a better-for-you, premium alternative to traditional energy drinks. As a global, lifestyle fitness drink, CELSIUS® was created to help people LIVE FIT, exceed their goals and elevate their everyday lives. Made with proven, premium ingredients, 7 Essential Vitamins and zero sugar, no artificial colors, no aspartame, no high fructose corn syrup and non-GMO. CELSIUS® is vegan, gluten-free and Kosher. Our proprietary MetaPlus blend contains green tea extract with EGCG. It also includes guarana seed extract, ginger root for flavor and digestion, vitamin C to help support your immune system, vitamin B for energy production, and chromium to help control hunger, making it an ideal pre-workout drink. The tart and sweet flavors of kiwi combined with the unique juiciness of guava, packs a refreshingly tropical flavor into each sip of CELSIUS® Sparkling Kiwi Guava! Made with clinically proven ingredients, this carbonated flavor of CELSIUS® has the perfect balance of flavor and energy that serves as an awesome pick-me-up for active lifestyles. Make CELSIUS® your go to choice for Essential Energy! CELSIUS® is available in 12 fl oz slim cans and sold in a 12-pack for convenience.",No Sugar,https://www.amazon.com/CELSIUS-Sparkling-Guava-Fitness-Drink/dp/B07BY3HJPT/ref=sr_1_5?dib=eyJ2IjoiMSJ9.ZBUOAGcUat0F0uZl7_Z5halk4eUiEJPkTpgYAvnpiYzGpDmyA9882WZKnP8rRhEmslCkzcHFOxo3CgDPyl_T-BOrFwpHntt0n7rOYXjmNHKRDXtbeGNuqCcK0qoqyZTp0jyrS06WEs1D0fnWNzh_I05HRKjuLX9peOn2pcGhCv1xdx-ql9yoH3XUb9wOIATS-k4xtvvx93qDAJcV2jFmVBTxItcH_YqP2K2eSXZHredWI0ehzVpoj8Sr24-PZ4svAQ1Ol39bX-qNi-MHCqsq1pKqQDe0VMCiX68oaA5DnKc.ChVXn8dBxBH_3y3N7k4x7-JXGlYlcQ3CiIU2EfQyvoI&dib_tag=se&keywords=Celsius+energy+drink&qid=1778705575&sr=8-5,2026-05-13 16:52:59
B07FP2KHW1,Alani Nu energy drink,"Hiball Clean Energy Drink - Variety Pack - Zero Sugar, Zero Calorie Sparkling Water with 160mg Organic Caffeine, 50mg Organic Ginseng, 50mg Organic Guarana and B Vitamins - 16 fl oz (8-Pack)",,23.99,4.2,1766.0,,"Grocery & Gourmet Food; Beverages; Bottled Beverages, Water & Drink Mixes; Water; Seltzer Water","Looking to stay hydrated but want to avoid adding extra sugar and calories to your diet? Hiball is your new go-to drink. Hiball Energy Sparkling Water is infused with 160 mg of organic caffeine, 50 mg of organic ginseng, 50 mg of organic guarana, and B vitamins (B-3, B-5, B-6, & B-12), with a hint of natural fruit flavor. This seltzer is sugar free, gluten-free, zero calorie, keto friendly, has no carbs, no preservatives, no artificial sweeteners, no taurine and is 100% vegan. This is a healthy natural energy drink that can be incorporated into any diet without any added guilt! Hiball comes in 7 flavors: grapefruit, lemon lime, peach, blackberry, vanilla, wild berry, and watermelon mint. Enjoy Hiball whenever you need a boost of energy, including: after a long day of work, in place of a morning coffee break, pre-workout or post-workout. When it comes to beverages, Hiball Energy keeps it simple and straightforward to help you choose something that makes you feel your best. Hiball is not recommended for individuals sensitive to caffeine, anyone under the age of 18 or women who are pregnant or nursing.","Feel the energy: Made with clean ingredients, each zero calorie can of Hiball seltzer is sugar free, delivering an instant, long-lasting energy boost so you can feel alert and energized to tackle your day | Powered by natural ingredients: Packed with 160mg organic caffeine, 50mg organic guarana, 50mg organic ginseng and B vitamins (B3, B5, B6, B12), Hiball seltzer water provides enhanced mental focus | Feel good with zero compromise: Helps provide sustained energy without a crash, Hiball pure sparkling water is a cleaner alternative to traditional energy and vitamin drinks with no artificial ingredients | Delicious natural flavors: Available in 6 zero-calorie natural flavors from sweet vanilla to fresh grapefruit, our Hiball seltzer energy drink is keto friendly, vegan, and taurine-free to add liveliness to your day | Ready for anything: Hiball caffeinated seltzer water is made to fit into any routine whether it’s your coffee substitute, post-work beverage, or the energy boost that helps you crush your workout; Packaged in durable cans, Hiball is easy to take on-the-go",https://www.amazon.com/sspa/click?ie=UTF8&spc=MToxNzM3NTQ2MTY2MjY2NTc3OjE3Nzg3MDU4OTU6c3BfbXRmOjMwMTIwNTE2Mzk5ODUwMjo6MDo6&url=%2FHiball-Energy-Sparkling-Variety-Calorie%2Fdp%2FB07FP2KHW1%2Fref%3Dsr_1_20_sspa%3Fdib%3DeyJ2IjoiMSJ9.HMKeRJYOdRpmpPAO3SaPT3it_yKih9w1CrZLnVaz6G5wB-RPX54DFMUoraHe9mfeEHCVbENVSlWRspCx37Ys-KhZ3_OIqyHWSdW3AEYKEHBOgHCIqCjAIsLgrMr_03wkxkphpQD0yxy8PsFnkapE2-8kdjEp1zrf7fKj3B5EAsIPidAO-YP9u_LIyW9ZQ1r8zof1i9rrTosgScJO2Ym5AOfziIiyUWNxZiHvh7CrDdZFyVREwMQ55fhkE7iR3x5Ucu3Cd93AfSTxMlYaHBOaXOjm3Ip-IizYW5hqEXYoS8M.x-0sVGCjUjbiF30l4aR-wIq4jPfGALUrKMbAXLRpxSY%26dib_tag%3Dse%26keywords%3DAlani%2BNu%2Benergy%2Bdrink%26qid%3D1778705895%26sr%3D8-20-spons%26sp_csd%3Dd2lkZ2V0TmFtZT1zcF9tdGY%26psc%3D1,2026-05-13 16:58:18
B07PMLBFKG,Alani Nu energy drink,"Alani Nu HAWAIIAN SHAVED ICE, Sugar Free, Low Calorie Energy Drinks, 200mg Caffeine, Biotin, B Vitamins, Zero Sugar, 10 Calories, 12 Fl Oz Cans, 12 Pack",Alani Nu,19.98,4.5,2815.0,,"Grocery & Gourmet Food; Beverages; Bottled Beverages, Water & Drink Mixes; Energy Drinks",,"FEEL GOOD ENERGY: Fuel your fun with Alani Nu Energy! Our best-selling, zero-sugar boost stars antioxidants, ginseng root, and 200mg of caffeine. Bold in flavor, low in calories, Alani helps you drink in the day—one delicious sip at a time. | BEAMING WITH B VITAMINS: Wave buh-bye to burnout! Our blend of B3, B5, B6, and B12 vitamins keeps you glowing strong—even on your busiest days. | REFRESHINGLY FUN FLAVORS: Just like you, our flavors are unapologetically bold! Sweet or tart, tropical or nostalgic—there's an Alani Nu for every vibe and every you. | ELEVATE EVERY MOMENT: From on-the-go boosts to self-care staples, Alani Nu brings vibrancy to all your daily routines with easy-to-love essentials in the delicious, low-sugar flavors of your dreams. | VEGAN, GLUTEN FREE AND NO ARTIFICIAL COLORS: Good energy is a good choice. Our Better-for-you beverages are made vegan, gluten free and without artificial colors to ensure that our drinks and snacks support your beauty and wellness goals from the inside out",https://www.amazon.com/Alani-Nu-Energy-Hawaiian-Shaved/dp/B07PMLBFKG/ref=sr_1_6?dib=eyJ2IjoiMSJ9.HMKeRJYOdRpmpPAO3SaPT3it_yKih9w1CrZLnVaz6G5wB-RPX54DFMUoraHe9mfeEHCVbENVSlWRspCx37Ys-KhZ3_OIqyHWSdW3AEYKEHBOgHCIqCjAIsLgrMr_03wkxkphpQD0yxy8PsFnkapE2-8kdjEp1zrf7fKj3B5EAsIPidAO-YP9u_LIyW9ZQ1r8zof1i9rrTosgScJO2Ym5AOfziIiyUWNxZiHvh7CrDdZFyVREwMQ55fhkE7iR3x5Ucu3Cd93AfSTxMlYaHBOaXOjm3Ip-IizYW5hqEXYoS8M.x-0sVGCjUjbiF30l4aR-wIq4jPfGALUrKMbAXLRpxSY&dib_tag=se&keywords=Alani+Nu+energy+drink&qid=1778705895&sr=8-6,2026-05-13 16:58:18
B07WV6FGM2,Ghost energy drink,"Xwerks Ignite Pre Workout Powder for Men and Women, Natural Preworkout Energy Drink Powder, Gluten Free Keto Formula for Endurance Stamina and Workout Focus, 150 mg Caffeine, 30 Servings, Watermelon",Xwerks,48.99,4.1,115.0,,"Health, Household & Baby Care; Health & Household; Diet & Sports Nutrition; Sports Nutrition; Pre-Workout; Powders",,"Clean Pre Workout Energy Formula: Formulated with a balanced blend of caffeine, amino acids, minerals, and vitamins designed to deliver steady workout energy without overwhelming stimulants. The advantage of this approach is smoother performance support that feels consistent from warm-up through final sets. The benefit is dependable energy and focus that fits strength training, conditioning sessions, and daily workouts without artificial colors or unnecessary fillers | Optimized Caffeine For Focus And Drive: Each serving provides 150 mg of caffeine to help support alertness and training intensity. This moderate dose offers an advantage over overly aggressive formulas by helping maintain clarity and motivation without abrupt spikes. The result is improved workout engagement, better pacing, and sustained effort during resistance training, cardio sessions, or early morning workouts | Supports Endurance And Training Output: Designed to help you push through demanding workouts, this pre workout powder supports stamina and repeated effort during high-volume or high-intensity training. The advantage is improved work capacity across sets and circuits. The benefit is the ability to train longer and maintain output, making it suitable for athletes focused on consistency and progression | Keto And Gluten Free Daily Use Option: Ignite is formulated to fit keto and gluten free nutrition preferences, making it easy to integrate into structured training routines. This advantage supports flexibility across different dietary approaches. The benefit is a pre workout powder that aligns with long-term fitness habits and can be used consistently without disrupting nutrition plans | Easy To Mix And Great Tasting: This pre workout powder mixes smoothly in water or juice and is available in refreshing flavors like Watermelon, Orange, Green Apple, and Blue Razz. The advantage is a simple, enjoyable preparation process with no heavy texture. The benefit is a pre workout experience that feels convenient and approachable, encouraging regular use before training",https://www.amazon.com/sspa/click?ie=UTF8&spc=MTo1OTIxNzk3MzMxOTcwNjMzOjE3Nzg3MDU3MzU6c3BfbXRmOjMwMTE3NzQzNTg5MTYwMjo6MDo6&url=%2FXwerks-Ignite-Pre-Workout-Supplement-Watermelon%2Fdp%2FB07WV6FGM2%2Fref%3Dsr_1_12_sspa%3Fdib%3DeyJ2IjoiMSJ9.34_qV_CobJN405BnzfNFv6Fq3KrZ3WhwEu_I--pwEDDqfNbTOwwLyu7QG7xf94BnSlsmOj4e8XEZzh3-CrgGpcb7bDEwkNSpsODmEuAUlxdDzspgbYt7hwBDArkCbKru406kZ0mG8NX1HydZ811uivoxNAC4Lg0AUw_pIexrbj62wM2K0TguMrdTH6blulnHaWjaxp4aYsQ8FA5RL8Ffo5doAuogO8_jgAXZltyYwQzRvDWuq_DjxS0Qe5PZFg7HGMkz3rL9z94o9IO_lIykvz6dWkG3l-norsz7w-1Nyxc.UAZO9HPBprhva9t_f2tsMMQ0vedYpSf9SBbIaCBlNxA%26dib_tag%3Dse%26keywords%3DGhost%2Benergy%2Bdrink%26qid%3D1778705735%26sr%3D8-12-spons%26sp_csd%3Dd2lkZ2V0TmFtZT1zcF9tdGY%26psc%3D1,2026-05-13 16:55:39
B08MW9LXK7,Ghost energy drink,"GHOST Energy Drink - 12-Pack, Warheads Sour Watermelon, 16oz - Energy & Focus & No Artificial Colors - 200mg of Natural Caffeine, L-Carnitine & Taurine - Gluten-Free & Vegan",Ghost,29.99,4.6,13570.0,,"Grocery & Gourmet Food; Beverages; Bottled Beverages, Water & Drink Mixes; Energy Drinks",,"Feel Good Energy: GHOST Energy is the fully transparent, fully loaded energy drink we’ve all been waiting for. Authentic Flavors. Zero Sugars.* No BS. Authentic Warheads “Sour Watermelon” flavor. 12-pack case contains 16oz cans. Only intended for persons 18 years or older. *GHOST Energy is low in calories. | Legendary Energy: This drink contains 200mg of Natural Caffeine from coffee beans, which has been found anecdotally to deliver a smooth, feel-good energy with less jitters and no crash when compared to other forms of caffeine.* | Epic Focus*: GHOST Energy combines the nootropics of Carnipure L-Carnitine, Alpha-GPC, NeuroFactor, and AstraGin. | Total Transparency: All GHOST products feature a transparent label that fully discloses the dose of each active ingredient. Zero proprietary blends means you know what you’re getting in each and every sip. GHOST Energy is vegan friendly, gluten free, and contains zero sugars.* *GHOST Energy is low in calories. | Energy and Focus Combo: GHOST Energy is a full disclosure energy drink that delivers on efficacy and the info to ensure you know exactly what you're getting in every can. Combining 200mg of natural caffeine with nootropics to deliver a legendary combo of energy and focus.*",https://www.amazon.com/GHOST-ENERGY-Sugar-Free-Energy-Drink/dp/B08MW9LXK7/ref=sr_1_5?dib=eyJ2IjoiMSJ9.34_qV_CobJN405BnzfNFv6Fq3KrZ3WhwEu_I--pwEDDqfNbTOwwLyu7QG7xf94BnSlsmOj4e8XEZzh3-CrgGpcb7bDEwkNSpsODmEuAUlxdDzspgbYt7hwBDArkCbKru406kZ0mG8NX1HydZ811uivoxNAC4Lg0AUw_pIexrbj62wM2K0TguMrdTH6blulnHaWjaxp4aYsQ8FA5RL8Ffo5doAuogO8_jgAXZltyYwQzRvDWuq_DjxS0Qe5PZFg7HGMkz3rL9z94o9IO_lIykvz6dWkG3l-norsz7w-1Nyxc.UAZO9HPBprhva9t_f2tsMMQ0vedYpSf9SBbIaCBlNxA&dib_tag=se&keywords=Ghost+energy+drink&qid=1778705735&rdc=1&sr=8-5,2026-05-13 16:55:39
B095Q98Z97,Celsius energy drink,"CELSIUS Sparkling Tropical Vibe, Functional Essential Energy Drink 12 Fl Oz (Pack of 12)",Celsius,15.0,4.7,6437.0,,"Grocery & Gourmet Food; Beverages; Bottled Beverages, Water & Drink Mixes; Energy Drinks","CELSIUS is functional, Essential Energy, a better-for-you, premium alternative to traditional energy drinks. As a global, lifestyle fitness drink, CELSIUS was created to help people LIVE FIT, exceed their goals and elevate their everyday lives. Our CELSIUS VIBE Essential Energy Drinks feature bold flavor combinations that transport you beyond the can to amazing global destinations that inspire us all. From sunny, tropical beaches, to snowy mountainscapes. What’s your vibe? Made with proven, premium ingredients, 7 Essential Vitamins and zero sugar, no artificial colors, no aspartame, no high fructose corn syrup and non-GMO. CELSIUS is vegan, gluten-free and Kosher. Our proprietary MetaPlus blend contains green tea extract with EGCG. It also includes guarana seed extract, ginger root for flavor and digestion, vitamin C to help support your immune system, vitamin B for energy production, and chromium to help control hunger, making it an ideal pre-workout drink. Inspired by the tropics, CELSIUS Sparkling Tropical Vibe will take your tastebuds on a tropical vacation with the refreshingly exotic and sweet flavors of starfruit and pineapple. The sweet and sour fusion of flavor gives you island vibes in each sip. Make CELSIUS your go-to choice for Essential Energy! CELSIUS is available in 12 oz. slim cans and sold in a 12-pack for convenience.","Functional, Essential Energy with 200mg Caffeine to help you LIVE FIT | Made with Premium, Proven Ingredients and 7 Essential Vitamins | No Sugar, No Sodium | No High Fructose Corn Syrup, No Aspartame, No Artificial Flavors or Colors | Gluten-Free, Kosher, Non-GMO, & Certified Vegan | Inspired by the tropics, CELSIUS Sparkling Tropical Vibe will take your tastebuds on a tropical vacation with the refreshingly exotic and sweet flavors of starfruit and pineapple. The sweet and sour fusion of flavor gives you island vibes in each sip.",https://www.amazon.com/CELSIUS-Fitness-Energy-Sparkling-Tropical/dp/B095Q98Z97/ref=sr_1_1?dib=eyJ2IjoiMSJ9.ZBUOAGcUat0F0uZl7_Z5halk4eUiEJPkTpgYAvnpiYzGpDmyA9882WZKnP8rRhEmslCkzcHFOxo3CgDPyl_T-BOrFwpHntt0n7rOYXjmNHKRDXtbeGNuqCcK0qoqyZTp0jyrS06WEs1D0fnWNzh_I05HRKjuLX9peOn2pcGhCv1xdx-ql9yoH3XUb9wOIATS-k4xtvvx93qDAJcV2jFmVBTxItcH_YqP2K2eSXZHredWI0ehzVpoj8Sr24-PZ4svAQ1Ol39bX-qNi-MHCqsq1pKqQDe0VMCiX68oaA5DnKc.ChVXn8dBxBH_3y3N7k4x7-JXGlYlcQ3CiIU2EfQyvoI&dib_tag=se&keywords=Celsius+energy+drink&qid=1778705575&sr=8-1,2026-05-13 16:52:59
B09FXVQ8WN,Ghost energy drink,C4 Performance Energy Drink | Strawberry Blast | Zero Sugar Carbonated Preworkout Energy | 200mg Caffeine with Beta Alanine | 16 Fl Oz (12 Pack),C4,19.98,4.6,6541.0,,"Grocery & Gourmet Food; Beverages; Bottled Beverages, Water & Drink Mixes; Energy Drinks","WARNING: C4 Performance Energy® is made for athletes. Whether you’re battling for rings or playing for pride, C4 Performance Energy® contains clinically studied ingredients that enhance performance at every stage of the game. Each can is powered by 200mg of caffeine and CarnoSyn® Beta-Alanine for explosive energy and enhanced endurance.* Side effects may include shattered PRs and total confidence that your product is free of sugar, artificial colors, and 290+ banned substances. Drink at your own risk of excellence.",Disclaimer: PACKAGING MAY VARY | NSF-CERTIFIED FOR SPORT: Tested & certified for professional and collegiate athletes | EXPLOSIVE ENERGY: Elevate energy and performance with 200mg of caffeine. | UNRIVALED FLAVORS: Enjoy an amazing variety of flavors guilt-free with zero sugar or artificial colors | ENHANCE ENDURANCE: Clinically studied CarnoSyn Beta-Alanine to fight fatigue and power muscular endurance. | BOOST PERFORMANCE: Clinically studied BetaPower to support muscle cell hydration and physical performance.,https://www.amazon.com/sspa/click?ie=UTF8&spc=MTo1OTIxNzk3MzMxOTcwNjMzOjE3Nzg3MDU3MzU6c3BfYXRmOjIwMDAzMjk2NDM4MjY5ODo6MDo6&url=%2FCellucor-Strawberry-Carbonated-Performance-Artificial%2Fdp%2FB09FXVQ8WN%2Fref%3Dsr_1_2_sspa%3Fdib%3DeyJ2IjoiMSJ9.34_qV_CobJN405BnzfNFv6Fq3KrZ3WhwEu_I--pwEDDqfNbTOwwLyu7QG7xf94BnSlsmOj4e8XEZzh3-CrgGpcb7bDEwkNSpsODmEuAUlxdDzspgbYt7hwBDArkCbKru406kZ0mG8NX1HydZ811uivoxNAC4Lg0AUw_pIexrbj62wM2K0TguMrdTH6blulnHaWjaxp4aYsQ8FA5RL8Ffo5doAuogO8_jgAXZltyYwQzRvDWuq_DjxS0Qe5PZFg7HGMkz3rL9z94o9IO_lIykvz6dWkG3l-norsz7w-1Nyxc.UAZO9HPBprhva9t_f2tsMMQ0vedYpSf9SBbIaCBlNxA%26dib_tag%3Dse%26keywords%3DGhost%2Benergy%2Bdrink%26qid%3D1778705735%26rdc%3D1%26sr%3D8-2-spons%26sp_csd%3Dd2lkZ2V0TmFtZT1zcF9hdGY%26psc%3D1,2026-05-13 16:55:39
B09RGKQW2L,Ghost energy drink,"C4 Performance Energy Drink Cosmic Rainbow, Zero Sugar Carbonated Preworkout Energy, 200mg Caffeine with Beta Alanine, 16 Fl Oz (12 Pack), Packaging May Vary",C4,19.98,4.6,3789.0,,"Grocery & Gourmet Food; Beverages; Bottled Beverages, Water & Drink Mixes; Energy Drinks","WARNING: C4 Performance Energy® is made for athletes. Whether you’re battling for rings or playing for pride, C4 Performance Energy® contains clinically studied ingredients that enhance performance at every stage of the game. Each can is powered by 200mg of caffeine and CarnoSyn® Beta-Alanine for explosive energy and enhanced endurance.* Side effects may include shattered PRs and total confidence that your product is free of sugar, artificial colors, and 290+ banned substances. Drink at your own risk of excellence.","ENERGY TO OUTPERFORM - Formulated with 200mg Caffeine to support explosive energy and physical performance when you need it most whether it’s in the gym, on the field, in your home, or wherever your fitness journey may take you | INCREASE REP COUNT and HYDRATION - Formulated with CarnoSyn Beta-Alanine, a premium clinically studied beta-alanine, studied to support muscular endurance and fight fatigue, and BetaPower Natural Betaine that supports muscle cell hydration and physical performance | INCREDIBLE FLAVOR - Enjoy fruity Rainbow Candy flavor with zero sugar or carbs with no artificial colors or dyes. | NEW Cosmic Rainbow flavor, you get your candy fix with zero sugar, zero carbs, and no artificial colors or dyes. Now that’s a fruity, and delicious way to outperform and overachieve. | PACKAGING MAY VARY: Old Flavor Version is ""Skittles"" and New Flavor Version is ""Cosmic Rainbow""",https://www.amazon.com/Cellucor-Skittles-Carbonated-Performance-Artificial/dp/B09RGKQW2L/ref=sr_1_17?dib=eyJ2IjoiMSJ9.34_qV_CobJN405BnzfNFv6Fq3KrZ3WhwEu_I--pwEDDqfNbTOwwLyu7QG7xf94BnSlsmOj4e8XEZzh3-CrgGpcb7bDEwkNSpsODmEuAUlxdDzspgbYt7hwBDArkCbKru406kZ0mG8NX1HydZ811uivoxNAC4Lg0AUw_pIexrbj62wM2K0TguMrdTH6blulnHaWjaxp4aYsQ8FA5RL8Ffo5doAuogO8_jgAXZltyYwQzRvDWuq_DjxS0Qe5PZFg7HGMkz3rL9z94o9IO_lIykvz6dWkG3l-norsz7w-1Nyxc.UAZO9HPBprhva9t_f2tsMMQ0vedYpSf9SBbIaCBlNxA&dib_tag=se&keywords=Ghost+energy+drink&qid=1778705735&rdc=1&sr=8-17,2026-05-13 16:55:39
B09X22BTZT,Celsius energy drink,"CELSIUS ARCTIC VIBE Sparkling Frozen Berry, Sugar Free Energy Drink, 12 Fl Oz (Pack of 12)",Celsius,15.0,4.7,3270.0,,"Grocery & Gourmet Food; Beverages; Bottled Beverages, Water & Drink Mixes; Energy Drinks","CELSIUS® is Functional, Essential Energy, a better-for-you, premium alternative to traditional energy drinks. As a global, lifestyle fitness drink, CELSIUS® was created to help people LIVE FIT, exceed their goals and elevate their everyday lives. Our CELSIUS® VIBE Essential Energy Drinks feature bold flavor combinations that transport you beyond the can to amazing global destinations that inspire us all. From sunny, tropical beaches, to snowy mountainscapes. What’s your vibe? Made with proven, premium ingredients, 7 Essential Vitamins and zero sugar, no artificial colors, no aspartame, no high fructose corn syrup and non-GMO. CELSIUS® is vegan, gluten-free and Kosher. Our proprietary MetaPlus blend contains green tea extract with EGCG. It also includes guarana seed extract, ginger root for flavor and digestion, vitamin C to help support your immune system, vitamin B for energy production, and chromium to help control hunger, making it an ideal pre-workout drink. CELSIUS® Sparkling Arctic Vibe packs an icy chill of refreshing frozen berry flavor that will keep you cool and energized all summer long! Made with clinically proven ingredients, this carbonated flavor of CELSIUS® has the perfect balance of flavor and energy that serves as an awesome pick-me-up for active lifestyles. Make CELSIUS® your go to choice for Essential Energy! CELSIUS® is available in 12 fl oz slim cans and sold in a 12-pack for convenience.","Functional, Essential Energy with 200mg Caffeine to help you LIVE FIT | Made with Premium, Proven Ingredients and 7 Essential Vitamins | No Sugar | No High Fructose Corn Syrup, No Aspartame, No Artificial Flavors or Colors | Gluten-Free, Kosher, Non-GMO, & Certified Vegan",https://www.amazon.com/CELSIUS-Essential-Energy-Arctic-Sparkling/dp/B09X22BTZT/ref=sr_1_6?dib=eyJ2IjoiMSJ9.ZBUOAGcUat0F0uZl7_Z5halk4eUiEJPkTpgYAvnpiYzGpDmyA9882WZKnP8rRhEmslCkzcHFOxo3CgDPyl_T-BOrFwpHntt0n7rOYXjmNHKRDXtbeGNuqCcK0qoqyZTp0jyrS06WEs1D0fnWNzh_I05HRKjuLX9peOn2pcGhCv1xdx-ql9yoH3XUb9wOIATS-k4xtvvx93qDAJcV2jFmVBTxItcH_YqP2K2eSXZHredWI0ehzVpoj8Sr24-PZ4svAQ1Ol39bX-qNi-MHCqsq1pKqQDe0VMCiX68oaA5DnKc.ChVXn8dBxBH_3y3N7k4x7-JXGlYlcQ3CiIU2EfQyvoI&dib_tag=se&keywords=Celsius+energy+drink&qid=1778705575&sr=8-6,2026-05-13 16:52:59
B09YGDKGDW,Ghost energy drink,"GHOST Energy Drink - 12-Pack, Orange Cream, 16oz Cans - Energy & Focus & No Artificial Colors - 200mg of Natural Caffeine, L-Carnitine & Taurine - Gluten-Free & Vegan",Ghost,29.76,4.6,13570.0,,"Grocery & Gourmet Food; Beverages; Bottled Beverages, Water & Drink Mixes; Energy Drinks",,"Feel Good Energy: GHOST Energy is the fully transparent, fully loaded energy drink we’ve all been waiting for. Authentic Flavors. Zero Sugars.* No BS. Orange Cream flavor. 12-pack case contains 16oz cans. Only intended for persons 18 years or older. *GHOST Energy is low in calories. | Legendary Energy: This drink contains 200mg of Natural Caffeine from coffee beans, which has been found anecdotally to deliver a smooth, feel-good energy with less jitters and no crash when compared to other forms of caffeine.* | Epic Focus*: GHOST Energy combines the nootropics of Carnipure L-Carnitine, Alpha-GPC, NeuroFactor, and AstraGin. | Total Transparency: All GHOST products feature a transparent label that fully discloses the dose of each active ingredient. Zero proprietary blends means you know what you’re getting in each and every sip. GHOST Energy is vegan friendly, gluten free, and contains zero sugars.* *GHOST Energy is low in calories. | Energy and Focus Combo: GHOST Energy is a full disclosure energy drink that delivers on efficacy and the info to ensure you know exactly what you're getting in every can. Combining 200mg of natural caffeine with nootropics to deliver a legendary combo of energy and focus.*",https://www.amazon.com/GHOST-ENERGY-Sugar-Free-Energy-Drink/dp/B09YGDKGDW/ref=sr_1_6?dib=eyJ2IjoiMSJ9.34_qV_CobJN405BnzfNFv6Fq3KrZ3WhwEu_I--pwEDDqfNbTOwwLyu7QG7xf94BnSlsmOj4e8XEZzh3-CrgGpcb7bDEwkNSpsODmEuAUlxdDzspgbYt7hwBDArkCbKru406kZ0mG8NX1HydZ811uivoxNAC4Lg0AUw_pIexrbj62wM2K0TguMrdTH6blulnHaWjaxp4aYsQ8FA5RL8Ffo5doAuogO8_jgAXZltyYwQzRvDWuq_DjxS0Qe5PZFg7HGMkz3rL9z94o9IO_lIykvz6dWkG3l-norsz7w-1Nyxc.UAZO9HPBprhva9t_f2tsMMQ0vedYpSf9SBbIaCBlNxA&dib_tag=se&keywords=Ghost+energy+drink&qid=1778705735&rdc=1&sr=8-6,2026-05-13 16:55:39
B0B994RPC6,Ghost energy drink,"RYSE Fuel Energy Drink - Variety Pack - Sugar Free, Gluten Free & Vegan - 200mg Natural Caffeine, Taurine & Choline for Focus & Energy - No Artificial Colors - 16 fl oz Cans (12-Pack)",,29.99,4.5,1473.0,,"Grocery & Gourmet Food; Beverages; Bottled Beverages, Water & Drink Mixes; Energy Drinks",,"CLEAN ENERGY ON DEMAND: Delivers 200mg of natural caffeine for clean, crash-free energy anytime you need it. Sugar free, vegan, and gluten free, it’s a high-performance drink built to fuel busy days, workouts, and focused tasks. | SUPPORTS MENTAL FOCUS: Formulated with 500mg of choline bitartrate and 500mg of taurine to enhance cognitive clarity, mental endurance, and performance. Stay focused, alert, and energized throughout your most demanding days. | ZERO SUGAR, VEGAN FORMULA: Enjoy zero sugar, zero calories, and a completely vegan, gluten-free formula that delivers energy without guilt. Clean ingredients and no artificial colors make it a smarter energy choice. | AUTHENTIC, SIGNATURE FLAVORS: Enjoy our collection of delicious and unique flavors guaranteed satisfy your taste buds. Try a classic or grab one of our authentic flavor collaborations with flavors that will take you back to your childhood. | PREMIUM INGREDIENTS ONLY: Built with research-backed ingredients and tested for quality, purity, and effectiveness. Every can of RYSE Fuel supports your goals with clean energy you can count on—no fillers, no shortcuts.",https://www.amazon.com/RYSE-Energy-Calories-Caffeine-Variety/dp/B0B994RPC6/ref=sr_1_10?dib=eyJ2IjoiMSJ9.34_qV_CobJN405BnzfNFv6Fq3KrZ3WhwEu_I--pwEDDqfNbTOwwLyu7QG7xf94BnSlsmOj4e8XEZzh3-CrgGpcb7bDEwkNSpsODmEuAUlxdDzspgbYt7hwBDArkCbKru406kZ0mG8NX1HydZ811uivoxNAC4Lg0AUw_pIexrbj62wM2K0TguMrdTH6blulnHaWjaxp4aYsQ8FA5RL8Ffo5doAuogO8_jgAXZltyYwQzRvDWuq_DjxS0Qe5PZFg7HGMkz3rL9z94o9IO_lIykvz6dWkG3l-norsz7w-1Nyxc.UAZO9HPBprhva9t_f2tsMMQ0vedYpSf9SBbIaCBlNxA&dib_tag=se&keywords=Ghost+energy+drink&qid=1778705735&sr=8-10,2026-05-13 16:55:39
B0BJX5VNVF,Monster energy drink,"Monster Energy Drink, Green, Original, 16 Ounce | Pack of 15",Monster,27.49,4.6,4547.0,,"Grocery & Gourmet Food; Beverages; Bottled Beverages, Water & Drink Mixes; Energy Drinks","Tear into a can of the meanest energy drink on the planet, Monster Energy. It's the ideal combo of the right ingredients in the right proportion to deliver the big bad buzz that only Monster can. Monster packs a powerful punch, but has a smooth, easy drinking flavor. Athletes, musicians, anarchists, road warriors, metal heads, geeks, hipsters, and bikers dig it- you will too. Unleash the Beast.","UNLEASH THE BEAST | Tear into a can of the meanest energy drink on the planet, Monster Energy. Athletes, musicians, anarchists, co-ed’s, road warriors, metal heads, geeks, hipsters, and bikers dig it- you will too.Caffeine content : Caffeinated. Age range (description) : 18 or older. | SMOOTH & EASY FLAVOR | Monster packs a powerful punch, but has a smooth easy drinking flavor. What does it taste like. It tastes like Monster | BIG BAD BUZZ | With 160mg of Caffeine in a “Monster” 16 ounce can, Monster Energy offers more for less when compared with other 8.3 ounce energy drink | STOCK UP WITH A 15 PACK | For those looking for a powerful and edgy energy drink to stay in action, Monster Energy is Available in a convenient pack of 15 | Product labels may vary from those pictured",https://www.amazon.com/Monster-Energy-Drink-Green-Original/dp/B0BJX5VNVF/ref=sr_1_1?dib=eyJ2IjoiMSJ9.-uoloj3tVAf5xFumxrzE6Okrj9UqWggFE6e7ioi6MSHDfxHCWUKBNWyQptlmWCadtLkDtLtMgKWI_U4kHTXdOv00w1OJ5Gb3XTSWkV8Ff26Ay0ZNsgYNeHSalAc47tROLHLrO2NWjNeB43D7FN4Fzm2Z31Npuxj5gO7akYA4bDqw09wzAGrvRHBiGuPiHWuS489EUw8TjTedYuu7epGNZvQExHZnIKzOxlETV455QJwZt5T3k8BfOglxx5xO70sCrXPeKTu5dYspy12v_8bLU86XwICDPc-zMeRE630iimY.xf6n_Gj2ZV-igSUKE59cYBHVQykF-NwV3-o2n4_YBz4&dib_tag=se&keywords=Monster+energy+drink&qid=1778706044&rdc=1&sr=8-1,2026-05-13 17:00:47
B0BL6SXDL4,Monster energy drink,"Monster Energy Juice Pipeline Punch, Energy Drink, 16 Ounce | Energy + Juice, Pack of 15",Monster,31.48,4.7,6031.0,,"Grocery & Gourmet Food; Beverages; Bottled Beverages, Water & Drink Mixes; Energy Drinks","Banzai Pipeline, the world's most famous wave, on Oahu's fabled North Shore comes alive for just a few brief months every winter. In honor of this epic force of nature, we created Juice Monster Pipeline Punch. The perfect blend of the best flavors Hawaii has to offer - passion fruit, orange & guava, then ""Monsterized"" with a full load of our famous energy blend. And, just like the wave is named for, it is destined to become a legend!","UNLEASH THE BEAST | Banzai Pipeline, the world's most famous wave, on Oahu's fabled North Shore, comes alive for just a few brief months every winter. In honor of this epic force of nature, we created Juice Monster Pipeline Punch | ENERGY plus JUICE | The perfect blend of the best flavors Hawaii has to offer - passion fruit, orange and guava, then ""Monsterized"" with a full load of our famous energy blend | STOCK UP WITH A 15 PACK | Banzai. Pipeline Punch Juice Monster is available in a convenient pack of 15 | Product labels may vary from those pictured",https://www.amazon.com/Monster-Energy-Juice-Pipeline-Punch/dp/B0BL6SXDL4/ref=sr_1_2?dib=eyJ2IjoiMSJ9.-uoloj3tVAf5xFumxrzE6Okrj9UqWggFE6e7ioi6MSHDfxHCWUKBNWyQptlmWCadtLkDtLtMgKWI_U4kHTXdOv00w1OJ5Gb3XTSWkV8Ff26Ay0ZNsgYNeHSalAc47tROLHLrO2NWjNeB43D7FN4Fzm2Z31Npuxj5gO7akYA4bDqw09wzAGrvRHBiGuPiHWuS489EUw8TjTedYuu7epGNZvQExHZnIKzOxlETV455QJwZt5T3k8BfOglxx5xO70sCrXPeKTu5dYspy12v_8bLU86XwICDPc-zMeRE630iimY.xf6n_Gj2ZV-igSUKE59cYBHVQykF-NwV3-o2n4_YBz4&dib_tag=se&keywords=Monster+energy+drink&qid=1778706044&rdc=1&sr=8-2,2026-05-13 17:00:47
B0BL6WQKPM,Monster energy drink,"Monster Energy Ultra Sunrise, Sugar Free Energy Drink, 16 Fl Oz | Pack of 15",Monster,29.98,4.7,8904.0,,"Grocery & Gourmet Food; Beverages; Bottled Beverages, Water & Drink Mixes; Energy Drinks","Ultra Sunrise is dedicated to those who sacrifice sleep for passion: catching waves at dawn patrol, up on the bike when the morning dew gives the dirt more grip, or the first pass on that glassy lake kicking off an epic wake session. Ultra Sunrise will get you started but it`s great anytime: light, crisp, and refreshing with a flavor all its own. Packed with a full load of our Monster orange energy blend to keep the fire burning all day long. After all it's always sunrise somewhere.","FULL FLAVOR, ZERO SUGAR | Monster Ultra Sunrise has 10 calories and zero sugar but with all the flavor you're accustomed to and packed with our sugar-free Monster Energy blend. | REFRESHING TASTE | Light, crisp, and refreshing with a flavor All its own, Monster Ultra Sunrise offers a sparkling citrus and orange flavor. Ultra Sunrise is great for any occasion. | UNLEASH THE ULTRA BEAST | Ultra Sunrise will get you started but is great anytime. Fortified with a full load of our Monster Energy blend to keep the fire burning all day long. | STOCK UP WITH A 15 PACK | For those looking for a Monster that’s lighter tasting, has zero sugar, and contains the full Monster Energy blend, Monster Energy Ultra Sunrise is available on in a convenient pack of 15. | Product labels may vary from those pictured",https://www.amazon.com/Monster-Energy-Ultra-Sunrise-Sugar/dp/B0BL6WQKPM/ref=sr_1_3?dib=eyJ2IjoiMSJ9.-uoloj3tVAf5xFumxrzE6Okrj9UqWggFE6e7ioi6MSHDfxHCWUKBNWyQptlmWCadtLkDtLtMgKWI_U4kHTXdOv00w1OJ5Gb3XTSWkV8Ff26Ay0ZNsgYNeHSalAc47tROLHLrO2NWjNeB43D7FN4Fzm2Z31Npuxj5gO7akYA4bDqw09wzAGrvRHBiGuPiHWuS489EUw8TjTedYuu7epGNZvQExHZnIKzOxlETV455QJwZt5T3k8BfOglxx5xO70sCrXPeKTu5dYspy12v_8bLU86XwICDPc-zMeRE630iimY.xf6n_Gj2ZV-igSUKE59cYBHVQykF-NwV3-o2n4_YBz4&dib_tag=se&keywords=Monster+energy+drink&qid=1778706044&rdc=1&sr=8-3,2026-05-13 17:00:47
B0BL6X167P,Monster energy drink,"Monster Energy Zero Sugar, Green, Original, Low Calorie Energy Drink, 16 Ounce (Pack of 15), Can",Monster,27.48,4.6,3548.0,,"Grocery & Gourmet Food; Beverages; Bottled Beverages, Water & Drink Mixes; Energy Drinks","People have been blowin' up our inbox for years asking for a zero sugar Monster. We got it but this ain't soda pop, dude! Making a zero sugar drink, that's good enough to earn the Monster M ain't that easy.Finally, with a re-tooled energy blend, new sweetener system and after hundreds of failed flavors, we got it right Monster Zero Sugar: helps fight fatigue, improve mental performance and focus, and motivates you to work (I mean play) harder, so generally you feel pretty damn good. Zero sugar, Monster buzz...","ZERO SUGAR. 100% MONSTER | The iconic Original Monster Energy flavor is now available without sugar. People have been blowing up our inbox for years asking for a low-calorie Monster. We got it, but this isn’t soda pop, dude. Making a low-calorie, zero sugar drink that’s good enough to earn the Monster ‘M’ isn’t that easy. Finally, with a re-tooled energy blend, new sweetener system and after hundreds of failed flavors, we absolutely got it right. | UNLEASH THE BEAST | Monster Energy's proprietary energy blend has the ideal combo of the right ingredients in the right proportion to deliver just the right kick. Monster Energy Zero Sugar helps fight fatigue, improves mental performance and focus, and motivates you to work (play) harder, so generally, you feel pretty good | SMOOTH & EASY FLAVOR | Monster Energy Zero Sugar packs a powerful punch and has that smooth, easy drinking, OG flavor | STOCK UP WITH A 15 PACK: For those looking for a low-calorie, sugar-free offering from Monster Energy, Monster Energy Zero Sugar is available in a convenient pack of 15 | Product labels may vary from those pictured",https://www.amazon.com/Monster-Energy-Sugar-Original-Calorie/dp/B0BL6X167P/ref=sr_1_8?dib=eyJ2IjoiMSJ9.-uoloj3tVAf5xFumxrzE6Okrj9UqWggFE6e7ioi6MSHDfxHCWUKBNWyQptlmWCadtLkDtLtMgKWI_U4kHTXdOv00w1OJ5Gb3XTSWkV8Ff26Ay0ZNsgYNeHSalAc47tROLHLrO2NWjNeB43D7FN4Fzm2Z31Npuxj5gO7akYA4bDqw09wzAGrvRHBiGuPiHWuS489EUw8TjTedYuu7epGNZvQExHZnIKzOxlETV455QJwZt5T3k8BfOglxx5xO70sCrXPeKTu5dYspy12v_8bLU86XwICDPc-zMeRE630iimY.xf6n_Gj2ZV-igSUKE59cYBHVQykF-NwV3-o2n4_YBz4&dib_tag=se&keywords=Monster+energy+drink&qid=1778706044&rdc=1&sr=8-8,2026-05-13 17:00:47
B0BL7316GD,Monster energy drink,"Monster Energy Zero Ultra, Sugar Free Energy Drink, 16 Ounce | Pack of 15",Monster,27.48,4.7,34860.0,,"Grocery & Gourmet Food; Beverages; Bottled Beverages, Water & Drink Mixes; Energy Drinks","Some people are impossible to please. As soon as they get what they thought they wanted they always want more. Our team riders and Monster Girls are no different… they’ve been dropping some hints lately. They’ve been asking us for a new Monster drink. Monster Zero Ultra a.k.a. the ""White Monster"" is zero sugar, lighter-tasting, zero calories, but with a full load of our Monster energy blend. Sure, white is the new black. We went all out: Monster Energy Zero Ultra.","FULL FLAVOR, ZERO SUGAR: Zero Ultra has 10 calories and zero sugar, but with all the flavor you’re accustomed to and packed with our sugar-free Monster Energy blend. | REFRESHING TASTE: Zero Ultra’s lighter tasting flavor profile is a less sweet, sparkling, citrus energy drink that delivers refreshment. Monster Energy Zero Ultra is great for any occasion. | UNLEASH THE ULTRA BEAST: Some people are impossible to please. As soon as they get what they thought they wanted, they always want more. Our team riders and Monster Girls are no different they’ve been dropping some hints lately. They’ve been asking us for a new Monster drink. A little less sweet, lighter-tasting, zero calories, but with a full load of our Monster energy blend. Sure, white is the new black. We went all out: Monster Energy Zero Ultra. | STOCK UP WITH A 15 PACK: For those looking for a Monster that’s lighter tasting, has zero sugar, and contains the full Monster Energy blend, Monster Energy Zero Ultra is available on in a convenient pack of 15. | Product labels may vary from those pictured",https://www.amazon.com/Monster-Energy-Ultra-Sugar-Drink/dp/B0BL7316GD/ref=sr_1_4?dib=eyJ2IjoiMSJ9.-uoloj3tVAf5xFumxrzE6Okrj9UqWggFE6e7ioi6MSHDfxHCWUKBNWyQptlmWCadtLkDtLtMgKWI_U4kHTXdOv00w1OJ5Gb3XTSWkV8Ff26Ay0ZNsgYNeHSalAc47tROLHLrO2NWjNeB43D7FN4Fzm2Z31Npuxj5gO7akYA4bDqw09wzAGrvRHBiGuPiHWuS489EUw8TjTedYuu7epGNZvQExHZnIKzOxlETV455QJwZt5T3k8BfOglxx5xO70sCrXPeKTu5dYspy12v_8bLU86XwICDPc-zMeRE630iimY.xf6n_Gj2ZV-igSUKE59cYBHVQykF-NwV3-o2n4_YBz4&dib_tag=se&keywords=Monster+energy+drink&qid=1778706044&rdc=1&sr=8-4,2026-05-13 17:00:47
B0BL75738K,Monster energy drink,"Energy, Lo-Carb Monster, Low Carb Energy Drink, 16 Ounce | Pack of 15",Monster,27.47,4.6,7074.0,,"Grocery & Gourmet Food; Beverages; Bottled Beverages, Water & Drink Mixes; Energy Drinks","Tear into a can of the meanest energy drink on the planet, Lo-carb Monster Energy. Low calories, no compromise. That’s what Lo-carb Monster Energy is all about. Get the big bad Monster buzz you know and love, but with a fraction of the calories and carbohydrates. Athletes, musicians, anarchists, co-ed’s, road warriors, metal heads, geeks, hipsters, and bikers dig it- you will too.","UNLEASH THE BEAST | Tear into a can of the meanest energy drink on the planet, Lo-Carb Monster Energy. Athletes, musicians, anarchists, co-ed’s, road warriors, metal heads, geeks, hipsters, and bikers dig it- you will too. | SMOOTH and EASY FLAVOR | Lo-Carb Monster packs a powerful punch, and has a smooth, easy drinking flavor, but without the glucose. Low calories, no compromise. That’s what Lo-carb Monster Energy is all about.Not recommended for children, people sensitive to caffeine, pregnant women or women who are nursing | BIG BAD BUZZ | Get the big bad Monster buzz you know and love, but with a fraction of the carbohydrates and only 30 calories per can. And with 140mg of Caffeine in a “Monster” 16 ounce can, Lo-Carb Monster Energy offers more for less when compared with other 8.3 ounce energy drinks. | STOCK UP WITH A 15 PACK | For those looking for a powerful, low calorie energy drink to stay in action, Lo-Carb Monster Energy is available in a convenient pack of 15 | Due to new FDA nutrition labeling requirements, product labels may vary from those pictured.",https://www.amazon.com/Monster-Energy-Lo-Carb-Drink-Ounce/dp/B0BL75738K/ref=sr_1_6?dib=eyJ2IjoiMSJ9.-uoloj3tVAf5xFumxrzE6Okrj9UqWggFE6e7ioi6MSHDfxHCWUKBNWyQptlmWCadtLkDtLtMgKWI_U4kHTXdOv00w1OJ5Gb3XTSWkV8Ff26Ay0ZNsgYNeHSalAc47tROLHLrO2NWjNeB43D7FN4Fzm2Z31Npuxj5gO7akYA4bDqw09wzAGrvRHBiGuPiHWuS489EUw8TjTedYuu7epGNZvQExHZnIKzOxlETV455QJwZt5T3k8BfOglxx5xO70sCrXPeKTu5dYspy12v_8bLU86XwICDPc-zMeRE630iimY.xf6n_Gj2ZV-igSUKE59cYBHVQykF-NwV3-o2n4_YBz4&dib_tag=se&keywords=Monster+energy+drink&qid=1778706044&rdc=1&sr=8-6,2026-05-13 17:00:47
B0BL7D61N5,Monster energy drink,"Monster Energy Ultra Strawberry Dreams, Sugar Free Energy Drink, 16 Ounce | Pack of 15",Monster,31.48,4.6,2750.0,,,,,https://www.amazon.com/Monster-Energy-Ultra-Strawberry-Dreams/dp/B0BL7D61N5/ref=sr_1_16?dib=eyJ2IjoiMSJ9.-uoloj3tVAf5xFumxrzE6Okrj9UqWggFE6e7ioi6MSHDfxHCWUKBNWyQptlmWCadtLkDtLtMgKWI_U4kHTXdOv00w1OJ5Gb3XTSWkV8Ff26Ay0ZNsgYNeHSalAc47tROLHLrO2NWjNeB43D7FN4Fzm2Z31Npuxj5gO7akYA4bDqw09wzAGrvRHBiGuPiHWuS489EUw8TjTedYuu7epGNZvQExHZnIKzOxlETV455QJwZt5T3k8BfOglxx5xO70sCrXPeKTu5dYspy12v_8bLU86XwICDPc-zMeRE630iimY.xf6n_Gj2ZV-igSUKE59cYBHVQykF-NwV3-o2n4_YBz4&dib_tag=se&keywords=Monster+energy+drink&qid=1778706044&rdc=1&sr=8-16,2026-05-13 17:00:47
B0C9G3KRGX,Celsius energy drink,"Red Bull Energy Drink Variety Pack, Red Edition, Amber Edition and Yellow Edition Energy Drinks, 8.4 Fl Oz, 24 Cans",Red Bull,45.98,4.8,1536.0,,"Grocery & Gourmet Food; Beverages; Bottled Beverages, Water & Drink Mixes; Energy Drinks","This Variety Pack includes 8 cans each of Watermelon, Strawberry Apricot, and Tropical. This lightly carbonated beverage is enjoyed worldwide by fitness enthusiasts, athletes, gamers, students and travelers. A refreshing can of Red Bull makes an excellent partner for busy, active lifestyles. Each 8.4 fl oz can contains 80mg of caffeine per serving (about the same amount as a home-brewed cup of coffee) and up to 28g of sugar (comparable to sugar levels found in apple juice). It also includes Taurine, an amino acid naturally occurring in the human body, and B-group vitamins B6, B12, Niacin (B3) and Pantothenic Acid (B5). Available in 4-packs, 12-packs, 24-packs and Variety Packs. Comes in aluminum cans that can be recycled over and over. Always check can labels for most updated product nutritional and ingredient information. Calcium and sugars values declared on labels may vary slightly depending on production locations.","This Variety Pack includes 8 cans each of Watermelon, Strawberry Apricot, and Tropical; Red Bull features taurine, an amino acid, plus four essential B-group vitamins B3, B6, B12 and B5, which contribute to normal energy-yielding metabolism | Each 8.4 fl oz can contains 80mg of caffeine which helps to increase alertness, no more than 28g of real sugar similar to a glass of apple juice of the same size, and no more than 120 calories | This lightly sparkling energy drink gives you wiiings for gaming, work, school, sports, pre-workout, music festivals, and on-the-go; Made to be vegetarian and free from wheat, dairy, gluten, and lactose | Try our various Red Bull Editions featuring the flavors of White Peach, Iced Vanilla Berry, Strawberry Apricot, Juneberry, Wild Berries, Watermelon, Coconut Berry and Tropical; Sugarfree options include Red Bull Sugarfree, Red Bull Zero, Iced Vanilla Berry, Juneberry, White Peach and Wild Berries | Best enjoyed ice cold, Red Bull makes an excellent base for non-alcoholic mocktails; Add in your favorite fruit juice or fruit garnishes for endless combinations",https://www.amazon.com/sspa/click?ie=UTF8&spc=MTo0MzU1NDk1NjkwNjIyMjk1OjE3Nzg3MDU1NzU6c3BfbXRmOjMwMDEyOTg4MzAzOTAwMjo6MDo6&url=%2FRed-Bull-Energy-Variety-Yellow%2Fdp%2FB0C9G3KRGX%2Fref%3Dsr_1_12_sspa%3Fdib%3DeyJ2IjoiMSJ9.ZBUOAGcUat0F0uZl7_Z5halk4eUiEJPkTpgYAvnpiYzGpDmyA9882WZKnP8rRhEmslCkzcHFOxo3CgDPyl_T-BOrFwpHntt0n7rOYXjmNHKRDXtbeGNuqCcK0qoqyZTp0jyrS06WEs1D0fnWNzh_I05HRKjuLX9peOn2pcGhCv1xdx-ql9yoH3XUb9wOIATS-k4xtvvx93qDAJcV2jFmVBTxItcH_YqP2K2eSXZHredWI0ehzVpoj8Sr24-PZ4svAQ1Ol39bX-qNi-MHCqsq1pKqQDe0VMCiX68oaA5DnKc.ChVXn8dBxBH_3y3N7k4x7-JXGlYlcQ3CiIU2EfQyvoI%26dib_tag%3Dse%26keywords%3DCelsius%2Benergy%2Bdrink%26qid%3D1778705575%26sr%3D8-12-spons%26sp_csd%3Dd2lkZ2V0TmFtZT1zcF9tdGY%26psc%3D1,2026-05-13 16:52:59
B0CGMF1J8Z,Monster energy drink,"Energy Juice Monster Variety Pack, PPMLPP, Energy Drink, 16 Ounce | Energy + Juice, Pack of 15",Monster,36.32,4.8,1282.0,,"Grocery & Gourmet Food; Beverages; Bottled Beverages, Water & Drink Mixes; Energy Drinks","This variety pack offers three different options for a unique selection of flavors. Like the Banzai Pipeline of Oahu, Pipeline Punch was destined to become a legend. The perfect carbonated blend of passion fruit, orange, guava. A heavenly blend of carbonated exotic juices, Mango Loco has that crazy good taste with that Monster magic to keep the party going for days. A carbonated classic fruit punch with our Monster Energy blend, Pacific Punch will help put wind in your sails and keep you steady on course, no matter how rough the seas.","The perfect blend of the best flavors Hawaii has to offer - passion fruit, orange & guava, then ""Monsterized"" with a full load of our famous energy blend | Mango Loco is a heavenly blend of exotic juices certain to attract even the most stubborn spirit; Crazy good taste with just enough of that Monster magic to keep the party going for days | Hawaiian it’s not. Lighter, less sweet and more complex. A flavor as deep and wide as its name sake the great Pacific. | STOCK UP WITH A 15 PACK | Juice Monster Variety Pack is available in a convenient pack of 15",https://www.amazon.com/Monster-Energy-Variety-Pipeline-Pacific/dp/B0CGMF1J8Z/ref=sr_1_9?dib=eyJ2IjoiMSJ9.-uoloj3tVAf5xFumxrzE6Okrj9UqWggFE6e7ioi6MSHDfxHCWUKBNWyQptlmWCadtLkDtLtMgKWI_U4kHTXdOv00w1OJ5Gb3XTSWkV8Ff26Ay0ZNsgYNeHSalAc47tROLHLrO2NWjNeB43D7FN4Fzm2Z31Npuxj5gO7akYA4bDqw09wzAGrvRHBiGuPiHWuS489EUw8TjTedYuu7epGNZvQExHZnIKzOxlETV455QJwZt5T3k8BfOglxx5xO70sCrXPeKTu5dYspy12v_8bLU86XwICDPc-zMeRE630iimY.xf6n_Gj2ZV-igSUKE59cYBHVQykF-NwV3-o2n4_YBz4&dib_tag=se&keywords=Monster+energy+drink&qid=1778706044&rdc=1&sr=8-9,2026-05-13 17:00:47
B0CGMF4B74,Monster energy drink,"Monster Energy Ultra Variety Pack, PKZSD, Sugar Free Energy Drink, 16 Ounce | Pack of 15",Monster,27.48,4.8,2052.0,,"Grocery & Gourmet Food; Beverages; Bottled Beverages, Water & Drink Mixes; Energy Drinks","This variety pack offers three different options for a unique selection of flavors! The light, refreshing citrus flavor of Zero Ultra has broken the rules of flavor. 10 Calories, zero sugar, and a full load of our Monster Energy blend to keep the good times rolling. Zero Sugar Ultra Peachy Keen has just 10 calories and a full load of our Monster Energy blend. The juicy peach flavor will send you back to the sumer of love. Take just one sip and you'll be crazy for Ultra Strawberry Dreams. Wonderfully sweet, while slightly tart, this easy-drinking Ultra tastes like a dream. Packed with the Monster Energy blend you love, with just 10 calories and zero sugar.","TASTE WITH A PASSION: Savor this aphrodisiac. One sip and you’ll be crazy for Ultra Strawberry Dreams. | FULL FLAVOR, ZERO SUGAR: Zero Ultra has 10 calories and zero sugar, but with all the flavor you’re accustomed to and packed with our sugar-free Monster Energy blend. | REFRESHING TASTE |Let the juicy peach flavor of zero sugar Ultra Peachy Keen take you back to the summer of love. | STOCK UP WITH A 15 PACK I Time to stock up. For those looking for a Monster that’s lighter tasting, has zero sugar, and contains the fill Monster Energy Blend, Monster Energy Ultra Strawberry Dreams, Zero Ultra, and Ultra Peachy Keen is available in a convenient pack of 15. | Product labels may vary from those pictured",https://www.amazon.com/Monster-Energy-Variety-Peachy-Strawberry/dp/B0CGMF4B74/ref=sr_1_5?dib=eyJ2IjoiMSJ9.-uoloj3tVAf5xFumxrzE6Okrj9UqWggFE6e7ioi6MSHDfxHCWUKBNWyQptlmWCadtLkDtLtMgKWI_U4kHTXdOv00w1OJ5Gb3XTSWkV8Ff26Ay0ZNsgYNeHSalAc47tROLHLrO2NWjNeB43D7FN4Fzm2Z31Npuxj5gO7akYA4bDqw09wzAGrvRHBiGuPiHWuS489EUw8TjTedYuu7epGNZvQExHZnIKzOxlETV455QJwZt5T3k8BfOglxx5xO70sCrXPeKTu5dYspy12v_8bLU86XwICDPc-zMeRE630iimY.xf6n_Gj2ZV-igSUKE59cYBHVQykF-NwV3-o2n4_YBz4&dib_tag=se&keywords=Monster+energy+drink&qid=1778706044&rdc=1&sr=8-5,2026-05-13 17:00:47
B0CHGK2SGN,Ghost energy drink,"GURU Organic Energy Drinks Variety Pack, Clean Energy Drink with Plant Based Natural Caffeine from Green Tea, Gluten Free and Vegan, 140MG Caffeine, Healthy Drinks, 12 oz (Pack of 12)",GURU,32.99,3.6,139.0,,"Grocery & Gourmet Food; Beverages; Bottled Beverages, Water & Drink Mixes; Energy Drinks",,"ORGANIC PLANT BASED ENERGY: GURU is made with the best organic ingredients - not packed with synthetic ingredients and sugar like traditional energy drinks that leave you jittery and crashing in the afternoon. We know when energy comes directly from earthy, organic sources, it’s got to be good and long lasting! | 140 MG NATURAL CAFFEINE THAT LASTS: Use as pre workout drinks or anytime you need a pick me up. GURU 12oz cans in this variety pack have 140mg of caffeine per can and supports increased concentration, physical vitality, and provides sustained energy with naturally occurring caffeine from green tea. | VEGAN, GLUTEN FREE & NON GMO: We’re dedicated to bringing you good energy in every way possible, from using real ingredients, to how we source and produce our great-tasting energy drinks. That’s why our drinks are USDA organic, non GMO, gluten free, vegan, and made with zero sucralose, and zero aspartame. | SPREAD FEEL GOOD ENERGY: Organic energy drinks crafts with plant based ingredients. GURU is about helping you blaze new trails, reach new heights, and find your true nature. Help us share good energy, inspire communities and be a GURU to others!",https://www.amazon.com/sspa/click?ie=UTF8&spc=MTo1OTIxNzk3MzMxOTcwNjMzOjE3Nzg3MDU3MzU6c3BfbXRmOjMwMTIwNzYyNzExNzYwMjo6MDo6&url=%2FGURU-Organic-Variety-Natural-Caffeine%2Fdp%2FB0CHGK2SGN%2Fref%3Dsr_1_11_sspa%3Fdib%3DeyJ2IjoiMSJ9.34_qV_CobJN405BnzfNFv6Fq3KrZ3WhwEu_I--pwEDDqfNbTOwwLyu7QG7xf94BnSlsmOj4e8XEZzh3-CrgGpcb7bDEwkNSpsODmEuAUlxdDzspgbYt7hwBDArkCbKru406kZ0mG8NX1HydZ811uivoxNAC4Lg0AUw_pIexrbj62wM2K0TguMrdTH6blulnHaWjaxp4aYsQ8FA5RL8Ffo5doAuogO8_jgAXZltyYwQzRvDWuq_DjxS0Qe5PZFg7HGMkz3rL9z94o9IO_lIykvz6dWkG3l-norsz7w-1Nyxc.UAZO9HPBprhva9t_f2tsMMQ0vedYpSf9SBbIaCBlNxA%26dib_tag%3Dse%26keywords%3DGhost%2Benergy%2Bdrink%26qid%3D1778705735%26rdc%3D1%26sr%3D8-11-spons%26sp_csd%3Dd2lkZ2V0TmFtZT1zcF9tdGY%26psc%3D1,2026-05-13 16:55:39
B0CJW7BRX4,Celsius energy drink,"CELSIUS On The Go Strawberry Coconut, Sugar Free Energy Drink Mix (14 Sticks per Pack)",Celsius,11.47,4.7,1911.0,,"Grocery & Gourmet Food; Beverages; Bottled Beverages, Water & Drink Mixes; Energy Drinks","CELSIUS® is functional, Essential Energy– a better-for-you, premium alternative to traditional energy drinks, made with 7 essential vitamins and zero sugar. As a global, lifestyle fitness drink, CELSIUS was created to help people LIVE FIT, exceed their goals and elevate their everyday lives. Our CELSIUS On-the-Go Powder Sticks contain the same clinically proven ingredients as CELSIUS, only its compact, convenient and perfect for traveling. Whether you’re hiking trails, beachside chillin’ or ski lodge loungin’, CELSIUS On-the-Go Powder Sticks are ready when you are, so you can be ready for anything. Our proprietary MetaPlus® blend contains green tea extract and EGCG. It also includes guarana seed extract, ginger root for flavor and digestion, vitamin C to support your immune system, vitamin B for energy production, and chromium to help control hunger, making it an ideal pre-workout drink. CELSIUS On-the-Go Powder Sticks allow you to adjust the powder you use depending on the level of energy boost you require, making it a flexible option. Our powders can be mixed with various liquids, such as water, juice, smoothies and protein shakes, allowing you to personalize the taste and consistency to your liking. Escape to a sun kissed island getaway with each sip of CELSIUS® Strawberry Coconut On-the-Go Powder Sticks, delivering a tropical energy boost with the sweet flavors of tangy strawberries and the creamy richness of coconuts. Enjoy CELSIUS® On-the-Go Powder Sticks anytime, anywhere. Just add water and go! Add one powder stick packet to 12-16 oz. of water and you have Essential Energy on the go. CELSIUS® On-the-Go Powder Sticks have the perfect balance of flavor and energy that serve as an awesome pick-me-up for active lifestyles. One powder stick is equal to one CELSIUS ready-to-drink can, and each box comes with 14 powder stick packets. Make CELSIUS® Essential Energy your go to pick-me-up– anytime, any place!","On-the-Go Powder Sticks provide balanced energy with 200mg of caffeine to help you LIVE FIT | Made with premium, proven ingredients and 7 essential vitamins | Perfect for travel and keeping you energized while on the move | Gluten-Free, Kosher, Non-GMO, & Certified Vegan | Just add water and go",https://www.amazon.com/CELSIUS-Essential-Energy-Strawberry-Coconut/dp/B0CJW7BRX4/ref=sr_1_15?dib=eyJ2IjoiMSJ9.ZBUOAGcUat0F0uZl7_Z5halk4eUiEJPkTpgYAvnpiYzGpDmyA9882WZKnP8rRhEmslCkzcHFOxo3CgDPyl_T-BOrFwpHntt0n7rOYXjmNHKRDXtbeGNuqCcK0qoqyZTp0jyrS06WEs1D0fnWNzh_I05HRKjuLX9peOn2pcGhCv1xdx-ql9yoH3XUb9wOIATS-k4xtvvx93qDAJcV2jFmVBTxItcH_YqP2K2eSXZHredWI0ehzVpoj8Sr24-PZ4svAQ1Ol39bX-qNi-MHCqsq1pKqQDe0VMCiX68oaA5DnKc.ChVXn8dBxBH_3y3N7k4x7-JXGlYlcQ3CiIU2EfQyvoI&dib_tag=se&keywords=Celsius+energy+drink&qid=1778705575&sr=8-15,2026-05-13 16:52:59
B0CN3S8FXH,Alani Nu energy drink,"Alani Nu CHERRY SLUSH Ice Sugar Free, Low Calorie Energy Drinks | 200mg Caffeine | Antioxidants | Biotin, B Vitamins | Zero Sugar | 15 Calories or Less | 12 Oz Cans | 12 Count",Alani Nu,19.98,4.6,3708.0,,"Grocery & Gourmet Food; Beverages; Bottled Beverages, Water & Drink Mixes; Energy Drinks","Tired of sacrificing fun for function? Perk up, bestie! Sip on the sunny side with Alani Nu Energy—a feel-good, taste-good boost that shines just as bright as you. Each 12oz pick-me-up serves up B vitamins, 200mg of caffeine, and 0g of sugar for a crash-free, guilt-free refresh. Alani Energy is also gluten-free, vegan, and just 5-15 calories—because we dive deep when it comes to wellness! But the flavor? Beyond iconic. Our vivid range of nostalgic combos take you back and sweeten the now. With a burst of joy and a taste of escapism, we're here to power your routines, your dreams—your entire world. Ready to enter your Alani era? You deserve this sip!","FEEL GOOD ENERGY: Fuel your fun with Alani Nu Energy! Our best-selling, zero-sugar boost stars antioxidants, ginseng root, and 200mg of caffeine. Bold in flavor, low in calories, Alani helps you drink in the day—one delicious sip at a time. | BEAMING WITH B VITAMINS: Wave buh-bye to burnout! Our blend of B3, B5, B6, and B12 vitamins keeps you glowing strong—even on your busiest days. | REFRESHINGLY FUN FLAVORS: Just like you, our flavors are unapologetically bold! Sweet or tart, tropical or nostalgic—there's an Alani Nu for every vibe and every you. | ELEVATE EVERY MOMENT: From on-the-go boosts to self-care staples, Alani Nu brings vibrancy to all your daily routines with easy-to-love essentials in the delicious, low-sugar flavors of your dreams. | VEGAN, GLUTEN FREE AND NO ARTIFICIAL COLORS: Good energy is a good choice. Our Better-for-you beverages are made vegan, gluten free and without artificial colors to ensure that our drinks and snacks support your beauty and wellness goals from the inside out",https://www.amazon.com/Alani-Nu-Caffeine-Vitamins-Calories/dp/B0CN3S8FXH/ref=sr_1_1?dib=eyJ2IjoiMSJ9.HMKeRJYOdRpmpPAO3SaPT3it_yKih9w1CrZLnVaz6G5wB-RPX54DFMUoraHe9mfeEHCVbENVSlWRspCx37Ys-KhZ3_OIqyHWSdW3AEYKEHBOgHCIqCjAIsLgrMr_03wkxkphpQD0yxy8PsFnkapE2-8kdjEp1zrf7fKj3B5EAsIPidAO-YP9u_LIyW9ZQ1r8zof1i9rrTosgScJO2Ym5AOfziIiyUWNxZiHvh7CrDdZFyVREwMQ55fhkE7iR3x5Ucu3Cd93AfSTxMlYaHBOaXOjm3Ip-IizYW5hqEXYoS8M.x-0sVGCjUjbiF30l4aR-wIq4jPfGALUrKMbAXLRpxSY&dib_tag=se&keywords=Alani+Nu+energy+drink&qid=1778705895&sr=8-1,2026-05-13 16:58:18
B0CQRTWDWM,Ghost energy drink,"C4 Performance Energy Drink, Grape Popsicle, Zero Sugar Carbonated Preworkout Energy, 200mg Caffeine with Beta Alanine, 16 Fl Oz (12 Pack) | Carbonated, Pre Workout, Performance Drink, no Artificial Colors, no Dyes",C4,19.98,4.6,1034.0,,"Grocery & Gourmet Food; Beverages; Bottled Beverages, Water & Drink Mixes; Energy Drinks","WARNING: C4 Performance Energy® is made for athletes. Whether you’re battling for rings or playing for pride, C4 Performance Energy® contains clinically studied ingredients that enhance performance at every stage of the game. Each can is powered by 200mg of caffeine and CarnoSyn® Beta-Alanine for explosive energy and enhanced endurance.* Side effects may include shattered PRs and total confidence that your product is free of sugar, artificial colors, and 290+ banned substances. Drink at your own risk of excellence.",NSF-CERTIFIED FOR SPORT: Tested and certified for professional and collegiate athletes | EXPLOSIVE ENERGY: Elevate energy and performance with 200mg of caffeine. | UNRIVALED FLAVORS: Enjoy an amazing variety of flavors guilt-free with zero sugar or artificial colors | ENHANCE ENDURANCE: Clinically studied CarnoSyn Beta-Alanine to fight fatigue and power muscular endurance. | BOOST PERFORMANCE: Clinically studied BetaPower to support muscle cell hydration and physical performance.,https://www.amazon.com/Popsicle-Carbonated-Workout-Performance-Artificial/dp/B0CQRTWDWM/ref=sr_1_9?dib=eyJ2IjoiMSJ9.34_qV_CobJN405BnzfNFv6Fq3KrZ3WhwEu_I--pwEDDqfNbTOwwLyu7QG7xf94BnSlsmOj4e8XEZzh3-CrgGpcb7bDEwkNSpsODmEuAUlxdDzspgbYt7hwBDArkCbKru406kZ0mG8NX1HydZ811uivoxNAC4Lg0AUw_pIexrbj62wM2K0TguMrdTH6blulnHaWjaxp4aYsQ8FA5RL8Ffo5doAuogO8_jgAXZltyYwQzRvDWuq_DjxS0Qe5PZFg7HGMkz3rL9z94o9IO_lIykvz6dWkG3l-norsz7w-1Nyxc.UAZO9HPBprhva9t_f2tsMMQ0vedYpSf9SBbIaCBlNxA&dib_tag=se&keywords=Ghost+energy+drink&qid=1778705735&rdc=1&sr=8-9,2026-05-13 16:55:39
B0CRHXVP3X,Celsius energy drink,"CELSIUS ESSENTIALS™ Sparkling Blue Crush, Sugar Free Performance Energy Drink, 16 Fl Oz (Pack of 12)",Celsius,22.48,4.7,962.0,,"Grocery & Gourmet Food; Beverages; Bottled Beverages, Water & Drink Mixes; Energy Drinks","CELSIUS ESSENTIALS™ is the ultimate energy drink line by CELSIUS®, formulated for the fitness enthusiasts looking to elevate their performance. Made with our proprietary MetaPlus® formula and three essential aminos, CELSIUS ESSENTIALS™ provides you with an unbeatable combination of ingredients that support your physical and cognitive performance. With a specially formulated lineup of bold flavors, CELSIUS ESSENTIALS™ is a game changer for those wanting to unlock their full potential and take their fitness journey to the next level. Every sip of Sparkling Blue Crush combines the sweet and tangy taste of ripe raspberries with a vibrant blue twist, offering a burst of fruity flavors that is unique, bold and energizing! Feel the surge of performance energy and experience the difference with CELSIUS ESSENTIALS™","Performance energy with 270mg of caffeine to help you LIVE FIT | Formulated for the fitness enthusiasts looking to elevate their performance | Made with premium, proven ingredients like three essential aminos | Unbeatable combination of ingredients that support your physical and cognitive performance | No Sugar",https://www.amazon.com/CELSIUS-ESSENTIALS-Sparkling-Performance-Energy/dp/B0CRHXVP3X/ref=sr_1_8?dib=eyJ2IjoiMSJ9.ZBUOAGcUat0F0uZl7_Z5halk4eUiEJPkTpgYAvnpiYzGpDmyA9882WZKnP8rRhEmslCkzcHFOxo3CgDPyl_T-BOrFwpHntt0n7rOYXjmNHKRDXtbeGNuqCcK0qoqyZTp0jyrS06WEs1D0fnWNzh_I05HRKjuLX9peOn2pcGhCv1xdx-ql9yoH3XUb9wOIATS-k4xtvvx93qDAJcV2jFmVBTxItcH_YqP2K2eSXZHredWI0ehzVpoj8Sr24-PZ4svAQ1Ol39bX-qNi-MHCqsq1pKqQDe0VMCiX68oaA5DnKc.ChVXn8dBxBH_3y3N7k4x7-JXGlYlcQ3CiIU2EfQyvoI&dib_tag=se&keywords=Celsius+energy+drink&qid=1778705575&sr=8-8,2026-05-13 16:52:59
B0CS2D278X,Alani Nu energy drink,"Spylt High Protein Max Chocolate Milk with 140mg Caffeine & 20g Protein - 90 Calories, Ready to Drink, Sugar Free, Lactose Free Milk, Perfect for Workout Recovery & Afternoon Pick Me Up - 12 Count",Spylt,39.99,4.2,396.0,,"Grocery & Gourmet Food; Beverages; Bottled Beverages, Water & Drink Mixes; Meal Replacement & Protein Drinks; Protein Drinks",,"CAFFEINATED PROTEIN BOOST: Chocolate milk with a giant caffeinated kick in the pants. With 140mg of liquid caffeine, and 20g of protein milk, SPYLT Max is your caffeinated compadre and AFTERNOON PICK ME UP! | POST WORKOUT PICK-ME-UP: Chug up first thing in the morning, post-workout, or afternoons when those eyelids get heavy. This high protein shake is keto friendly, low calorie, and perfect for sports nutrition and building healthy muscle. | FREAKING DELICIOUS: Rich, creamy and smooth, SPYLT Max has ZERO sugar, ZERO lactose, and is SHELF STABLE. How can no sugar chocolate milk taste so good? Science. Adults, teens, and athletes will love this freaking delicious protein shake! | CHILL IT, CRACK IT, CHUG IT: This caffeinated, high protein, lactose free milk is ready to drink. Chill it, crack it open, and chug it down! Who doesn’t love chocolate milk? If you don’t love it, then…let's not be ridiculous, you will love it! | CHOCOLATE MILK RUNS IN OUR VEINS: Wait not literally, that wouldn’t work. But yeah we love chocolate milk. We grew up on this stuff, we are no longer 12, but haven’t lost our taste buds. That's why we formulated an environmentally friendly, freaking delicious chocolate milk that's packed with a wide array of nutrients including vitamins, minerals, protein, healthy fats, and antioxidants.",https://www.amazon.com/sspa/click?ie=UTF8&spc=MToxNzM3NTQ2MTY2MjY2NTc3OjE3Nzg3MDU4OTU6c3BfbXRmOjMwMTA3NDkyNDMyMTkwMjo6MDo6&url=%2FSpylt-Max-Caffeinated-Chocolate-Milk%2Fdp%2FB0CS2D278X%2Fref%3Dsr_1_19_sspa%3Fdib%3DeyJ2IjoiMSJ9.HMKeRJYOdRpmpPAO3SaPT3it_yKih9w1CrZLnVaz6G5wB-RPX54DFMUoraHe9mfeEHCVbENVSlWRspCx37Ys-KhZ3_OIqyHWSdW3AEYKEHBOgHCIqCjAIsLgrMr_03wkxkphpQD0yxy8PsFnkapE2-8kdjEp1zrf7fKj3B5EAsIPidAO-YP9u_LIyW9ZQ1r8zof1i9rrTosgScJO2Ym5AOfziIiyUWNxZiHvh7CrDdZFyVREwMQ55fhkE7iR3x5Ucu3Cd93AfSTxMlYaHBOaXOjm3Ip-IizYW5hqEXYoS8M.x-0sVGCjUjbiF30l4aR-wIq4jPfGALUrKMbAXLRpxSY%26dib_tag%3Dse%26keywords%3DAlani%2BNu%2Benergy%2Bdrink%26qid%3D1778705895%26rdc%3D1%26sr%3D8-19-spons%26sp_csd%3Dd2lkZ2V0TmFtZT1zcF9tdGY%26psc%3D1,2026-05-13 16:58:18
B0CSQWZPBX,Celsius energy drink,"Liquid I.V. Hydration Multiplier Sugar-Free Variety Pack - Raspberry Melon, Lemon Lime, White Peach, Green Grape | Electrolyte Powder Drink Mix | 1 Pack (16 Servings)",Liquid I.V.,27.99,4.7,5140.0,,Grocery & Gourmet Food; Health & Household; Diet & Sports Nutrition; Sports Nutrition; Electrolyte Replacements,,"HYDRATION MIX: Hydration Multiplier Sugar-Free is a great-tasting, non-GMO and Keto Friendly electrolyte drink that delivers superior hydration than water alone. | GREAT TASTE: Sugar-Free White Peach - a blend of fresh fuzzy and candied peach flavors with subtle notes of nectarine and white floral. Sugar-Free Lemon Lime - a sweet and tart blend of lemon lime flavors with a candy citrus finish. Sugar-Free Raspberry Melon - a balanced sip of cantaloupe and candy raspberry notes for true-to-fruit flavor. Sugar-Free Green Grape - crisp notes of fresh, verdant grapes with subtle hints of pear flavor. | SCIENCE-BACKED FORMULA: Sugar-free hydration designed to work as hard as you do during the holiday rush, with 0 sugar and 0 artificial sweeteners and 3x the electrolytes of the leading sports drink. | EXTRAORDINARY HYDRATION: Hydration Multiplier Sugar-Free is made with our proprietary Amino Acid Allulose Blend. It has 3x the electrolytes of the leading sports drink, and 8 vitamins and nutrients. Gluten-free, soy-free, dairy-free, and no artificial colors. | CONVENIENCE: Single-serving, travel-friendly packets are easy to enjoy on the go. Pour one easy-to-open packet into 16 oz of water, mix or shake, and hydrate. | HYDRATION AID: Since 2015, we have donated over 55 million servings of Liquid I.V. to those in need around the globe, and donate over 1% of our revenue to our Impact programs.",https://www.amazon.com/sspa/click?ie=UTF8&spc=MTo0MzU1NDk1NjkwNjIyMjk1OjE3Nzg3MDU1NzU6c3BfYXRmOjMwMDI5Nzc0NDczODkwMjo6MDo6&url=%2FLiquid-I-V-%25C2%25AE-Hydration-Multiplier%25C2%25AE-Sugar%2Fdp%2FB0CSQWZPBX%2Fref%3Dsr_1_3_sspa%3Fdib%3DeyJ2IjoiMSJ9.ZBUOAGcUat0F0uZl7_Z5halk4eUiEJPkTpgYAvnpiYzGpDmyA9882WZKnP8rRhEmslCkzcHFOxo3CgDPyl_T-BOrFwpHntt0n7rOYXjmNHKRDXtbeGNuqCcK0qoqyZTp0jyrS06WEs1D0fnWNzh_I05HRKjuLX9peOn2pcGhCv1xdx-ql9yoH3XUb9wOIATS-k4xtvvx93qDAJcV2jFmVBTxItcH_YqP2K2eSXZHredWI0ehzVpoj8Sr24-PZ4svAQ1Ol39bX-qNi-MHCqsq1pKqQDe0VMCiX68oaA5DnKc.ChVXn8dBxBH_3y3N7k4x7-JXGlYlcQ3CiIU2EfQyvoI%26dib_tag%3Dse%26keywords%3DCelsius%2Benergy%2Bdrink%26qid%3D1778705575%26sr%3D8-3-spons%26sp_csd%3Dd2lkZ2V0TmFtZT1zcF9hdGY%26psc%3D1,2026-05-13 16:52:59
B0CTGP9PNB,Celsius energy drink,"CELSIUS ESSENTIALS™ Sparkling Dragonberry, Sugar Free Performance Energy Drink, 16 Fl Oz (Pack of 12)",Celsius,17.98,4.6,1103.0,,"Grocery & Gourmet Food; Beverages; Bottled Beverages, Water & Drink Mixes; Energy Drinks","CELSIUS ESSENTIALS™ is the ultimate energy drink line by CELSIUS®, formulated for the fitness enthusiasts looking to elevate their performance. Made with our proprietary MetaPlus® formula and three essential aminos, CELSIUS ESSENTIALS™ provides you with an unbeatable combination of ingredients that support your physical and cognitive performance. With a specially formulated lineup of bold flavors, CELSIUS ESSENTIALS™ is a game changer for those wanting to unlock their full potential and take their fitness journey to the next level. Capturing the luscious taste of strawberries combined with the exotic flavor of dragon fruit, Sparkling Dragonberry is an invigorating flavor experience that offers a delicious blend of fruity goodness! Feel the surge of performance energy and experience the difference with CELSIUS ESSENTIALS™","Performance energy with 270mg of caffeine to help you LIVE FIT | Formulated for the fitness enthusiasts looking to elevate their performance | Made with premium, proven ingredients like three essential aminos | Unbeatable combination of ingredients that support your physical and cognitive performance | No Sugar",https://www.amazon.com/CELSIUS-ESSENTIALS-Sparkling-Dragonberry-Performance/dp/B0CTGP9PNB/ref=sr_1_7?dib=eyJ2IjoiMSJ9.ZBUOAGcUat0F0uZl7_Z5halk4eUiEJPkTpgYAvnpiYzGpDmyA9882WZKnP8rRhEmslCkzcHFOxo3CgDPyl_T-BOrFwpHntt0n7rOYXjmNHKRDXtbeGNuqCcK0qoqyZTp0jyrS06WEs1D0fnWNzh_I05HRKjuLX9peOn2pcGhCv1xdx-ql9yoH3XUb9wOIATS-k4xtvvx93qDAJcV2jFmVBTxItcH_YqP2K2eSXZHredWI0ehzVpoj8Sr24-PZ4svAQ1Ol39bX-qNi-MHCqsq1pKqQDe0VMCiX68oaA5DnKc.ChVXn8dBxBH_3y3N7k4x7-JXGlYlcQ3CiIU2EfQyvoI&dib_tag=se&keywords=Celsius+energy+drink&qid=1778705575&sr=8-7,2026-05-13 16:52:59
B0CYDXTF5J,Alani Nu energy drink,"Alani Nu PINK SLUSH, Sugar Free, Low Calorie Energy Drinks, 200mg Caffeine, Biotin, B Vitamins, Zero Sugar, 10 Calories, 12 Fl Oz Cans, 12 Pack",Alani Nu,19.98,4.7,1374.0,,"Grocery & Gourmet Food; Beverages; Bottled Beverages, Water & Drink Mixes; Energy Drinks",,"FEEL GOOD ENERGY: Fuel your fun with Alani Nu Energy! Our best-selling, zero-sugar boost stars antioxidants, ginseng root, and 200mg of caffeine. Bold in flavor, low in calories, Alani helps you drink in the day—one delicious sip at a time. | BEAMING WITH B VITAMINS: Wave buh-bye to burnout! Our blend of B3, B5, B6, and B12 vitamins keeps you glowing strong—even on your busiest days. | REFRESHINGLY FUN FLAVORS: Just like you, our flavors are unapologetically bold! Sweet or tart, tropical or nostalgic—there's an Alani Nu for every vibe and every you. | ELEVATE EVERY MOMENT: From on-the-go boosts to self-care staples, Alani Nu brings vibrancy to all your daily routines with easy-to-love essentials in the delicious, low-sugar flavors of your dreams. | VEGAN, GLUTEN FREE AND NO ARTIFICIAL COLORS: Good energy is a good choice. Our Better-for-you beverages are made vegan, gluten free and without artificial colors to ensure that our drinks and snacks support your beauty and wellness goals from the inside out",https://www.amazon.com/Alani-Nu-Caffeine-Vitamins-Calories/dp/B0CYDXTF5J/ref=sr_1_5?dib=eyJ2IjoiMSJ9.HMKeRJYOdRpmpPAO3SaPT3it_yKih9w1CrZLnVaz6G5wB-RPX54DFMUoraHe9mfeEHCVbENVSlWRspCx37Ys-KhZ3_OIqyHWSdW3AEYKEHBOgHCIqCjAIsLgrMr_03wkxkphpQD0yxy8PsFnkapE2-8kdjEp1zrf7fKj3B5EAsIPidAO-YP9u_LIyW9ZQ1r8zof1i9rrTosgScJO2Ym5AOfziIiyUWNxZiHvh7CrDdZFyVREwMQ55fhkE7iR3x5Ucu3Cd93AfSTxMlYaHBOaXOjm3Ip-IizYW5hqEXYoS8M.x-0sVGCjUjbiF30l4aR-wIq4jPfGALUrKMbAXLRpxSY&dib_tag=se&keywords=Alani+Nu+energy+drink&qid=1778705895&sr=8-5,2026-05-13 16:58:18
B0CZ346ZC1,Ghost energy drink,Cellucor C4 Ultimate | Pre Workout Sugar Free Energy Drink Official Variety Pack | Tri-Stim Experience with 300mg Caffeine + TeaCrine + Dynamine | 16oz (Pack of 12),,27.99,4.5,302.0,,"Grocery & Gourmet Food; Beverages; Bottled Beverages, Water & Drink Mixes; Energy Drinks","C4 Ultimate Energy is NOT your traditional energy drink. It’s the ultimate, highly amped, supercharged, energy experience! Each can hits you with 300mg caffeine, TeaCrine®, and Dynamine™ for a tri-stim energy source that hits like it’s the first time, every time. C4 Ultimate Energy packs bold flavor with ZERO grams of sugar, artificial colors, dyes, or flavors. For the ultimate tri-stim experience, get supercharged with C4 Ultimate Energy™! Packaging May Vary.","[C4 SUGAR-FREE ENERGY DRINK] America's Pre-Workout Brand has been trusted since 2011 with over 2 billion servings sold | [TRI-STIM EXPERIENCE] - A triple threat of caffeine, TeaCrine, and Dynamine makes C4 Ultimate Energy hit like it’s the first time, every time. | [SUPERCHARGED ENERGY] - Each can of C4 Ultimate Energy is formulated with 300mg caffeine for a next-level, long-lasting energy experience. | [BOLD FLAVORS] Available in multiple delicious flavors and ZERO grams of sugar, artificial colors, dyes, or flavors. | [CLINICALLY STUDIED INGREDIENTS] - Dynamine is clinically studied with caffeine and TeaCrine for longer lasting energy.",https://www.amazon.com/sspa/click?ie=UTF8&spc=MTo1OTIxNzk3MzMxOTcwNjMzOjE3Nzg3MDU3MzU6c3BfbXRmOjMwMDI5NjA3MjQ4MTAwMjo6MDo6&url=%2FUltimate-Official-Tri-Stim-Experience-Caffeine%2Fdp%2FB0CZ346ZC1%2Fref%3Dsr_1_20_sspa%3Fdib%3DeyJ2IjoiMSJ9.34_qV_CobJN405BnzfNFv6Fq3KrZ3WhwEu_I--pwEDDqfNbTOwwLyu7QG7xf94BnSlsmOj4e8XEZzh3-CrgGpcb7bDEwkNSpsODmEuAUlxdDzspgbYt7hwBDArkCbKru406kZ0mG8NX1HydZ811uivoxNAC4Lg0AUw_pIexrbj62wM2K0TguMrdTH6blulnHaWjaxp4aYsQ8FA5RL8Ffo5doAuogO8_jgAXZltyYwQzRvDWuq_DjxS0Qe5PZFg7HGMkz3rL9z94o9IO_lIykvz6dWkG3l-norsz7w-1Nyxc.UAZO9HPBprhva9t_f2tsMMQ0vedYpSf9SBbIaCBlNxA%26dib_tag%3Dse%26keywords%3DGhost%2Benergy%2Bdrink%26qid%3D1778705735%26rdc%3D1%26sr%3D8-20-spons%26sp_csd%3Dd2lkZ2V0TmFtZT1zcF9tdGY%26psc%3D1,2026-05-13 16:55:39
B0D9NLF8Z3,Ghost energy drink,"GHOST Legend Pre-Workout Powder, Warheads Sour Watermelon - 30 Servings – Pre-Workout for Men & Women with Choline, L-Citrulline, & Beta Alanine for Energy & Focus",Ghost,44.99,4.5,2104.0,,"Health, Household & Baby Care; Health & Household; Diet & Sports Nutrition; Sports Nutrition; Pre-Workout; Powders",,"Vegan-Friendly Pump: GHOST Legend is formulated with L-Citrulline, one of the best pump ingredients on the market today. Pure L-Citrulline delivers even better pumps without the potential stomach discomfort…and since it’s vegan-fermented, GHOST Legend is Vegan Friendly!* | Epic Ingredients: Made with ingredients including Beta-Alanine and NeuroFactor, this premium and fully efficacious formula can offer some serious energy, pump, and focus support. | Total Transparency: All GHOST products feature a transparent label that fully discloses the dose of each active ingredient. Zero proprietary blends means you know what you’re getting in each and every scoop. GHOST Legend is vegan friendly, gluten free, soy free, and sugar free. | Be Seen: As a premium active lifestyle brand, GHOST is powering and empowering users to Be Seen beyond the walls of the gym. The name GHOST and mantra “Be Seen” come from that feeling of being behind the scenes and wanting to be heard, waiting to make an impact. We’re all ghosts. This is our time.",https://www.amazon.com/GHOST-Legend-Pre-Workout-Warheads-Watermelon/dp/B0D9NLF8Z3/ref=sr_1_16?dib=eyJ2IjoiMSJ9.34_qV_CobJN405BnzfNFv6Fq3KrZ3WhwEu_I--pwEDDqfNbTOwwLyu7QG7xf94BnSlsmOj4e8XEZzh3-CrgGpcb7bDEwkNSpsODmEuAUlxdDzspgbYt7hwBDArkCbKru406kZ0mG8NX1HydZ811uivoxNAC4Lg0AUw_pIexrbj62wM2K0TguMrdTH6blulnHaWjaxp4aYsQ8FA5RL8Ffo5doAuogO8_jgAXZltyYwQzRvDWuq_DjxS0Qe5PZFg7HGMkz3rL9z94o9IO_lIykvz6dWkG3l-norsz7w-1Nyxc.UAZO9HPBprhva9t_f2tsMMQ0vedYpSf9SBbIaCBlNxA&dib_tag=se&keywords=Ghost+energy+drink&qid=1778705735&rdc=1&sr=8-16,2026-05-13 16:55:39
B0DD1R3WCK,Alani Nu energy drink,"Alani Nu COSMIC STARDUST, Sugar Free, Low Calorie Energy Drinks, 200mg Caffeine, Biotin, B Vitamins, Zero Sugar, 10 Calories, 12 Fl Oz Cans, 24 Pack",Alani Nu,53.69,4.6,296.0,,"Grocery & Gourmet Food; Beverages; Bottled Beverages, Water & Drink Mixes; Energy Drinks",,"FEEL GOOD ENERGY: Fuel your fun with Alani Nu Energy! Our best-selling, zero-sugar boost stars antioxidants, ginseng root, and 200mg of caffeine. Bold in flavor, low in calories, Alani helps you drink in the day—one delicious sip at a time. | BEAMING WITH B VITAMINS: Wave buh-bye to burnout! Our blend of B3, B5, B6, and B12 vitamins keeps you glowing strong—even on your busiest days. | REFRESHINGLY FUN FLAVORS: Just like you, our flavors are unapologetically bold! Sweet or tart, tropical or nostalgic—there's an Alani Nu for every vibe and every you. | ELEVATE EVERY MOMENT: From on-the-go boosts to self-care staples, Alani Nu brings vibrancy to all your daily routines with easy-to-love essentials in the delicious, low-sugar flavors of your dreams. | VEGAN, GLUTEN FREE AND NO ARTIFICIAL COLORS: Good energy is a good choice. Our Better-for-you beverages are made vegan, gluten free and without artificial colors to ensure that our drinks and snacks support your beauty and wellness goals from the inside out",https://www.amazon.com/Alani-Nu-Stardust-Performance-Antioxidants/dp/B0DD1R3WCK/ref=sr_1_15?dib=eyJ2IjoiMSJ9.HMKeRJYOdRpmpPAO3SaPT3it_yKih9w1CrZLnVaz6G5wB-RPX54DFMUoraHe9mfeEHCVbENVSlWRspCx37Ys-KhZ3_OIqyHWSdW3AEYKEHBOgHCIqCjAIsLgrMr_03wkxkphpQD0yxy8PsFnkapE2-8kdjEp1zrf7fKj3B5EAsIPidAO-YP9u_LIyW9ZQ1r8zof1i9rrTosgScJO2Ym5AOfziIiyUWNxZiHvh7CrDdZFyVREwMQ55fhkE7iR3x5Ucu3Cd93AfSTxMlYaHBOaXOjm3Ip-IizYW5hqEXYoS8M.x-0sVGCjUjbiF30l4aR-wIq4jPfGALUrKMbAXLRpxSY&dib_tag=se&keywords=Alani+Nu+energy+drink&qid=1778705895&sr=8-15,2026-05-13 16:58:18
B0DF1L929C,Ghost energy drink,"GHOST Energy Drink - 12-Pack, Welch's Grape, 16oz Cans - Energy & Focus & No Artificial Colors - 200mg of Natural Caffeine, L-Carnitine & Taurine - Gluten-Free & Vegan",Ghost,29.99,4.6,13570.0,,"Grocery & Gourmet Food; Beverages; Bottled Beverages, Water & Drink Mixes; Energy Drinks",,"Feel Good Energy: GHOST Energy is the fully transparent, fully loaded energy drink we’ve all been waiting for. Authentic Flavors. Zero Sugars.* No BS. Authentic Welch’s “Grape” flavor. 12-pack case contains 16oz cans. Only intended for persons 18 years or older. *GHOST Energy is low in calories. | Legendary Energy: This drink contains 200mg of Natural Caffeine from coffee beans, which has been found anecdotally to deliver a smooth, feel-good energy with less jitters and no crash when compared to other forms of caffeine.* | Epic Focus*: GHOST Energy combines the nootropics of Carnipure L-Carnitine, Alpha-GPC, NeuroFactor, and AstraGin. | Total Transparency: All GHOST products feature a transparent label that fully discloses the dose of each active ingredient. Zero proprietary blends means you know what you’re getting in each and every sip. GHOST Energy is vegan friendly, gluten free, and contains zero sugars.* *GHOST Energy is low in calories. | Energy and Focus Combo: GHOST Energy is a full disclosure energy drink that delivers on efficacy and the info to ensure you know exactly what you're getting in every can. Combining 200mg of natural caffeine with nootropics to deliver a legendary combo of energy and focus.*",https://www.amazon.com/GHOST-Energy-Drink-Welchs-Grape-Caffeine/dp/B0DF1L929C/ref=sr_1_1?dib=eyJ2IjoiMSJ9.34_qV_CobJN405BnzfNFv6Fq3KrZ3WhwEu_I--pwEDDqfNbTOwwLyu7QG7xf94BnSlsmOj4e8XEZzh3-CrgGpcb7bDEwkNSpsODmEuAUlxdDzspgbYt7hwBDArkCbKru406kZ0mG8NX1HydZ811uivoxNAC4Lg0AUw_pIexrbj62wM2K0TguMrdTH6blulnHaWjaxp4aYsQ8FA5RL8Ffo5doAuogO8_jgAXZltyYwQzRvDWuq_DjxS0Qe5PZFg7HGMkz3rL9z94o9IO_lIykvz6dWkG3l-norsz7w-1Nyxc.UAZO9HPBprhva9t_f2tsMMQ0vedYpSf9SBbIaCBlNxA&dib_tag=se&keywords=Ghost+energy+drink&qid=1778705735&rdc=1&sr=8-1,2026-05-13 16:55:39
B0DFNHYD49,Ghost energy drink,"Bloom Nutrition Sparkling Energy Drink for Focus, Natural Caffeine, Zero Sugar, 180mg Caffeine, Antioxidant-Rich with Green Coffee Bean, Green Tea Extract, & Prebiotics, Raspberry Lemon 12oz 12 Pack",Bloom Nutrition,24.99,4.7,544.0,,"Grocery & Gourmet Food; Beverages; Bottled Beverages, Water & Drink Mixes; Energy Drinks",,"NATURAL ENERGY: Made with zero sugar and 180mg of natural caffeine from green coffee bean extract, each 10-calorie can of Bloom Sparkling Energy delivers the steady energy kick you crave — minus the crash. | BETTER-FOR-YOU INGREDIENTS: Bloom Sparkling Energy Drinks with prebiotics are thoughtfully made with lychee and green tea extracts for a boost of antioxidants and metabolism support. They’re vegan, gluten-free, and formulated to support your wellness journey at every step. | BUBBLING WITH FLAVOR: Bloom Nutrition is famous for flavor. Our refreshingly fizzy energy drinks feature delicious, fruit-forward flavor combinations that will make your mouth water — from sweet Strawberry Watermelon to tropical Peach Mango. No artificial flavors or colors and no aspartame, ever. | WELLNESS BENEFITS: Bloom Sparkling Energy doesn’t just taste good, it makes you feel good, too That’s all thanks to functional ingredients like l-theanine and ginseng, which promote mental focus to help you crush your workout goals and smash that mid-day slump. | FEMALE-FOUNDED: After co-founder Mari Llewellyn transformed her life through wellness and lost over 90 lbs, she was inspired to help women do the same. With that mindset, she created Bloom: high-quality, eective, and delicious wellness products to help women everywhere bloom into their best selves",https://www.amazon.com/sspa/click?ie=UTF8&spc=MTo1OTIxNzk3MzMxOTcwNjMzOjE3Nzg3MDU3MzU6c3BfbXRmOjMwMTI1MzU1MDE5NjgwMjo6MDo6&url=%2FBloom-Nutrition-Sparkling-Antioxidant-Rich-Prebiotics%2Fdp%2FB0DFNHYD49%2Fref%3Dsr_1_19_sspa%3Fdib%3DeyJ2IjoiMSJ9.34_qV_CobJN405BnzfNFv6Fq3KrZ3WhwEu_I--pwEDDqfNbTOwwLyu7QG7xf94BnSlsmOj4e8XEZzh3-CrgGpcb7bDEwkNSpsODmEuAUlxdDzspgbYt7hwBDArkCbKru406kZ0mG8NX1HydZ811uivoxNAC4Lg0AUw_pIexrbj62wM2K0TguMrdTH6blulnHaWjaxp4aYsQ8FA5RL8Ffo5doAuogO8_jgAXZltyYwQzRvDWuq_DjxS0Qe5PZFg7HGMkz3rL9z94o9IO_lIykvz6dWkG3l-norsz7w-1Nyxc.UAZO9HPBprhva9t_f2tsMMQ0vedYpSf9SBbIaCBlNxA%26dib_tag%3Dse%26keywords%3DGhost%2Benergy%2Bdrink%26qid%3D1778705735%26sr%3D8-19-spons%26sp_csd%3Dd2lkZ2V0TmFtZT1zcF9tdGY%26psc%3D1,2026-05-13 16:55:39
B0DFNM6NVQ,Celsius energy drink,"Bloom Nutrition Sparkling Energy Drink - Variety Pack - Natural Caffeine, Zero Sugar, 180mg Caffeine - Antioxidant-Rich with Green Coffee Bean, Green Tea Extract, Prebiotics - 12oz 12 Pack",Bloom Nutrition,23.59,4.7,2831.0,,"Health, Household & Baby Care; Grocery & Gourmet Food; Beverages; Bottled Beverages, Water & Drink Mixes; Energy Drinks",,"NATURAL ENERGY: Made with zero sugar and 180mg of natural caffeine from green coffee bean extract, each 10-calorie can of Bloom Sparkling Energy delivers the steady energy kick you crave — minus the crash. | BETTER-FOR-YOU INGREDIENTS: Bloom Sparkling Energy Drinks with prebiotics are thoughtfully made with lychee and green tea extracts for a boost of antioxidants and metabolism support. They’re vegan, gluten-free, and formulated to support your wellness journey at every step. | BUBBLING WITH FLAVOR: Bloom Nutrition is famous for flavor. Our refreshingly fizzy energy drinks feature delicious, fruit-forward flavor combinations that will make your mouth water — from sweet Strawberry Watermelon to tropical Peach Mango. No artificial flavors or colors and no aspartame, ever. | WELLNESS BENEFITS: Bloom Sparkling Energy doesn’t just taste good, it makes you feel good, too That’s all thanks to functional ingredients like l-theanine and ginseng, which promote mental focus to help you crush your workout goals and smash that mid-day slump. | FEMALE-FOUNDED: After co-founder Mari Llewellyn transformed her life through wellness and lost over 90 lbs, she was inspired to help women do the same. With that mindset, she created Bloom: high-quality, eective, and delicious wellness products to help women everywhere bloom into their best selves",https://www.amazon.com/sspa/click?ie=UTF8&spc=MTo0MzU1NDk1NjkwNjIyMjk1OjE3Nzg3MDU1NzU6c3BfbXRmOjMwMDg0NTgxOTk4NzMwMjo6MDo6&url=%2FBloom-Nutrition-Sparkling-Energy-Drink%2Fdp%2FB0DFNM6NVQ%2Fref%3Dsr_1_11_sspa%3Fdib%3DeyJ2IjoiMSJ9.ZBUOAGcUat0F0uZl7_Z5halk4eUiEJPkTpgYAvnpiYzGpDmyA9882WZKnP8rRhEmslCkzcHFOxo3CgDPyl_T-BOrFwpHntt0n7rOYXjmNHKRDXtbeGNuqCcK0qoqyZTp0jyrS06WEs1D0fnWNzh_I05HRKjuLX9peOn2pcGhCv1xdx-ql9yoH3XUb9wOIATS-k4xtvvx93qDAJcV2jFmVBTxItcH_YqP2K2eSXZHredWI0ehzVpoj8Sr24-PZ4svAQ1Ol39bX-qNi-MHCqsq1pKqQDe0VMCiX68oaA5DnKc.ChVXn8dBxBH_3y3N7k4x7-JXGlYlcQ3CiIU2EfQyvoI%26dib_tag%3Dse%26keywords%3DCelsius%2Benergy%2Bdrink%26qid%3D1778705575%26sr%3D8-11-spons%26sp_csd%3Dd2lkZ2V0TmFtZT1zcF9tdGY%26psc%3D1,2026-05-13 16:52:59
B0DK6116J5,Alani Nu energy drink,"Alani Nu CHERRY TWIST Energy Sticks, Energy Drink Powder, 200mg Caffeine, Pre Workout Performance with Antioxidants, On-The-Go Drink Mix, Biotin, B Vitamins, Zero Sugar, 5-10 Calories, 10 Pack",Alani Nu,9.81,4.7,678.0,,"Grocery & Gourmet Food; Beverages; Bottled Beverages, Water & Drink Mixes; Energy Drinks","Founded in 2018 by entrepreneur and influencer, Katy Hearn, Alani Nu is a better-for-you health and wellness brand focused on providing low-calorie products with unique flavors. The bottom line is that our entire mission is to help you succeed. Whether you want to hit your last rep, hold your next handstand, or balance your hormones, we want to be beside you. That’s why we’ve worked so hard to create a company you can communicate with and to produce wellness and fitness products you can trust.","ON-THE-GO ENERGY: Need energy in a pinch? Refresh and reset with our best-selling Alani Energy Stick Packets, no can required – available in our most popular energy drink flavors. Each stick serves up 200mg of caffeine and bold flavor – all for 10 calories or less and 0g of sugar! | B VITAMINS: Rethink your energy powder. Alani Nu packs each stick packet with 200mg of caffeine with vitamins B5, B6 and B12 to support functional systems in our bodies and provide natural energy. Biotin is added to provide a natural glow and steady boost of energy all day long. Alani Nu Energy is packed with nutrients you need and none of the fillers you don't | CRAVABLE FLAVORS: Don't wait for cheat day! Our energy drink powder sticks feature your favorite flavors, all without the hefty calories or guilt – Each stick is 10 Calories or less and can easily transform water into a more refreshing drinking experience to give you the boost you need without any sugar! | VEGAN, GLUTEN FREE AND NO ARTIFICAL COLORS: Good energy is a good choice. Our Better-for-you beverages are made vegan, gluten free and without artificial colors to ensure that Alani Nu Energy Sticks support your beauty and wellness goals from the inside out | ALANI ENERGY STICKS: Here for your taste buds – Alani Nu was founded in 2018 by entrepreneur and influencer, Katy Hearn, Alani Nu is a health and wellness brand focused on providing low-calorie products with unique flavors. Check out everything else from Alani Nu and follow us through our brand store to stay up to date on all things Alani! Alani Energy is not recommended for Children, People Sensitive to Caffeine, Pregnant Women or Women Nursing.",https://www.amazon.com/Alani-Nu-Caffeine-Performance-Antioxidants/dp/B0DK6116J5/ref=sr_1_17?dib=eyJ2IjoiMSJ9.HMKeRJYOdRpmpPAO3SaPT3it_yKih9w1CrZLnVaz6G5wB-RPX54DFMUoraHe9mfeEHCVbENVSlWRspCx37Ys-KhZ3_OIqyHWSdW3AEYKEHBOgHCIqCjAIsLgrMr_03wkxkphpQD0yxy8PsFnkapE2-8kdjEp1zrf7fKj3B5EAsIPidAO-YP9u_LIyW9ZQ1r8zof1i9rrTosgScJO2Ym5AOfziIiyUWNxZiHvh7CrDdZFyVREwMQ55fhkE7iR3x5Ucu3Cd93AfSTxMlYaHBOaXOjm3Ip-IizYW5hqEXYoS8M.x-0sVGCjUjbiF30l4aR-wIq4jPfGALUrKMbAXLRpxSY&dib_tag=se&keywords=Alani+Nu+energy+drink&qid=1778705895&sr=8-17,2026-05-13 16:58:18
B0DK6491TM,Alani Nu energy drink,"Alani Nu PINK SLUSH Energy Sticks, Energy Drink Powder, 200mg Caffeine, Pre Workout Performance with Antioxidants, On-The-Go Drink Mix, Biotin, B Vitamins, Zero Sugar, 5-10 Calories, 10 Pack",Alani Nu,9.98,4.5,476.0,,"Grocery & Gourmet Food; Beverages; Bottled Beverages, Water & Drink Mixes; Energy Drinks","Founded in 2018 by entrepreneur and influencer, Katy Hearn, Alani Nu is a better-for-you health and wellness brand focused on providing low-calorie products with unique flavors. The bottom line is that our entire mission is to help you succeed. Whether you want to hit your last rep, hold your next handstand, or balance your hormones, we want to be beside you. That’s why we’ve worked so hard to create a company you can communicate with and to produce wellness and fitness products you can trust.","ON-THE-GO ENERGY: Need energy in a pinch? Refresh and reset with our best-selling Alani Energy Stick Packets, no can required – available in our most popular energy drink flavors. Each stick serves up 200mg of caffeine and bold flavor – all for 10 calories or less and 0g of sugar! | B VITAMINS: Rethink your energy powder. Alani Nu packs each stick packet with 200mg of caffeine with vitamins B5, B6 and B12 to support functional systems in our bodies and provide natural energy. Biotin is added to provide a natural glow and steady boost of energy all day long. Alani Nu Energy is packed with nutrients you need and none of the fillers you don't | CRAVABLE FLAVORS: Don't wait for cheat day! Our energy drink powder sticks feature your favorite flavors, all without the hefty calories or guilt – Each stick is 10 Calories or less and can easily transform water into a more refreshing drinking experience to give you the boost you need without any sugar! | VEGAN, GLUTEN FREE AND NO ARTIFICAL COLORS: Good energy is a good choice. Our Better-for-you beverages are made vegan, gluten free and without artificial colors to ensure that Alani Nu Energy Sticks support your beauty and wellness goals from the inside out | ALANI ENERGY STICKS: Here for your taste buds – Alani Nu was founded in 2018 by entrepreneur and influencer, Katy Hearn, Alani Nu is a health and wellness brand focused on providing low-calorie products with unique flavors. Check out everything else from Alani Nu and follow us through our brand store to stay up to date on all things Alani! Alani Energy is not recommended for Children, People Sensitive to Caffeine, Pregnant Women or Women Nursing.",https://www.amazon.com/Alani-Nu-Caffeine-Performance-Antioxidants/dp/B0DK6491TM/ref=sr_1_18?dib=eyJ2IjoiMSJ9.HMKeRJYOdRpmpPAO3SaPT3it_yKih9w1CrZLnVaz6G5wB-RPX54DFMUoraHe9mfeEHCVbENVSlWRspCx37Ys-KhZ3_OIqyHWSdW3AEYKEHBOgHCIqCjAIsLgrMr_03wkxkphpQD0yxy8PsFnkapE2-8kdjEp1zrf7fKj3B5EAsIPidAO-YP9u_LIyW9ZQ1r8zof1i9rrTosgScJO2Ym5AOfziIiyUWNxZiHvh7CrDdZFyVREwMQ55fhkE7iR3x5Ucu3Cd93AfSTxMlYaHBOaXOjm3Ip-IizYW5hqEXYoS8M.x-0sVGCjUjbiF30l4aR-wIq4jPfGALUrKMbAXLRpxSY&dib_tag=se&keywords=Alani+Nu+energy+drink&qid=1778705895&sr=8-18,2026-05-13 16:58:18
B0DNNCRDP2,Alani Nu energy drink,Liquid I.V. Hydration Multiplier Sugar Free + Energy - Pomegranate Punch | Electrolyte Powder Drink Mix | 1 Pack (14 Servings),Liquid I.V.,24.99,4.4,89.0,,Grocery & Gourmet Food; Health & Household; Diet & Sports Nutrition; Sports Nutrition; Electrolyte Replacements,,"NEW PRODUCT LAUNCH: A whole new energy is here. ENERGY MULTIPLIER SUGAR-FREE is a non-GMO hydration-first energy mix, scientifically formulated for hydrating, balanced energy without the jitters. | BALANCED, JITTER-FREE ENERGY: Our scientifically tested formula combines 100mg natural caffeine with L-theanine for a balanced lift. Vitamins B3, B5, B6 and B12 support cellular energy. It’s zero sugar, zero crash, and contains no artificial sweeteners and colors. | FORMULATED HYDRATION-FIRST: Most energy drinks are stimulant-led or sugar-loaded, which can leave you with the ick. ENERGY MULTIPLIER SUGAR-FREE is made with 3x the electrolytes of the leading sports drink so you can hydrate as you energize. | EVERYDAY OCCASIONS: Use to sharpen focus, overcome slumps, support workouts, fuel travel, or prep for a night out. | CONVENIENCE: Single-serving, travel-friendly packets are easy to enjoy on the go. Pour one easy-to-open packet into 16 oz of water, mix or shake, and hydrate. | HYDRATION AID: Since 2015, we have donated over 55 million servings of Liquid I.V. to those in need around the globe, and donate over 1% of our revenue to our Impact programs.",https://www.amazon.com/sspa/click?ie=UTF8&spc=MToxNzM3NTQ2MTY2MjY2NTc3OjE3Nzg3MDU4OTU6c3BfYXRmOjMwMTI2NjQ4MDM4NDUwMjo6MDo6&url=%2FLiquid-I-V-%25C2%25AE-Hydration-Multiplier-Energy%2Fdp%2FB0DNNCRDP2%2Fref%3Dsr_1_2_sspa%3Fdib%3DeyJ2IjoiMSJ9.HMKeRJYOdRpmpPAO3SaPT3it_yKih9w1CrZLnVaz6G5wB-RPX54DFMUoraHe9mfeEHCVbENVSlWRspCx37Ys-KhZ3_OIqyHWSdW3AEYKEHBOgHCIqCjAIsLgrMr_03wkxkphpQD0yxy8PsFnkapE2-8kdjEp1zrf7fKj3B5EAsIPidAO-YP9u_LIyW9ZQ1r8zof1i9rrTosgScJO2Ym5AOfziIiyUWNxZiHvh7CrDdZFyVREwMQ55fhkE7iR3x5Ucu3Cd93AfSTxMlYaHBOaXOjm3Ip-IizYW5hqEXYoS8M.x-0sVGCjUjbiF30l4aR-wIq4jPfGALUrKMbAXLRpxSY%26dib_tag%3Dse%26keywords%3DAlani%2BNu%2Benergy%2Bdrink%26qid%3D1778705895%26sr%3D8-2-spons%26sp_csd%3Dd2lkZ2V0TmFtZT1zcF9hdGY%26psc%3D1,2026-05-13 16:58:18
B0DPY3CYY9,Celsius energy drink,"BUM Sugar-Free Energy Drink, Grape - Lightly Carbonated & No Artificial Colors, Natural Caffeine & Citicoline for Energy & Focus, Brain Boost & Workout Sports Beverage - 12 oz, Pack of 12",,29.99,4.4,74.0,,"Grocery & Gourmet Food; Beverages; Bottled Beverages, Water & Drink Mixes; Energy Drinks",,"Grape Bum Energy Drink: Crack open a can of Bum Energy and channel your untapped potential. Made with stimulating natural caffeine and brain-boosting Cognizin, a dynamic duo that will deliver clean energy and sharpened focus. 12-pack of 12-oz cans. | Vibrant, Nostalgic, Juicy Flavor: Kickstart a whole new level of creativity and productivity as you pursue your passions with Grape Bum Energy. It's the perfect flavor to refresh and revitalize your body and mind. | Set a New Standard: We’re here to power up the authentic, the ambitious, and the aspiring. Cognizin will help you dial in your focus and keep you locked in while the same amount of Caffeine as a 12oz cup of coffee will stimulate your mind to keep you moving forward. | Keep It Clean: Leave the drinks that contain a laundry list of ingredients in the past. Bum Energy contains just two simple ingredients, 112mg of Caffeine & 250mg of Cognizin. Made with zero sugar and no artificial colors, every sip unlocks pure, untapped potential. | Energy For All: Whether you’re a student, an athlete, an entrepreneur, or just someone who wants to take life by the horns, Bum Energy is here to help you keep moving forward as you live life to the fullest. Be bold and leave your inner bum behind.",https://www.amazon.com/sspa/click?ie=UTF8&spc=MTo0MzU1NDk1NjkwNjIyMjk1OjE3Nzg3MDU1NzU6c3BfbXRmOjMwMTA2MDI2ODAwMzAwMjo6MDo6&url=%2FBUM-Sugar-Free-Energy-Drink-Natural-Focus%2Fdp%2FB0DPY3CYY9%2Fref%3Dsr_1_20_sspa%3Fdib%3DeyJ2IjoiMSJ9.ZBUOAGcUat0F0uZl7_Z5halk4eUiEJPkTpgYAvnpiYzGpDmyA9882WZKnP8rRhEmslCkzcHFOxo3CgDPyl_T-BOrFwpHntt0n7rOYXjmNHKRDXtbeGNuqCcK0qoqyZTp0jyrS06WEs1D0fnWNzh_I05HRKjuLX9peOn2pcGhCv1xdx-ql9yoH3XUb9wOIATS-k4xtvvx93qDAJcV2jFmVBTxItcH_YqP2K2eSXZHredWI0ehzVpoj8Sr24-PZ4svAQ1Ol39bX-qNi-MHCqsq1pKqQDe0VMCiX68oaA5DnKc.ChVXn8dBxBH_3y3N7k4x7-JXGlYlcQ3CiIU2EfQyvoI%26dib_tag%3Dse%26keywords%3DCelsius%2Benergy%2Bdrink%26qid%3D1778705575%26sr%3D8-20-spons%26sp_csd%3Dd2lkZ2V0TmFtZT1zcF9tdGY%26psc%3D1%26smid%3DA39E5AO49GDP42,2026-05-13 16:52:59
B0DQ6R3VX5,Ghost energy drink,"PRIME Energy CHERRY LIMEADE, Zero Sugar Energy Drink, 200mg Caffeine and 355mg of Electrolytes for Hydration, Vegan, Gluten Free,16 Fluid Ounce, 12 Pack",,19.98,4.2,290.0,,"Grocery & Gourmet Food; Beverages; Bottled Beverages, Water & Drink Mixes; Energy Drinks","Founded by social media superstars and entrepreneurs Logan Paul and KSI, PRIME is a better-for-you beverage brand focused on providing fuel for any lifestyle or endeavor. PRIME was developed to fill the void where great taste meets function, with bold flavors and functional formulas to help you refresh, replenish and refuel. Launched to fuel every moment, PRIME Energy delivers 200mg of caffeine, zero sugar, 15 calories or less, and 355mg electrolytes in every 16 fl oz can, crafted with bold flavors for lasting energy. For ages 18+ only. Energy Callouts: Zero Sugar · 15 Calories or Less · 355mg+ Electrolytes · 200mg Caffeine · Vegan","FUNCTIONAL ENERGY DRINK: PRIME was designed to deliver great-tasting Hydration and Energy drinks that fuel every lifestyle. PRIME Energy contains zero sugar, only 15 calories or less, and 355mg of electrolytes to give you all the benefits of a traditional energy drink without the crash or jitters. | HYDRATE WITH ELECTROLYTES: 355mg of electrolytes and vitamins B12 and B6 provide the ultimate natural boost for workouts, games, late nights, and anything in between. | NO ARTIFICIAL COLORS OR FLAVORS: PRIME Energy delivers clean, effective, sugar free energy with 200mg of caffeine, no artificial colors, or gluten, perfect for the gym or on the go. | ICONIC FLAVORS, LEGENDARY RECOVERY: With bold, all-natural flavors, PRIME delivers a thirst-quenching boost that turns every flavor into a staple in your beverage rotation. Cherry Limeade fuses tart cherry with tangy lime for a high-voltage burst. | PRIME ENERGY: PRIME Energy combines the ingredients you want with the flavors you love to energize you with every sip. PRIME Energy cans provide a caffeine boost, where PRIME Hydration bottles are a hydration sports drink with no caffeine. PRIME Energy is not suitable for children, those sensitive to caffeine, and pregnant or nursing individuals.",https://www.amazon.com/PRIME-LIMEADE-Caffeine-Electrolytes-Hydration/dp/B0DQ6R3VX5/ref=sr_1_18?dib=eyJ2IjoiMSJ9.34_qV_CobJN405BnzfNFv6Fq3KrZ3WhwEu_I--pwEDDqfNbTOwwLyu7QG7xf94BnSlsmOj4e8XEZzh3-CrgGpcb7bDEwkNSpsODmEuAUlxdDzspgbYt7hwBDArkCbKru406kZ0mG8NX1HydZ811uivoxNAC4Lg0AUw_pIexrbj62wM2K0TguMrdTH6blulnHaWjaxp4aYsQ8FA5RL8Ffo5doAuogO8_jgAXZltyYwQzRvDWuq_DjxS0Qe5PZFg7HGMkz3rL9z94o9IO_lIykvz6dWkG3l-norsz7w-1Nyxc.UAZO9HPBprhva9t_f2tsMMQ0vedYpSf9SBbIaCBlNxA&dib_tag=se&keywords=Ghost+energy+drink&qid=1778705735&sr=8-18,2026-05-13 16:55:39
B0DSGP2GML,Monster energy drink,"Monster Energy Juice Viking Berry, Energy Drink, 16 Ounce | Energy + Juice, Pack of 15",Monster,31.48,4.8,1023.0,,"Grocery & Gourmet Food; Beverages; Bottled Beverages, Water & Drink Mixes; Energy Drinks","The Vikings were valiant warriors who loved a good drink! They saved the very best of what they gathered, grew, bartered, and pillaged for their celebratory feasts. Inspired by wild Nordic berries and Scandinavian fruit comes Juice Monster Viking Berry. Like nothing you've ever tasted, Viking Berry blends real fruit juices and exotic flavors for a whole new taste experience. Loaded with our world-famous Monster energy blend to power you through your next adventure. Grab your drinking horn and take a swig, skol!","Inspired by wild Nordic berries and Scandinavian fruit comes Juice Monster Viking Berry. | Like nothing you’ve ever tasted, Viking Berry blends real fruit juices and exotic flavors for a whole new taste experience. | Loaded with our world-famous Monster energy blend to power you through your next adventure. | Packaging May Vary",https://www.amazon.com/Monster-Energy-Juice-Viking-Berry/dp/B0DSGP2GML/ref=sr_1_12?dib=eyJ2IjoiMSJ9.-uoloj3tVAf5xFumxrzE6Okrj9UqWggFE6e7ioi6MSHDfxHCWUKBNWyQptlmWCadtLkDtLtMgKWI_U4kHTXdOv00w1OJ5Gb3XTSWkV8Ff26Ay0ZNsgYNeHSalAc47tROLHLrO2NWjNeB43D7FN4Fzm2Z31Npuxj5gO7akYA4bDqw09wzAGrvRHBiGuPiHWuS489EUw8TjTedYuu7epGNZvQExHZnIKzOxlETV455QJwZt5T3k8BfOglxx5xO70sCrXPeKTu5dYspy12v_8bLU86XwICDPc-zMeRE630iimY.xf6n_Gj2ZV-igSUKE59cYBHVQykF-NwV3-o2n4_YBz4&dib_tag=se&keywords=Monster+energy+drink&qid=1778706044&sr=8-12,2026-05-13 17:00:47
B0DSGRDCHY,Monster energy drink,"Monster Energy Ultra Blue Hawaiian, Sugar Free Energy Drink, 16 Ounce | Pack of 15",Monster,31.48,4.8,1300.0,,,,,https://www.amazon.com/Monster-Energy-Ultra-Hawaiian-Sugar/dp/B0DSGRDCHY/ref=sr_1_18?dib=eyJ2IjoiMSJ9.-uoloj3tVAf5xFumxrzE6Okrj9UqWggFE6e7ioi6MSHDfxHCWUKBNWyQptlmWCadtLkDtLtMgKWI_U4kHTXdOv00w1OJ5Gb3XTSWkV8Ff26Ay0ZNsgYNeHSalAc47tROLHLrO2NWjNeB43D7FN4Fzm2Z31Npuxj5gO7akYA4bDqw09wzAGrvRHBiGuPiHWuS489EUw8TjTedYuu7epGNZvQExHZnIKzOxlETV455QJwZt5T3k8BfOglxx5xO70sCrXPeKTu5dYspy12v_8bLU86XwICDPc-zMeRE630iimY.xf6n_Gj2ZV-igSUKE59cYBHVQykF-NwV3-o2n4_YBz4&dib_tag=se&keywords=Monster+energy+drink&qid=1778706044&sr=8-18,2026-05-13 17:00:47
B0DTLYVG3Y,Alani Nu energy drink,"Alani Nu STRAWBERRY SUNRISE Sugar Free, Low Calorie Energy Drinks, 200mg Caffeine, Biotin B Vitamins, Zero Sugar, 10 Calories, 12 Fl Oz Cans, 12 Pack",Alani Nu,29.99,4.7,430.0,,"Grocery & Gourmet Food; Beverages; Bottled Beverages, Water & Drink Mixes; Energy Drinks","Tired of sacrificing fun for function? Perk up, bestie! Sip on the sunny side with Alani Nu Energy—a feel-good, taste-good boost that shines just as bright as you. Each 12oz pick-me-up serves up B vitamins, 200mg of caffeine, and 0g of sugar for a crash-free, guilt-free refresh. Alani Energy is also gluten-free, vegan, and just 5-15 calories—because we dive deep when it comes to wellness! But the flavor? Beyond iconic. Our vivid range of nostalgic combos take you back and sweeten the now. With a burst of joy and a taste of escapism, we're here to power your routines, your dreams—your entire world. Ready to enter your Alani era? You deserve this sip!","FEEL GOOD ENERGY: Fuel your fun with Alani Nu Energy! Our best-selling, zero-sugar boost stars antioxidants, ginseng root, and 200mg of caffeine. Bold in flavor, low in calories, Alani helps you drink in the day—one delicious sip at a time. | BEAMING WITH B VITAMINS: Wave buh-bye to burnout! Our blend of B3, B5, B6, and B12 vitamins keeps you glowing strong—even on your busiest days. | REFRESHINGLY FUN FLAVORS: Just like you, our flavors are unapologetically bold! Sweet or tart, tropical or nostalgic—there's an Alani Nu for every vibe and every you. | ELEVATE EVERY MOMENT: From on-the-go boosts to self-care staples, Alani Nu brings vibrancy to all your daily routines with easy-to-love essentials in the delicious, low-sugar flavors of your dreams. | VEGAN, GLUTEN FREE AND NO ARTIFICIAL COLORS: Good energy is a good choice. Our Better-for-you beverages are made vegan, gluten free and without artificial colors to ensure that our drinks and snacks support your beauty and wellness goals from the inside out",https://www.amazon.com/Alani-Nu-STRAWBERRY-Caffeine-Vitamins/dp/B0DTLYVG3Y/ref=sr_1_8?dib=eyJ2IjoiMSJ9.HMKeRJYOdRpmpPAO3SaPT3it_yKih9w1CrZLnVaz6G5wB-RPX54DFMUoraHe9mfeEHCVbENVSlWRspCx37Ys-KhZ3_OIqyHWSdW3AEYKEHBOgHCIqCjAIsLgrMr_03wkxkphpQD0yxy8PsFnkapE2-8kdjEp1zrf7fKj3B5EAsIPidAO-YP9u_LIyW9ZQ1r8zof1i9rrTosgScJO2Ym5AOfziIiyUWNxZiHvh7CrDdZFyVREwMQ55fhkE7iR3x5Ucu3Cd93AfSTxMlYaHBOaXOjm3Ip-IizYW5hqEXYoS8M.x-0sVGCjUjbiF30l4aR-wIq4jPfGALUrKMbAXLRpxSY&dib_tag=se&keywords=Alani+Nu+energy+drink&qid=1778705895&sr=8-8,2026-05-13 16:58:18
B0DWCX9R49,Monster energy drink,"Monster Energy Ultra Variety Pack, Blue Hawaiian, Ultra Vice Guava, Ultra Fantasy Ruby Red, Sugar Free Energy Drink, 16 Ounce Can (Pack of 15)",Monster,31.48,4.8,1582.0,,"Grocery & Gourmet Food; Beverages; Bottled Beverages, Water & Drink Mixes; Energy Drinks","Monster Energy Ultra - Zero Sugar, Full Flavor. A light, crisp, and refreshing guava flavor all on its own, Ultra Vice Guava is great for any occasion. Light, crisp, and super easy drinking with a tropical tiki twist, Ultra Blue Hawaiian is a killer combo of exotic island fruit flavors that are big on taste. Juicy, ruby red grapefruit flavor combined with the Monster Energy blend from our secret stash, everyone from boomers to zoomers is down with Ultra Fantasy Ruby Red.","FULL FLAVOR, ZERO SUGAR | This variety pack features three of Monster Energy Ultra's hottest flavors that are all zero sugar but packed with full flavor. | REFRESHING TASTE | Ultra Blue Hawaiian, Ultra Vice Guava, and Ultra Fantasy Ruby Red are the perfect assortment of light, easy-drinking flavors for any occasion. | UNLEASH THE ULTRA BEAST | Each 16oz can features our world-famous Monster Energy blend that provides 150mg of caffeine at only 10 calories. | STOCK UP WITH A 15 PACK | For those looking for a Monster that’s lighter tasting, has zero sugar, and contains the full Monster Energy blend, this variety pack is available in a convenient pack of 15, featuring three Monster Energy Ultra flavors. | Product labels may vary from those pictured. | Packaging may vary.",https://www.amazon.com/Monster-Energy-Variety-Hawaiian-Fantasy/dp/B0DWCX9R49/ref=sr_1_7?dib=eyJ2IjoiMSJ9.-uoloj3tVAf5xFumxrzE6Okrj9UqWggFE6e7ioi6MSHDfxHCWUKBNWyQptlmWCadtLkDtLtMgKWI_U4kHTXdOv00w1OJ5Gb3XTSWkV8Ff26Ay0ZNsgYNeHSalAc47tROLHLrO2NWjNeB43D7FN4Fzm2Z31Npuxj5gO7akYA4bDqw09wzAGrvRHBiGuPiHWuS489EUw8TjTedYuu7epGNZvQExHZnIKzOxlETV455QJwZt5T3k8BfOglxx5xO70sCrXPeKTu5dYspy12v_8bLU86XwICDPc-zMeRE630iimY.xf6n_Gj2ZV-igSUKE59cYBHVQykF-NwV3-o2n4_YBz4&dib_tag=se&keywords=Monster+energy+drink&qid=1778706044&sr=8-7,2026-05-13 17:00:47
B0DWQC12R5,Alani Nu energy drink,"Alani Nu VARIETY PACK (CHERRY SLUSH, JUICY PEACH, ORANGE KISS), Low Calorie Energy Drinks, 100mg Caffeine, Biotin, B Vitamins, Zero Sugar, 10 Calories or Less, 8 Fl Oz Cans, 12 Pack",Alani Nu,17.98,4.7,1630.0,,"Grocery & Gourmet Food; Beverages; Bottled Beverages, Water & Drink Mixes; Energy Drinks","Squeeze the most out of every little moment with Alani Nu Mini Energy—a tiny but mighty twist on our best-selling, zero-sugar boost. Each 8.4oz can contains 100mg of caffeine—half the kick of our 12oz Energy Drinks and perfect for when you're craving a lighter lift. We're big on better-for-you, so every can is sugar-free, gluten-free, vegan, and just 5-10 calories. We also added a splash of B vitamins to keep you feelin' charged while you're livin' large. And the taste? Just as juicy as ever! From Orange Kiss to Cherry Slush, Mini Energy serves up major waves of refreshingly fun flavor. Live a little and find your fav today!","MINI ENERGY, MAJOR VIBES: Our best-selling, zero-sugar boost now comes in a fun-sized can! Half the caff, half the cals, but double the cute, Alani Nu Mini Energy serves up 100mg of caffeine per can—just enough to put a little pep in your step! | BIG ON B VITAMINS: Tiny but mighty, Mini Energy is also beaming with B3, B5, B6, and B12. These essential vitamins help naturally spark steady energy so you can glow on the go. | NEVER SHORT ON FUN FLAVORS: We squeeze all your fav flavors into our palm-sized pick-me-ups. Sweet or tart, tropical or nostalgic—there's an Alani Nu for every vibe and every you. | ELEVATE EVERY MOMENT: From on-the-go boosts to self-care staples, Alani Nu brings vibrancy to all your daily routines with easy-to-love essentials in the delicious, low-sugar flavors of your dreams. | A TASTE OF WHO WE ARE: At Alani Nu, we're dedicated to creating great-tasting, feel-good products that work as hard as you do and make each step toward your goals a little sweeter. Your glow up? Bestie, we are here for it.",https://www.amazon.com/Alani-Nu-Caffeine-Vitamins-Calories/dp/B0DWQC12R5/ref=sr_1_7?dib=eyJ2IjoiMSJ9.HMKeRJYOdRpmpPAO3SaPT3it_yKih9w1CrZLnVaz6G5wB-RPX54DFMUoraHe9mfeEHCVbENVSlWRspCx37Ys-KhZ3_OIqyHWSdW3AEYKEHBOgHCIqCjAIsLgrMr_03wkxkphpQD0yxy8PsFnkapE2-8kdjEp1zrf7fKj3B5EAsIPidAO-YP9u_LIyW9ZQ1r8zof1i9rrTosgScJO2Ym5AOfziIiyUWNxZiHvh7CrDdZFyVREwMQ55fhkE7iR3x5Ucu3Cd93AfSTxMlYaHBOaXOjm3Ip-IizYW5hqEXYoS8M.x-0sVGCjUjbiF30l4aR-wIq4jPfGALUrKMbAXLRpxSY&dib_tag=se&keywords=Alani+Nu+energy+drink&qid=1778705895&sr=8-7,2026-05-13 16:58:18
B0DZKGWX5G,Alani Nu energy drink,"Alani Nu SHERBET SWIRL Sugar Free, Low Calorie Energy Drinks, 200mg Caffeine, Biotin B Vitamins, Zero Sugar, 10 Calories, 12 Fl Oz Cans, 12 Pack",Alani Nu,29.99,4.8,751.0,,"Grocery & Gourmet Food; Beverages; Bottled Beverages, Water & Drink Mixes; Energy Drinks","Tired of sacrificing fun for function? Perk up, bestie! Sip on the sunny side with Alani Nu Energy—a feel-good, taste-good boost that shines just as bright as you. Each 12oz pick-me-up serves up B vitamins, 200mg of caffeine, and 0g of sugar for a crash-free, guilt-free refresh. Alani Energy is also gluten-free, vegan, and just 5-15 calories—because we dive deep when it comes to wellness! But the flavor? Beyond iconic. Our vivid range of nostalgic combos take you back and sweeten the now. With a burst of joy and a taste of escapism, we're here to power your routines, your dreams—your entire world. Ready to enter your Alani era? You deserve this sip!","FEEL GOOD ENERGY: Fuel your fun with Alani Nu Energy! Our best-selling, zero-sugar boost stars antioxidants, ginseng root, and 200mg of caffeine. Bold in flavor, low in calories, Alani helps you drink in the day—one delicious sip at a time. | BEAMING WITH B VITAMINS: Wave buh-bye to burnout! Our blend of B3, B5, B6, and B12 vitamins keeps you glowing strong—even on your busiest days. | REFRESHINGLY FUN FLAVORS: Just like you, our flavors are unapologetically bold! Sweet or tart, tropical or nostalgic—there's an Alani Nu for every vibe and every you. | ELEVATE EVERY MOMENT: From on-the-go boosts to self-care staples, Alani Nu brings vibrancy to all your daily routines with easy-to-love essentials in the delicious, low-sugar flavors of your dreams. | VEGAN, GLUTEN FREE AND NO ARTIFICIAL COLORS: Good energy is a good choice. Our Better-for-you beverages are made vegan, gluten free and without artificial colors to ensure that our drinks and snacks support your beauty and wellness goals from the inside out",https://www.amazon.com/Alani-Nu-Caffeine-Vitamins-Calories/dp/B0DZKGWX5G/ref=sr_1_9?dib=eyJ2IjoiMSJ9.HMKeRJYOdRpmpPAO3SaPT3it_yKih9w1CrZLnVaz6G5wB-RPX54DFMUoraHe9mfeEHCVbENVSlWRspCx37Ys-KhZ3_OIqyHWSdW3AEYKEHBOgHCIqCjAIsLgrMr_03wkxkphpQD0yxy8PsFnkapE2-8kdjEp1zrf7fKj3B5EAsIPidAO-YP9u_LIyW9ZQ1r8zof1i9rrTosgScJO2Ym5AOfziIiyUWNxZiHvh7CrDdZFyVREwMQ55fhkE7iR3x5Ucu3Cd93AfSTxMlYaHBOaXOjm3Ip-IizYW5hqEXYoS8M.x-0sVGCjUjbiF30l4aR-wIq4jPfGALUrKMbAXLRpxSY&dib_tag=se&keywords=Alani+Nu+energy+drink&qid=1778705895&sr=8-9,2026-05-13 16:58:18
B0DZLW1TXV,Ghost energy drink,"GHOST Hydration Drink, Welch’s Grape - RTD Sports Drink with Electrolytes, Natural Vitamins & Minerals - All Day Lifestyle Hydration Beverage - Zero Caffeine & Zero Sugars - 16.9 Fl Oz, 12 Pack",Ghost,29.99,4.4,892.0,,"Grocery & Gourmet Food; Beverages; Bottled Beverages, Water & Drink Mixes; Sports Drinks",,"Hydration is Back & Better: GHOST Hydration is the fully transparent, fully loaded, original hydration drink we’ve all been waiting for, now with a lighter, more chuggable flavor. Bursting with notes of Concord grape, the refreshing flavor of Welch’s “Grape” will transport you back to your juicebox days. Authentic Flavors. Electrolytes. Zero Sugars.* 12-pack. *GHOST Hydration is low in calories. | Replenishes Electrolytes: Each bottle helps to replace the 5 electrolytes lost in sweat with 700MG Potassium, 126MG Magnesium, 70MG Chloride, 60MG Calcium, and 40MG Sodium. | Epic Formula: GHOST Hydration is rich in Vitamin C and provides your daily recommended dose of Vitamins B6 and B12. Each bottle offers 500MG Aquamin for added hydration and 50MG Senactiv to support endurance, energy, and recovery.* | Total Transparency: All GHOST products feature a transparent label that fully discloses the dose of each active ingredient. Zero proprietary blends means you know what you’re getting in each and every sip. GHOST Hydration drinks are vegan friendly, gluten free, and contain zero sugars and zero caffeine.* *GHOST Hydration is low in calories. | Formulated for Legends: Brand new look. Same epic nutrients. With ready-to-drink bottles in 4 epic flavors, GHOST Hydration was made to move with you for any activity, all day long.",https://www.amazon.com/GHOST-Hydration-Drink-Welchs-Grape/dp/B0DZLW1TXV/ref=sr_1_15?dib=eyJ2IjoiMSJ9.34_qV_CobJN405BnzfNFv6Fq3KrZ3WhwEu_I--pwEDDqfNbTOwwLyu7QG7xf94BnSlsmOj4e8XEZzh3-CrgGpcb7bDEwkNSpsODmEuAUlxdDzspgbYt7hwBDArkCbKru406kZ0mG8NX1HydZ811uivoxNAC4Lg0AUw_pIexrbj62wM2K0TguMrdTH6blulnHaWjaxp4aYsQ8FA5RL8Ffo5doAuogO8_jgAXZltyYwQzRvDWuq_DjxS0Qe5PZFg7HGMkz3rL9z94o9IO_lIykvz6dWkG3l-norsz7w-1Nyxc.UAZO9HPBprhva9t_f2tsMMQ0vedYpSf9SBbIaCBlNxA&dib_tag=se&keywords=Ghost+energy+drink&qid=1778705735&rdc=1&sr=8-15,2026-05-13 16:55:39
B0F6DYMJDF,Celsius energy drink,"CELSIUS Fizz Free Dragon Fruit Lime, Sugar Free Energy Drink, 12 Fl Oz (Pack of 12)",Celsius,23.64,4.7,270.0,,"Grocery & Gourmet Food; Beverages; Bottled Beverages, Water & Drink Mixes; Energy Drinks","CELSIUS® is functional, Essential Energy, a better-for-you, premium alternative to traditional energy drinks. As a global, lifestyle fitness drink, CELSIUS® was created to help people LIVE FIT, exceed their goals and elevate their everyday lives. Made with proven, premium ingredients, 7 Essential Vitamins and zero sugar, no artificial colors, no aspartame, no high fructose corn syrup and non-GMO. CELSIUS® is vegan, gluten-free and Kosher. Our proprietary MetaPlus blend contains green tea extract with EGCG. It also includes guarana seed extract, ginger root for flavor and digestion, vitamin C to help support your immune system, vitamin B for energy production, and chromium to help control hunger, making it an ideal pre-workout drink. Our CELSIUS Fizz-Free Dragon Fruit Lime energy drink flavor is where tropical adventure meets a zesty twist! This bold and refreshing flavor blends the exotic sweetness of dragon fruit with the vibrant tang of lime, creating a perfectly balanced taste that’s as energizing as it is unique. Made with clinically proven ingredients, this non-carbonated flavor of CELSIUS® has the perfect balance of flavor and energy that serves as an awesome pick-me-up for active lifestyles. Make CELSIUS® your go-to choice for Essential Energy!","Functional, Essential Energy with 200mg Caffeine to help you LIVE FIT | Made with Premium, Proven Ingredients and 7 Essential Vitamins | No Sugar | No High Fructose Corn Syrup, No Aspartame, No Artificial Flavors or Colors | Gluten-Free, Kosher, Non-GMO, & Certified Vegan | This bold and refreshing flavor blends the exotic sweetness of dragon fruit with the vibrant tang of lime",https://www.amazon.com/CELSIUS-Dragon-Fruit-Sugar-Energy/dp/B0F6DYMJDF/ref=sr_1_18?dib=eyJ2IjoiMSJ9.ZBUOAGcUat0F0uZl7_Z5halk4eUiEJPkTpgYAvnpiYzGpDmyA9882WZKnP8rRhEmslCkzcHFOxo3CgDPyl_T-BOrFwpHntt0n7rOYXjmNHKRDXtbeGNuqCcK0qoqyZTp0jyrS06WEs1D0fnWNzh_I05HRKjuLX9peOn2pcGhCv1xdx-ql9yoH3XUb9wOIATS-k4xtvvx93qDAJcV2jFmVBTxItcH_YqP2K2eSXZHredWI0ehzVpoj8Sr24-PZ4svAQ1Ol39bX-qNi-MHCqsq1pKqQDe0VMCiX68oaA5DnKc.ChVXn8dBxBH_3y3N7k4x7-JXGlYlcQ3CiIU2EfQyvoI&dib_tag=se&keywords=Celsius+energy+drink&qid=1778705575&sr=8-18,2026-05-13 16:52:59
B0F6F8M3KG,Celsius energy drink,"CELSIUS Fizz Free Pink Lemonade, Sugar Free Energy Drink, 12 Fl Oz (Pack of 12)",Celsius,23.64,4.6,349.0,,"Grocery & Gourmet Food; Beverages; Bottled Beverages, Water & Drink Mixes; Energy Drinks","CELSIUS® is functional, Essential Energy, a better-for-you, premium alternative to traditional energy drinks. As a global, lifestyle fitness drink, CELSIUS® was created to help people LIVE FIT, exceed their goals and elevate their everyday lives. Made with proven, premium ingredients, 7 Essential Vitamins and zero sugar, no artificial colors, no aspartame, no high fructose corn syrup and non-GMO. CELSIUS® is vegan, gluten-free and Kosher. Our proprietary MetaPlus blend contains green tea extract with EGCG. It also includes guarana seed extract, ginger root for flavor and digestion, vitamin C to help support your immune system, vitamin B for energy production, and chromium to help control hunger, making it an ideal pre-workout drink. Our CELSIUS Fizz-Free Pink Lemonade energy drink flavor is bright, zesty, undeniably refreshing, and is the ultimate crowd-pleaser. Pink Lemonade delivers a perfectly balanced flavor combination burst of sweet, tangy lemon kissed tones with just the right hint of berry bliss. Made with clinically proven ingredients, this non-carbonated flavor of CELSIUS® has the perfect balance of flavor and energy that serves as an awesome pick-me-up for active lifestyles. Make CELSIUS® your go-to choice for Essential Energy!","Functional, Essential Energy with 200mg Caffeine to help you LIVE FIT | Made with Premium, Proven Ingredients and 7 Essential Vitamins | No Sugar | No High Fructose Corn Syrup, No Aspartame, No Artificial Flavors or Colors | Gluten-Free, Kosher, Non-GMO, & Certified Vegan | Pink Lemonade delivers a perfectly balanced flavor combination burst of sweet, tangy lemon kissed tones with just the right hint of berry bliss",https://www.amazon.com/CELSIUS-Lemonade-Sugar-Energy-Drink/dp/B0F6F8M3KG/ref=sr_1_16?dib=eyJ2IjoiMSJ9.ZBUOAGcUat0F0uZl7_Z5halk4eUiEJPkTpgYAvnpiYzGpDmyA9882WZKnP8rRhEmslCkzcHFOxo3CgDPyl_T-BOrFwpHntt0n7rOYXjmNHKRDXtbeGNuqCcK0qoqyZTp0jyrS06WEs1D0fnWNzh_I05HRKjuLX9peOn2pcGhCv1xdx-ql9yoH3XUb9wOIATS-k4xtvvx93qDAJcV2jFmVBTxItcH_YqP2K2eSXZHredWI0ehzVpoj8Sr24-PZ4svAQ1Ol39bX-qNi-MHCqsq1pKqQDe0VMCiX68oaA5DnKc.ChVXn8dBxBH_3y3N7k4x7-JXGlYlcQ3CiIU2EfQyvoI&dib_tag=se&keywords=Celsius+energy+drink&qid=1778705575&sr=8-16,2026-05-13 16:52:59
B0FKKGB9HV,Ghost energy drink,"BUM Sugar-Free Energy Drink, Pina Colada - Lightly Carbonated & No Artificial Colors, Natural Caffeine & Citicoline for Energy & Focus, Brain Boost & Workout Sports Beverage - 12 oz, Pack of 12",,29.99,4.3,32.0,,"Grocery & Gourmet Food; Beverages; Bottled Beverages, Water & Drink Mixes; Energy Drinks",,"Pina Colada Bum Energy Drink: Crack open a can of Bum Energy and channel your untapped potential. Made with stimulating natural caffeine and brain-boosting Cognizin, a dynamic duo that will deliver clean energy and sharpened focus. 12-pack of 12-oz cans. | A Chill Escape: Kickstart a whole new level of creativity and productivity as you pursue your passions with Pina Colada Bum Energy. It's like a vacation in a can; fruity, smooth, and oh-so refreshing. | Set a New Standard: We’re here to power up the authentic, the ambitious, and the aspiring. Cognizin will help you dial in your focus and keep you locked in, while the same amount of Caffeine as a 12oz cup of coffee will stimulate your mind to keep you moving forward. | Keep It Clean: Leave the drinks that contain a laundry list of ingredients in the past. Bum Energy contains just two simple ingredients, 112mg of Natural Caffeine & 250mg of Cognizin. Made with zero sugar and no artificial colors, every sip unlocks pure, untapped potential. | Energy For All: Whether you’re a student, an athlete, an entrepreneur, or just someone who wants to take life by the horns, Bum Energy is here to help you keep moving forward as you live life to the fullest. Be bold and leave your inner bum behind.",https://www.amazon.com/sspa/click?ie=UTF8&spc=MTo1OTIxNzk3MzMxOTcwNjMzOjE3Nzg3MDU3MzU6c3BfYXRmOjMwMTAyMzQzNjY4MzIwMjo6MDo6&url=%2FBUM-Sugar-Free-Energy-Drink-Natural-Caffeine-Workout%2Fdp%2FB0FKKGB9HV%2Fref%3Dsr_1_4_sspa%3Fdib%3DeyJ2IjoiMSJ9.34_qV_CobJN405BnzfNFv6Fq3KrZ3WhwEu_I--pwEDDqfNbTOwwLyu7QG7xf94BnSlsmOj4e8XEZzh3-CrgGpcb7bDEwkNSpsODmEuAUlxdDzspgbYt7hwBDArkCbKru406kZ0mG8NX1HydZ811uivoxNAC4Lg0AUw_pIexrbj62wM2K0TguMrdTH6blulnHaWjaxp4aYsQ8FA5RL8Ffo5doAuogO8_jgAXZltyYwQzRvDWuq_DjxS0Qe5PZFg7HGMkz3rL9z94o9IO_lIykvz6dWkG3l-norsz7w-1Nyxc.UAZO9HPBprhva9t_f2tsMMQ0vedYpSf9SBbIaCBlNxA%26dib_tag%3Dse%26keywords%3DGhost%2Benergy%2Bdrink%26qid%3D1778705735%26sr%3D8-4-spons%26sp_csd%3Dd2lkZ2V0TmFtZT1zcF9hdGY%26psc%3D1,2026-05-13 16:55:39
B0FP3XLRB5,Celsius energy drink,"Zipfizz Daily Energy Drink Powder, Strawberry Kiwi, 20 Pack | 3-in-1 Sustained Energy, Rapid Hydration, and Essential Vitamins | Sugar-Free | Electrolyte Powder | Contains Vitamin B-12 & Antioxidants",Zipfizz,29.99,4.5,108.0,,"Grocery & Gourmet Food; Beverages; Bottled Beverages, Water & Drink Mixes; Energy Drinks","Zipfizz is a sugar-free energy powder packet with natural ingredients and great flavor, making it a healthy alternative to sugary sports drinks, coffee, soda, and more. Each packet provides 4-6 hours of sustained energy with 100mg of natural caffeine and is packed with essential daily nutrients like B12, B6, Vitamin C, Calcium, Folate, Niacin, and Antioxidants. To Use: Fill 16-20 fl oz of cold water into a bottle, pour in one tube of Zipfizz Energy Powder, shake & enjoy! Drink 15-30 minutes prior to exercise for increased performance.","3-IN-1 DAILY FUNCTIONAL BEVERAGE – Zipfizz Energy Drink Powder combines natural ingredients to deliver sustained energy, liquid electrolytes, and immunity support in one sugar-free, low-carb, and low-calorie daily bubbly beverage. | Refreshing Strawberry Kiwi Flavor – Enjoy the bold and citrusy burst of strawberry kiwi for a refreshing and natural energy boost. Simply add Zipfizz powder to 16-20 ounces of water or your favorite non-carbonated beverage, shake, and enjoy! | PACKED WITH VITAMINS AND NATURAL ELECTROLYTES – Our comprehensive formula contains 100% of recommended daily vitamins in two tubes, including 500mg of Vitamin C, 950mg of Potassium, 2500mcg of B12, and 105mg of Magnesium. Zero sugar, no artificial flavors or colors, no preservatives, and gluten free. | CONVENIENT AND PORTABLE FOR ON-THE-GO – From replacing your morning coffee to providing essential post-workout hydration and nutrients, Zipfizz’s single-serving hydration sticks are great for traveling and busy schedules. | 100% HAPPINESS GUARANTEE – We pride ourselves on using healthy, natural ingredients to deliver high-quality taste, nutrition, energy, and hydration. Whether you're an athlete pushing the boundaries of physical performance, a professional striving for success, or a student pursuing academic excellence, Zipfizz is your trusted companion on the journey to greatness.",https://www.amazon.com/sspa/click?ie=UTF8&spc=MTo0MzU1NDk1NjkwNjIyMjk1OjE3Nzg3MDU1NzU6c3BfbXRmOjMwMTE3NTA4MzA4MDEwMjo6MDo6&url=%2FZipfizz-Strawberry-Sugar-Free-Electrolyte-Antioxidants%2Fdp%2FB0FP3XLRB5%2Fref%3Dsr_1_19_sspa%3Fdib%3DeyJ2IjoiMSJ9.ZBUOAGcUat0F0uZl7_Z5halk4eUiEJPkTpgYAvnpiYzGpDmyA9882WZKnP8rRhEmslCkzcHFOxo3CgDPyl_T-BOrFwpHntt0n7rOYXjmNHKRDXtbeGNuqCcK0qoqyZTp0jyrS06WEs1D0fnWNzh_I05HRKjuLX9peOn2pcGhCv1xdx-ql9yoH3XUb9wOIATS-k4xtvvx93qDAJcV2jFmVBTxItcH_YqP2K2eSXZHredWI0ehzVpoj8Sr24-PZ4svAQ1Ol39bX-qNi-MHCqsq1pKqQDe0VMCiX68oaA5DnKc.ChVXn8dBxBH_3y3N7k4x7-JXGlYlcQ3CiIU2EfQyvoI%26dib_tag%3Dse%26keywords%3DCelsius%2Benergy%2Bdrink%26qid%3D1778705575%26rdc%3D1%26sr%3D8-19-spons%26sp_csd%3Dd2lkZ2V0TmFtZT1zcF9tdGY%26psc%3D1,2026-05-13 16:52:59
B0FSG4V4H8,Ghost energy drink,"Ultra Focus Pouches (Variety Pack, 3 Cans) Nicotine-Free, Caffeine-Free | Enfinity Paraxanthine | Vitamin B6 + B12, L-Theanine, Alpha GPC, Ginseng | Nootropic Energy & Clarity Pouches",,36.99,3.4,340.0,,"Health, Household & Baby Care; Health & Household; Vitamins, Minerals & Supplements; Blended Vitamin & Mineral Supplements",,"POWERED BY NOOTROPICS & ADAPTOGENS: Ultra Pouches are crafted with ingredients like Enfinity, L-Theanine, Panax Ginseng, and Alpha GPC to help encourage focus, attentiveness, and clarity. This advanced blend of nootropics and adaptogens is designed for clean, plant-powered support you can use with confidence. | B VITAMINS FOR BALANCED ENERGY: Each pouch includes Vitamin B6 and Vitamin B12, essential nutrients that help promote natural energy and daily wellness. Combined with the rest of the formula, these vitamins provide a gentle, sustainable option, making Ultra Pouches a dependable part of your routine. | PORTABLE & CAFFEINE-FREE: Ultra Pouches are compact, lightweight, and easy to carry in your pocket, bag, or desk drawer, making them perfect for use at home, work, or on the go. Designed to provide plant-powered support without caffeine, they’re a clean option you can enjoy anytime of day, even in the evening. | SIMPLE & EASY TO USE: Place one pouch in your mouth and let the nootropics and adaptogens set in for a smooth, steady experience. Use up to 3–4 pouches daily for consistent support. Do not chew or swallow pouch. | VARIETY PACK: Can’t decide on just one flavor? The Variety Pack includes Wintergreen, Cool Mint, and Tropical, giving you a mix of crisp, refreshing options. Each pouch is crafted with clean, plant-powered nootropics and adaptogens to help support clarity and focus—without caffeine or nicotine.",https://www.amazon.com/sspa/click?ie=UTF8&spc=MTo1OTIxNzk3MzMxOTcwNjMzOjE3Nzg3MDU3MzU6c3BfbXRmOjMwMTEwMTEzMTMxNjkwMjo6MDo6&url=%2FUltra-Pouches-Nicotine-Free-Caffeine-Free-Paraxanthine%2Fdp%2FB0FSG4V4H8%2Fref%3Dsr_1_13_sspa%3Fdib%3DeyJ2IjoiMSJ9.34_qV_CobJN405BnzfNFv6Fq3KrZ3WhwEu_I--pwEDDqfNbTOwwLyu7QG7xf94BnSlsmOj4e8XEZzh3-CrgGpcb7bDEwkNSpsODmEuAUlxdDzspgbYt7hwBDArkCbKru406kZ0mG8NX1HydZ811uivoxNAC4Lg0AUw_pIexrbj62wM2K0TguMrdTH6blulnHaWjaxp4aYsQ8FA5RL8Ffo5doAuogO8_jgAXZltyYwQzRvDWuq_DjxS0Qe5PZFg7HGMkz3rL9z94o9IO_lIykvz6dWkG3l-norsz7w-1Nyxc.UAZO9HPBprhva9t_f2tsMMQ0vedYpSf9SBbIaCBlNxA%26dib_tag%3Dse%26keywords%3DGhost%2Benergy%2Bdrink%26qid%3D1778705735%26sr%3D8-13-spons%26sp_csd%3Dd2lkZ2V0TmFtZT1zcF9tdGY%26psc%3D1,2026-05-13 16:55:39
B0FV9BGJG1,Celsius energy drink,"Liquid Death Sparkling Energy - Scary Strawberry, Zero Sugar Energy Drink, Unextreme Caffeine 100mg, Essential Vitamins, 12 Fl Oz (Pack of 12)",Liquid Death,19.79,4.2,444.0,,"Grocery & Gourmet Food; Beverages; Bottled Beverages, Water & Drink Mixes; Energy Drinks","Liquid Death Sparkling Energy is the easy-drinking energy drink. With just 5 calories, unextreme caffeine (100mg), zero sugar, and a clean refreshing taste, it’s the one energy drink for days when you want more than one energy drink.","The Easy-Drinking Energy Drink | Unextreme Caffeine (100mg) = 1 Coffee | Zero sugar | 5 Calories | Boosts Metabolism | Essential Vitamins + L-Theanine | No Corn Syrup. No Aspartame. | No Artificial Colors or Dyes | Co-Formulated by Board-Certified Surgeon Dr. Darshan Shah, MD | Strawberry Flavor with a Hint of Lemon",https://www.amazon.com/sspa/click?ie=UTF8&spc=MTo0MzU1NDk1NjkwNjIyMjk1OjE3Nzg3MDU1NzU6c3BfbXRmOjMwMTA2OTY0ODkxODMwMjo6MDo6&url=%2FLiquid-Death-Sparkling-Energy-Strawberry%2Fdp%2FB0FV9BGJG1%2Fref%3Dsr_1_14_sspa%3Fdib%3DeyJ2IjoiMSJ9.ZBUOAGcUat0F0uZl7_Z5halk4eUiEJPkTpgYAvnpiYzGpDmyA9882WZKnP8rRhEmslCkzcHFOxo3CgDPyl_T-BOrFwpHntt0n7rOYXjmNHKRDXtbeGNuqCcK0qoqyZTp0jyrS06WEs1D0fnWNzh_I05HRKjuLX9peOn2pcGhCv1xdx-ql9yoH3XUb9wOIATS-k4xtvvx93qDAJcV2jFmVBTxItcH_YqP2K2eSXZHredWI0ehzVpoj8Sr24-PZ4svAQ1Ol39bX-qNi-MHCqsq1pKqQDe0VMCiX68oaA5DnKc.ChVXn8dBxBH_3y3N7k4x7-JXGlYlcQ3CiIU2EfQyvoI%26dib_tag%3Dse%26keywords%3DCelsius%2Benergy%2Bdrink%26qid%3D1778705575%26sr%3D8-14-spons%26sp_csd%3Dd2lkZ2V0TmFtZT1zcF9tdGY%26psc%3D1,2026-05-13 16:52:59
B0FVB3JXKR,Alani Nu energy drink,"Liquid Death Sparkling Energy - Murder Mystery (Cherry, Cream, Spice), Zero Sugar Energy Drink, Unextreme Caffeine 100mg, Essential Vitamins, 12 Fl Oz (Pack of 12)",Liquid Death,19.79,4.3,403.0,,"Grocery & Gourmet Food; Beverages; Bottled Beverages, Water & Drink Mixes; Energy Drinks","Liquid Death Sparkling Energy is the easy-drinking energy drink. With just 5 calories, unextreme caffeine (100mg), zero sugar, and a clean refreshing taste, it’s the one energy drink for days when you want more than one energy drink.","The Easy-Drinking Energy Drink | Unextreme Caffeine (100mg) = 1 Coffee | Zero sugar | 5 Calories | Boosts Metabolism | Essential Vitamins + L-Theanine | No Corn Syrup. No Aspartame. | No Artificial Colors or Dyes | Co-Formulated by Board-Certified Surgeon Dr. Darshan Shah, MD | Cherry, Spice, and Vanilla Flavors",https://www.amazon.com/sspa/click?ie=UTF8&spc=MToxNzM3NTQ2MTY2MjY2NTc3OjE3Nzg3MDU4OTU6c3BfbXRmOjMwMTA2OTkwNzE2NDQwMjo6MDo6&url=%2FLiquid-Death-Sparkling-Energy-Unextreme%2Fdp%2FB0FVB3JXKR%2Fref%3Dsr_1_12_sspa%3Fdib%3DeyJ2IjoiMSJ9.HMKeRJYOdRpmpPAO3SaPT3it_yKih9w1CrZLnVaz6G5wB-RPX54DFMUoraHe9mfeEHCVbENVSlWRspCx37Ys-KhZ3_OIqyHWSdW3AEYKEHBOgHCIqCjAIsLgrMr_03wkxkphpQD0yxy8PsFnkapE2-8kdjEp1zrf7fKj3B5EAsIPidAO-YP9u_LIyW9ZQ1r8zof1i9rrTosgScJO2Ym5AOfziIiyUWNxZiHvh7CrDdZFyVREwMQ55fhkE7iR3x5Ucu3Cd93AfSTxMlYaHBOaXOjm3Ip-IizYW5hqEXYoS8M.x-0sVGCjUjbiF30l4aR-wIq4jPfGALUrKMbAXLRpxSY%26dib_tag%3Dse%26keywords%3DAlani%2BNu%2Benergy%2Bdrink%26qid%3D1778705895%26sr%3D8-12-spons%26sp_csd%3Dd2lkZ2V0TmFtZT1zcF9tdGY%26psc%3D1,2026-05-13 16:58:18
B0FZXS2BFQ,Celsius energy drink,"Red Bull Iced Vanilla Berry Energy Drink, 8.4 Fl Oz, Pack of 24 Cans (6 packs of 4)",Red Bull,45.54,4.7,1361.0,,"Grocery & Gourmet Food; Beverages; Bottled Beverages, Water & Drink Mixes; Energy Drinks","Red Bull Iced Edition features exceptional taste of Blueberry, Vanilla, and icy-fresh notes of eucalyptus. This lightly carbonated beverage is enjoyed worldwide by fitness enthusiasts, athletes, gamers, students and travelers. A refreshing can of Red Bull makes an excellent partner for busy, active lifestyles. Each 8.4 fl oz can contains 80mg of caffeine per serving (about the same amount as a home-brewed cup of coffee) and 26g of sugar (comparable to sugar levels found in apple juice). It also includes Taurine, an amino acid naturally occurring in the human body, and B-group vitamins B6, B12, Niacin (B3) and Pantothenic Acid (B5). Available in single can and 24-packs. Comes in aluminum cans that can be recycled over and over. Always check can labels for most updated product nutritional and ingredient information. Calcium and sugars values declared on labels may vary slightly depending on production locations.","Enjoy the taste of Blueberry, Vanilla, and icy-fresh notes of eucalyptus in the Red Bull Winter Edition; Features taurine, an amino acid, plus four essential B-group vitamins B3, B6, B12 and B5, which contribute to normal energy-yielding metabolism | Each 8.4 fl oz can contains 110 calories, 80mg of caffeine which helps to increase alertness, plus 26g of real sugar similar to a glass of apple juice of the same size. Trusted and consumed by world renowned athletes and everyday fitness enthusiasts | This lightly sparkling energy drink gives you wiiings for gaming, work, school, sports, pre-workout, music festivals, and on-the-go; Made to be vegetarian and free from wheat, dairy, gluten, and lactose | Try our various Red Bull Editions in Iced Vanilla Berry, Strawberry Apricot, Juneberry, Watermelon, Blueberry, Curuba Elderflower, and more. Sugar-free options include Red Bull Sugarfree, Watermelon, Strawberry Apricot, and Iced Vanilla Berry. | Best enjoyed ice cold, Red Bull also makes an excellent base for non-alcoholic mocktails; Add in your favorite fruit juice or fruit garnishes for endless combinations",https://www.amazon.com/sspa/click?ie=UTF8&spc=MTo0MzU1NDk1NjkwNjIyMjk1OjE3Nzg3MDU1NzU6c3BfbXRmOjMwMTE2NjEyOTI5MDkwMjo6MDo6&url=%2FRed-Bull-Vanilla-Berry-Energy%2Fdp%2FB0FZXS2BFQ%2Fref%3Dsr_1_13_sspa%3Fdib%3DeyJ2IjoiMSJ9.ZBUOAGcUat0F0uZl7_Z5halk4eUiEJPkTpgYAvnpiYzGpDmyA9882WZKnP8rRhEmslCkzcHFOxo3CgDPyl_T-BOrFwpHntt0n7rOYXjmNHKRDXtbeGNuqCcK0qoqyZTp0jyrS06WEs1D0fnWNzh_I05HRKjuLX9peOn2pcGhCv1xdx-ql9yoH3XUb9wOIATS-k4xtvvx93qDAJcV2jFmVBTxItcH_YqP2K2eSXZHredWI0ehzVpoj8Sr24-PZ4svAQ1Ol39bX-qNi-MHCqsq1pKqQDe0VMCiX68oaA5DnKc.ChVXn8dBxBH_3y3N7k4x7-JXGlYlcQ3CiIU2EfQyvoI%26dib_tag%3Dse%26keywords%3DCelsius%2Benergy%2Bdrink%26qid%3D1778705575%26sr%3D8-13-spons%26sp_csd%3Dd2lkZ2V0TmFtZT1zcF9tdGY%26psc%3D1,2026-05-13 16:52:59
B0FZXWP3VB,Celsius energy drink,"Red Bull Zero Sugar Variety Pack, Zero Energy Drink, Iced Vanilla Berry, & White Peach, 8.4 Fl Oz, 12 Cans (2 Packs of 12)",Red Bull,43.98,4.6,197.0,,"Grocery & Gourmet Food; Beverages; Bottled Beverages, Water & Drink Mixes; Energy Drinks","This Zero Sugar Variety Pack includes 4 Sugarfree cans each of Red Bull Zero, Iced Vanilla Berry, and White Peach. This lightly carbonated beverage is enjoyed worldwide by fitness enthusiasts, athletes, gamers, students and travelers. A refreshing can of Red Bull makes an excellent partner for busy, active lifestyles. Each 8.4 fl oz can contains 80mg of caffeine per serving and 0g sugar. It also includes Taurine, an amino acid naturally occurring in the human body, and B-group vitamins B6, B12, Niacin (B3) and Pantothenic Acid (B5). Available in 12 cans and 24 cans Variety Packs. Comes in aluminum cans that can be recycled over and over. Always check can labels for most updated product nutritional and ingredient information. Calcium and sugars values declared on labels may vary slightly depending on production locations.","This Sugarfree Variety Pack includes 4 cans each of Red Bull Zero, Sugar Free Iced Edition, and Sugar Free Peach Edition; Red Bull features taurine, an amino acid, plus four essential B-group vitamins B3, B6, B12 and B5, which contribute to normal energy-yielding metabolism | Each 8.4 fl oz can of Red Bull Zero contains 5 calories, Sugar Free Iced & Peach contains 10 calories, 80mg of caffeine which helps to increase alertness, plus no sugar. Trusted and consumed by world renowned athletes and everyday fitness enthusiasts | This lightly sparkling energy drink gives you wiiings for gaming, work, school, sports, pre-workout, music festivals, and on-the-go; Made to be vegetarian and free from wheat, dairy, gluten, and lactose | Try our various Red Bull Editions featuring the flavors of Strawberry Apricot, Juneberry, White Peach, Watermelon, Coconut, Tropical and more; Sugar free options include Red Bull Sugarfree, Zero, White Peach, Iced Vanilla Berry, Wild Berries, & Juneberry | Best enjoyed ice cold, Red Bull also makes an excellent base for non-alcoholic mocktails; Add in your favorite fruit juice or fruit garnishes for endless combinations",https://www.amazon.com/sspa/click?ie=UTF8&spc=MTo0MzU1NDk1NjkwNjIyMjk1OjE3Nzg3MDU1NzU6c3BfYXRmOjMwMTE3MTkzMjk0OTgwMjo6MDo6&url=%2FRed-Bull-Variety-Energy-Vanilla%2Fdp%2FB0FZXWP3VB%2Fref%3Dsr_1_2_sspa%3Fdib%3DeyJ2IjoiMSJ9.ZBUOAGcUat0F0uZl7_Z5halk4eUiEJPkTpgYAvnpiYzGpDmyA9882WZKnP8rRhEmslCkzcHFOxo3CgDPyl_T-BOrFwpHntt0n7rOYXjmNHKRDXtbeGNuqCcK0qoqyZTp0jyrS06WEs1D0fnWNzh_I05HRKjuLX9peOn2pcGhCv1xdx-ql9yoH3XUb9wOIATS-k4xtvvx93qDAJcV2jFmVBTxItcH_YqP2K2eSXZHredWI0ehzVpoj8Sr24-PZ4svAQ1Ol39bX-qNi-MHCqsq1pKqQDe0VMCiX68oaA5DnKc.ChVXn8dBxBH_3y3N7k4x7-JXGlYlcQ3CiIU2EfQyvoI%26dib_tag%3Dse%26keywords%3DCelsius%2Benergy%2Bdrink%26qid%3D1778705575%26sr%3D8-2-spons%26sp_csd%3Dd2lkZ2V0TmFtZT1zcF9hdGY%26psc%3D1,2026-05-13 16:52:59
B0G2Z2L3Z7,Monster energy drink,"Monster Energy Juice Bad Apple, Energy + Juice, Energy Drink, 16 Ounce (Pack of 15)",Monster,32.69,4.7,468.0,,"Grocery & Gourmet Food; Beverages; Bottled Beverages, Water & Drink Mixes; Energy Drinks","Tempted to try? We hope so! Juice Monster Bad Apple isn't like anything you've ever had before. Forget your regular apple juice. Bad Apple's enticing taste is completely one-of-a-kind. Take a bite. It's got a crisp, dry apple flavor that's not too sweet and goes down smooth. Sinfully great taste and packed with a full load of our legendary Monster Energy Blend.","UNLEASH THE BEAST | Juice Monster Bad Apple isn't like anything you've ever had before. Forget your regular apple juice. Bad Apple's enticing taste is completely one-of-a-kind. | ENERGY plus JUICE | It's got a crisp, dry apple flavor that's not too sweet and goes down smooth. Sinfully great taste and packed with a full load of our legendary Monster Energy blend. | Made with real sugar | 160 mg caffeine per 16 oz can | STOCK UP WITH A 15 PACK | Juice Monster Bad Apple is available in a convenient pack of 15",https://www.amazon.com/Monster-Energy-Juice-Apple-Drink/dp/B0G2Z2L3Z7/ref=sr_1_14?dib=eyJ2IjoiMSJ9.-uoloj3tVAf5xFumxrzE6Okrj9UqWggFE6e7ioi6MSHDfxHCWUKBNWyQptlmWCadtLkDtLtMgKWI_U4kHTXdOv00w1OJ5Gb3XTSWkV8Ff26Ay0ZNsgYNeHSalAc47tROLHLrO2NWjNeB43D7FN4Fzm2Z31Npuxj5gO7akYA4bDqw09wzAGrvRHBiGuPiHWuS489EUw8TjTedYuu7epGNZvQExHZnIKzOxlETV455QJwZt5T3k8BfOglxx5xO70sCrXPeKTu5dYspy12v_8bLU86XwICDPc-zMeRE630iimY.xf6n_Gj2ZV-igSUKE59cYBHVQykF-NwV3-o2n4_YBz4&dib_tag=se&keywords=Monster+energy+drink&qid=1778706044&sr=8-14,2026-05-13 17:00:47
B0G2Z5FDCZ,Monster energy drink,"Monster Energy Orange Dreamsicle, Energy Drink, 16 Ounce (Pack of 15)",Monster,31.48,4.3,247.0,,,,,https://www.amazon.com/Monster-Energy-Orange-Dreamsicle-Drink/dp/B0G2Z5FDCZ/ref=sr_1_15?dib=eyJ2IjoiMSJ9.-uoloj3tVAf5xFumxrzE6Okrj9UqWggFE6e7ioi6MSHDfxHCWUKBNWyQptlmWCadtLkDtLtMgKWI_U4kHTXdOv00w1OJ5Gb3XTSWkV8Ff26Ay0ZNsgYNeHSalAc47tROLHLrO2NWjNeB43D7FN4Fzm2Z31Npuxj5gO7akYA4bDqw09wzAGrvRHBiGuPiHWuS489EUw8TjTedYuu7epGNZvQExHZnIKzOxlETV455QJwZt5T3k8BfOglxx5xO70sCrXPeKTu5dYspy12v_8bLU86XwICDPc-zMeRE630iimY.xf6n_Gj2ZV-igSUKE59cYBHVQykF-NwV3-o2n4_YBz4&dib_tag=se&keywords=Monster+energy+drink&qid=1778706044&sr=8-15,2026-05-13 17:00:47
B0G3T9HQP5,Alani Nu energy drink,"Alani Nu Winter Wonderland, Sugar Free, Low Calorie Energy Drinks, 200mg Caffeine, Biotin, B Vitamins, Zero Sugar, 10 Calories, 12 Fl Oz Cans, 24 Pack",Alani Nu,44.4,4.9,41.0,,"Health, Household & Baby Care; Grocery & Gourmet Food; Beverages; Bottled Beverages, Water & Drink Mixes; Energy Drinks","Say hello to Alani Energy —the craveable energy drink that powers your day with zero sugar and only 15 calories. With 200mg of caffeine and B vitamins, it’s a delicious boost for workouts, mornings, or slumps, wrapped in flavors like Juicy Peach and Hawaiian Shaved Ice. Lightly carbonated and vegan, it’s clean energy that keeps you glowing—grab it and shine!","ZERO SUGAR ENERGY DRINK WITH 200MG CAFFEINE: Power through your workouts, workdays, and active lifestyle with Alani Nu Energy; This clean energy drink delivers 200MG of caffeine for a refreshing, long-lasting boost—all with zero sugar, and no crash | B VITAMINS FOR NATURAL ENERGY & PERFORMANCE: Formulated with B5, B6, AND B12 vitamins, this low-calorie energy drink supports natural energy production and helps fight fatigue; plus, L-theanine provides a steady energy boost without jitters | LIGHTLY CARBONATED FOR SMOOTH, GREAT-TASTING FLAVOR: Why settle for bitter, artificial energy drinks; Alani Nu Energy is a low-calorie, sugar-free energy drink with delicious, crave-worthy flavors | CLEAN ENERGY: VEGAN, GLUTEN-FREE & NO ARTIFICIAL COLORS: Unlike traditional energy drinks, Alani Nu Energy is vegan, gluten-free, and made without artificial colors; fuel your body with better-for-you energy that supports your beauty & fitness goals | PRE-WORKOUT ENERGY DRINK & DAILY PICK-ME-UP: Alani Nu Energy fuels your fitness goals, busy days, and everything in between; PLEASE NOTE: Alani Nu Energy is not recommended for children, those sensitive to caffeine, pregnant women, or nursing mothers",https://www.amazon.com/Alani-Nu-Wonderland-Caffeine-Vitamins/dp/B0G3T9HQP5/ref=sr_1_16?dib=eyJ2IjoiMSJ9.HMKeRJYOdRpmpPAO3SaPT3it_yKih9w1CrZLnVaz6G5wB-RPX54DFMUoraHe9mfeEHCVbENVSlWRspCx37Ys-KhZ3_OIqyHWSdW3AEYKEHBOgHCIqCjAIsLgrMr_03wkxkphpQD0yxy8PsFnkapE2-8kdjEp1zrf7fKj3B5EAsIPidAO-YP9u_LIyW9ZQ1r8zof1i9rrTosgScJO2Ym5AOfziIiyUWNxZiHvh7CrDdZFyVREwMQ55fhkE7iR3x5Ucu3Cd93AfSTxMlYaHBOaXOjm3Ip-IizYW5hqEXYoS8M.x-0sVGCjUjbiF30l4aR-wIq4jPfGALUrKMbAXLRpxSY&dib_tag=se&keywords=Alani+Nu+energy+drink&qid=1778705895&sr=8-16,2026-05-13 16:58:18
B0G5B6MM22,Monster energy drink,"Monster Energy Ultra Punk Punch, Sugar Free Energy Drink, 16 Ounce (Pack of 15)",Monster,33.17,4.8,176.0,,"Grocery & Gourmet Food; Beverages; Bottled Beverages, Water & Drink Mixes; Energy Drinks","Live fast, play loudly, challenge convention, and rediscover fruit punch! Fueled by rebellion, self-expression and our world famous energy blend, we reinvented what fruit punch should be. Zero sugar, not too sweet, and goes down smooth, Ultra Punk Punch has the perfect amount of energy to power you through your next day. From pop punks to crusty ones, emos to screamos, we're all down with that. Oi Oi Oi.","ZERO SUGAR | Monster Energy Ultra Punk Punch has 10 calories and zero sugar and packed with our Monster Energy blend. | FLAVOR UNLEASHED | Classic fruit punch flavor with a bold twist, delivering nostalgic taste that’s crisp and refreshing. | ENERGY THAT HITS HARD | Powered by Monster’s energy blend to keep you charged and ready for anything.",https://www.amazon.com/Monster-Energy-Ultra-Punch-Sugar/dp/B0G5B6MM22/ref=sr_1_10?dib=eyJ2IjoiMSJ9.-uoloj3tVAf5xFumxrzE6Okrj9UqWggFE6e7ioi6MSHDfxHCWUKBNWyQptlmWCadtLkDtLtMgKWI_U4kHTXdOv00w1OJ5Gb3XTSWkV8Ff26Ay0ZNsgYNeHSalAc47tROLHLrO2NWjNeB43D7FN4Fzm2Z31Npuxj5gO7akYA4bDqw09wzAGrvRHBiGuPiHWuS489EUw8TjTedYuu7epGNZvQExHZnIKzOxlETV455QJwZt5T3k8BfOglxx5xO70sCrXPeKTu5dYspy12v_8bLU86XwICDPc-zMeRE630iimY.xf6n_Gj2ZV-igSUKE59cYBHVQykF-NwV3-o2n4_YBz4&dib_tag=se&keywords=Monster+energy+drink&qid=1778706044&sr=8-10,2026-05-13 17:00:47
B0G5BBHY3H,Monster energy drink,"Monster Energy Strawberry Shot, Green, Original, Energy Drink, 16 Ounce (Pack of 15)",Monster,31.48,4.5,171.0,,"Grocery & Gourmet Food; Beverages; Bottled Beverages, Water & Drink Mixes; Energy Drinks","Tear into a can of MONSTER Energy Strawberry Shot. It's the ideal combo of the right ingredients in the right proportion to deliver the big bad buzz that only MONSTER can. MONSTER packs a powerful punch but has a smooth easy drinking flavor. Now with a twist, adding sweet strawberry flavor to top-off the legendary taste you know and love. Athletes, musicians, anarchists, co-eds, road warriors, metal heads, geeks, hipsters, and bikers dig it - you will too!","It's the ideal combo of the right ingredients in the right proportion to deliver the big bad buzz that only Monster can | Athletes, musicians, anarchists, co-eds, road warriors, metal heads, geeks, hipsters, and bikers dig it - you will too | Tear into a can of Monster Energy Strawberry shot",https://www.amazon.com/Monster-Energy-Strawberry-Green-Original/dp/B0G5BBHY3H/ref=sr_1_13?dib=eyJ2IjoiMSJ9.-uoloj3tVAf5xFumxrzE6Okrj9UqWggFE6e7ioi6MSHDfxHCWUKBNWyQptlmWCadtLkDtLtMgKWI_U4kHTXdOv00w1OJ5Gb3XTSWkV8Ff26Ay0ZNsgYNeHSalAc47tROLHLrO2NWjNeB43D7FN4Fzm2Z31Npuxj5gO7akYA4bDqw09wzAGrvRHBiGuPiHWuS489EUw8TjTedYuu7epGNZvQExHZnIKzOxlETV455QJwZt5T3k8BfOglxx5xO70sCrXPeKTu5dYspy12v_8bLU86XwICDPc-zMeRE630iimY.xf6n_Gj2ZV-igSUKE59cYBHVQykF-NwV3-o2n4_YBz4&dib_tag=se&keywords=Monster+energy+drink&qid=1778706044&sr=8-13,2026-05-13 17:00:47
B0G5BDLM18,Monster energy drink,"Monster Energy Lando Norris, Sugar Free Energy Drink, 16 Ounce (Pack of 15)",Monster,31.48,4.7,228.0,,,,,https://www.amazon.com/Monster-Energy-Lando-Norris-Sugar/dp/B0G5BDLM18/ref=sr_1_17?dib=eyJ2IjoiMSJ9.-uoloj3tVAf5xFumxrzE6Okrj9UqWggFE6e7ioi6MSHDfxHCWUKBNWyQptlmWCadtLkDtLtMgKWI_U4kHTXdOv00w1OJ5Gb3XTSWkV8Ff26Ay0ZNsgYNeHSalAc47tROLHLrO2NWjNeB43D7FN4Fzm2Z31Npuxj5gO7akYA4bDqw09wzAGrvRHBiGuPiHWuS489EUw8TjTedYuu7epGNZvQExHZnIKzOxlETV455QJwZt5T3k8BfOglxx5xO70sCrXPeKTu5dYspy12v_8bLU86XwICDPc-zMeRE630iimY.xf6n_Gj2ZV-igSUKE59cYBHVQykF-NwV3-o2n4_YBz4&dib_tag=se&keywords=Monster+energy+drink&qid=1778706044&sr=8-17,2026-05-13 17:00:47
B0GD2TYNT5,Alani Nu energy drink,"Pureboost Sugar-Free Clean Energy Booster, Acai Alert 10 Count, Refreshing Energy Drink Mix with B12 Vitamins, Electrolytes, Antioxidants, No Sucralose",Pureboost,14.99,4.2,1473.0,,"Health, Household & Baby Care; Grocery & Gourmet Food; Beverages; Bottled Beverages, Water & Drink Mixes; Energy Drinks","Pureboost, a clean antioxidant energy drink mix, boosted by B12 and natural green tea caffeine, delivers a surge of 4-6 hours of powerful, pure energy* with NO crash. Pureboost contains no sugar, no sucralose and no artificial flavors or colors. Each serving delivers an effervescent, healthy surge of 25 pH-balanced vitamins, minerals, electrolytes, herbs and amino acids, including turmeric, ginger, and Vitamin C. 2g carbs, 25 calories per serving. Works with keto, low-carb, paleo, gluten-free and vegan diets. No soy. No dairy. Non-GMO. A purer pure. A better boost. Welcome to the movement.","365-DAY GUARANTEE, HASSLE-FREE: Not satisfied? We’ve got you covered! Because we’re a grocery item, you can’t return directly to Amazon (because…rules.) Contact us directly and we’ll take care of you. | POWERED BY B12 & GREEN TEA: 100 mg of natural green tea caffeine combined with B12 for a sustained, powerful energy boost.* Skip the jitters and crashes—Pureboost is designed to keep you going and feeling good. | CLEANER ENERGY, HEALTHIER YOU: Our sugar-free, sucralose-free mix delivers a delicious healthy boost—no artificial flavors, colors, or GMOs. Naturally sweetened. | SUPERCHARGED FORMULA: Each packet is a powerhouse of 25 vitamins, minerals and herbs like Turmeric, Ginger, Vitamin C and Zinc plus electrolytes. Stay hydrated and energized while supporting your immune system. | CONVENIENT & COMPATIBLE: Includes 10 easy-to-use powder packets. Mix with 16-20 oz of water for a refreshing, energizing boost. Perfect for keto, low-carb, paleo, gluten-free and vegan lifestyles. Non-GMO, soy-free, and dairy-free.",https://www.amazon.com/sspa/click?ie=UTF8&spc=MToxNzM3NTQ2MTY2MjY2NTc3OjE3Nzg3MDU4OTU6c3BfbXRmOjMwMTIzODM2NDg4MTcwMjo6MDo6&url=%2FPureboost-Sugar-Free-Refreshing-Electrolytes-Antioxidants%2Fdp%2FB0GD2TYNT5%2Fref%3Dsr_1_14_sspa%3Fdib%3DeyJ2IjoiMSJ9.HMKeRJYOdRpmpPAO3SaPT3it_yKih9w1CrZLnVaz6G5wB-RPX54DFMUoraHe9mfeEHCVbENVSlWRspCx37Ys-KhZ3_OIqyHWSdW3AEYKEHBOgHCIqCjAIsLgrMr_03wkxkphpQD0yxy8PsFnkapE2-8kdjEp1zrf7fKj3B5EAsIPidAO-YP9u_LIyW9ZQ1r8zof1i9rrTosgScJO2Ym5AOfziIiyUWNxZiHvh7CrDdZFyVREwMQ55fhkE7iR3x5Ucu3Cd93AfSTxMlYaHBOaXOjm3Ip-IizYW5hqEXYoS8M.x-0sVGCjUjbiF30l4aR-wIq4jPfGALUrKMbAXLRpxSY%26dib_tag%3Dse%26keywords%3DAlani%2BNu%2Benergy%2Bdrink%26qid%3D1778705895%26rdc%3D1%26sr%3D8-14-spons%26sp_csd%3Dd2lkZ2V0TmFtZT1zcF9tdGY%26psc%3D1,2026-05-13 16:58:18
B0GHD3YHL8,Ghost energy drink,"GHOST Energy Drink,Sour Patch Kids Blue Raspberry,16oz - Energy & Focus & No Artificial Colors - 200mg Natural Caffeine,L-Carnitine-& Taurine - Gluten-Free-& Vegan,(Pack of 24)",Ghost,67.4,,,,"Grocery & Gourmet Food; Beverages; Bottled Beverages, Water & Drink Mixes; Energy Drinks",,"The information below is per-pack only | Feel Good Energy: GHOST Energy is the fully transparent, fully loaded energy drink we’ve all been waiting for. Authentic Flavors. Zero Sugars.* No BS. Authentic Sour Patch Kids “Blue Raspberry” flavor. 12-pack case contains 16oz cans. Only intended for persons 18 years or older. *GHOST Energy is low in calories. | Legendary Energy: This drink contains 200mg of Natural Caffeine from coffee beans, which has been found anecdotally to deliver a smooth, feel-good energy with less jitters and no crash when compared to other forms of caffeine.* | Epic Focus*: GHOST Energy combines the nootropics of Carnipure L-Carnitine, Alpha-GPC, NeuroFactor, and AstraGin. | Total Transparency: All GHOST products feature a transparent label that fully discloses the dose of each active ingredient. Zero proprietary blends means you know what you’re getting in each and every sip. GHOST Energy is vegan friendly, gluten free, and contains zero sugars.* *GHOST Energy is low in calories. | Energy and Focus Combo: GHOST Energy is a full disclosure energy drink that delivers on efficacy and the info to ensure you know exactly what you're getting in every can. Combining 200mg of natural caffeine with nootropics to deliver a legendary combo of energy and focus.*",https://www.amazon.com/GHOST-Energy-Drink-Patch-Raspberry/dp/B0GHD3YHL8/ref=sr_1_7?dib=eyJ2IjoiMSJ9.34_qV_CobJN405BnzfNFv6Fq3KrZ3WhwEu_I--pwEDDqfNbTOwwLyu7QG7xf94BnSlsmOj4e8XEZzh3-CrgGpcb7bDEwkNSpsODmEuAUlxdDzspgbYt7hwBDArkCbKru406kZ0mG8NX1HydZ811uivoxNAC4Lg0AUw_pIexrbj62wM2K0TguMrdTH6blulnHaWjaxp4aYsQ8FA5RL8Ffo5doAuogO8_jgAXZltyYwQzRvDWuq_DjxS0Qe5PZFg7HGMkz3rL9z94o9IO_lIykvz6dWkG3l-norsz7w-1Nyxc.UAZO9HPBprhva9t_f2tsMMQ0vedYpSf9SBbIaCBlNxA&dib_tag=se&keywords=Ghost+energy+drink&qid=1778705735&sr=8-7,2026-05-13 16:55:39
B0GN94VSVQ,Celsius energy drink,"Red Bull Iced Edition Sugarfree Energy Drink, Iced Vanilla Berry, 8.4 fl. oz., Pack of 8, with 80mg Caffeine, Taurine & B Vitamins",Red Bull,15.16,5.0,1.0,,"Grocery & Gourmet Food; Beverages; Bottled Beverages, Water & Drink Mixes; Energy Drinks",,"The information below is per-pack only | Enjoy the taste of Blueberry, Vanilla, and icy-fresh notes of eucalyptus in the Red Bull Iced Edition; Red Bull's premium energy blend includes caffeine, the amino acid taurine & four essential B vitamins (B3, B6, B12 and B5), which contribute to normal energy-yielding metabolism. | Each 8.4 fl oz can contains 5 calories, 80mg of caffeine which helps to increase alertness, plus no sugar. Trusted and consumed by world renowned athletes and everyday fitness enthusiasts | This lightly sparkling energy drink gives you wiiings for gaming, work, school, sports, pre-workout, music festivals, and on-the-go; Made to be vegetarian and free from dairy, gluten, and lactose | Try our various Red Bull Editions featuring the flavors of White Peach, Iced Vanilla Berry, Strawberry Apricot, Juneberry, Wild Berries, Watermelon, Coconut Berry and Tropical; Sugarfree options include Red Bull Sugarfree, Red Bull Zero, Iced Vanilla Berry, Juneberry, White Peach and Wild Berries | Best enjoyed ice cold, Red Bull also makes an excellent base for non-alcoholic mocktails; Add in your favorite fruit juice or fruit garnishes for endless combinations",https://www.amazon.com/sspa/click?ie=UTF8&spc=MTo0MzU1NDk1NjkwNjIyMjk1OjE3Nzg3MDU1NzU6c3BfYXRmOjMwMTE5MzEyMzk2NDgwMjo6MDo6&url=%2FRed-Bull-Sugarfree-Caffeine-Vitamins%2Fdp%2FB0GN94VSVQ%2Fref%3Dsr_1_4_sspa%3Fdib%3DeyJ2IjoiMSJ9.ZBUOAGcUat0F0uZl7_Z5halk4eUiEJPkTpgYAvnpiYzGpDmyA9882WZKnP8rRhEmslCkzcHFOxo3CgDPyl_T-BOrFwpHntt0n7rOYXjmNHKRDXtbeGNuqCcK0qoqyZTp0jyrS06WEs1D0fnWNzh_I05HRKjuLX9peOn2pcGhCv1xdx-ql9yoH3XUb9wOIATS-k4xtvvx93qDAJcV2jFmVBTxItcH_YqP2K2eSXZHredWI0ehzVpoj8Sr24-PZ4svAQ1Ol39bX-qNi-MHCqsq1pKqQDe0VMCiX68oaA5DnKc.ChVXn8dBxBH_3y3N7k4x7-JXGlYlcQ3CiIU2EfQyvoI%26dib_tag%3Dse%26keywords%3DCelsius%2Benergy%2Bdrink%26qid%3D1778705575%26sr%3D8-4-spons%26sp_csd%3Dd2lkZ2V0TmFtZT1zcF9hdGY%26psc%3D1,2026-05-13 16:52:59
B0GN97W382,Alani Nu energy drink,"Red Bull Peach Edition Sugarfree Energy Drink, White Peach, 8.4 fl. oz., Pack of 8, with 80mg Caffeine, Taurine & B Vitamins",Red Bull,15.16,3.5,2.0,,"Grocery & Gourmet Food; Beverages; Bottled Beverages, Water & Drink Mixes; Energy Drinks",,"The information below is per-pack only | Enjoy a burst of White Peach, a touch of citrus peel and subtle floral notes in the Red Bull Peach Edition; Red Bull's premium energy blend includes caffeine, the amino acid taurine & four essential B vitamins (B3, B6, B12 and B5), which contribute to normal energy-yielding metabolism. | Each 8.4 fl oz can contains 5 calories, 80mg of caffeine which helps to increase alertness, plus no sugar. Trusted and consumed by world renowned athletes and everyday fitness enthusiasts | This lightly sparkling energy drink gives you wiiings for gaming, work, school, sports, pre-workout, music festivals, and on-the-go; Made to be vegetarian and free from dairy, gluten, and lactose | Try our various Red Bull Editions featuring the flavors of White Peach, Iced Vanilla Berry, Strawberry Apricot, Juneberry, Wild Berries, Watermelon, Coconut Berry and Tropical; Sugarfree options include Red Bull Sugarfree, Red Bull Zero, Iced Vanilla Berry, Juneberry, White Peach and Wild Berries | Best enjoyed ice cold, Red Bull also makes an excellent base for non-alcoholic mocktails; Add in your favorite fruit juice or fruit garnishes for endless combinations",https://www.amazon.com/sspa/click?ie=UTF8&spc=MToxNzM3NTQ2MTY2MjY2NTc3OjE3Nzg3MDU4OTU6c3BfbXRmOjMwMTE5MzEyMzk2MzIwMjo6MDo6&url=%2FRed-Bull-Sugarfree-Caffeine-Vitamins%2Fdp%2FB0GN97W382%2Fref%3Dsr_1_11_sspa%3Fdib%3DeyJ2IjoiMSJ9.HMKeRJYOdRpmpPAO3SaPT3it_yKih9w1CrZLnVaz6G5wB-RPX54DFMUoraHe9mfeEHCVbENVSlWRspCx37Ys-KhZ3_OIqyHWSdW3AEYKEHBOgHCIqCjAIsLgrMr_03wkxkphpQD0yxy8PsFnkapE2-8kdjEp1zrf7fKj3B5EAsIPidAO-YP9u_LIyW9ZQ1r8zof1i9rrTosgScJO2Ym5AOfziIiyUWNxZiHvh7CrDdZFyVREwMQ55fhkE7iR3x5Ucu3Cd93AfSTxMlYaHBOaXOjm3Ip-IizYW5hqEXYoS8M.x-0sVGCjUjbiF30l4aR-wIq4jPfGALUrKMbAXLRpxSY%26dib_tag%3Dse%26keywords%3DAlani%2BNu%2Benergy%2Bdrink%26qid%3D1778705895%26sr%3D8-11-spons%26sp_csd%3Dd2lkZ2V0TmFtZT1zcF9tdGY%26psc%3D1,2026-05-13 16:58:18
B0GN9FZ937,Ghost energy drink,"Red Bull Iced Edition Energy Drink, Iced Vanilla Berry, 8.4 fl. oz., Pack of 8, with 80mg Caffeine, Taurine & B Vitamins",Red Bull,15.16,4.7,4.0,,"Grocery & Gourmet Food; Beverages; Bottled Beverages, Water & Drink Mixes; Energy Drinks",,"The information below is per-pack only | Enjoy the taste of Blueberry, Vanilla, and icy-fresh notes of eucalyptus in the Red Bull Iced Edition; Red Bull's premium energy blend includes caffeine, the amino acid taurine & four essential B vitamins (B3, B6, B12 and B5), which contribute to normal energy-yielding metabolism. | Each 8.4 fl oz can contains 110 calories, 80mg of caffeine which helps to increase alertness, plus 26g of real sugar similar to a glass of apple juice of the same size. Trusted and consumed by world renowned athletes and everyday fitness enthusiasts | This lightly sparkling energy drink gives you wiiings for gaming, work, school, sports, pre-workout, music festivals, and on-the-go; Made to be vegetarian and free from dairy, gluten, and lactose | Try our various Red Bull Editions featuring the flavors of White Peach, Iced Vanilla Berry, Strawberry Apricot, Juneberry, Wild Berries, Watermelon, Coconut Berry and Tropical; Sugarfree options include Red Bull Sugarfree, Red Bull Zero, Iced Vanilla Berry, Juneberry, White Peach and Wild Berries | Best enjoyed ice cold, Red Bull also makes an excellent base for non-alcoholic mocktails; Add in your favorite fruit juice or fruit garnishes for endless combinations",https://www.amazon.com/sspa/click?ie=UTF8&spc=MTo1OTIxNzk3MzMxOTcwNjMzOjE3Nzg3MDU3MzU6c3BfYXRmOjMwMTE5MzQzNDIyMTkwMjo6MDo6&url=%2FRed-Bull-Vanilla-Caffeine-Vitamins%2Fdp%2FB0GN9FZ937%2Fref%3Dsr_1_3_sspa%3Fdib%3DeyJ2IjoiMSJ9.34_qV_CobJN405BnzfNFv6Fq3KrZ3WhwEu_I--pwEDDqfNbTOwwLyu7QG7xf94BnSlsmOj4e8XEZzh3-CrgGpcb7bDEwkNSpsODmEuAUlxdDzspgbYt7hwBDArkCbKru406kZ0mG8NX1HydZ811uivoxNAC4Lg0AUw_pIexrbj62wM2K0TguMrdTH6blulnHaWjaxp4aYsQ8FA5RL8Ffo5doAuogO8_jgAXZltyYwQzRvDWuq_DjxS0Qe5PZFg7HGMkz3rL9z94o9IO_lIykvz6dWkG3l-norsz7w-1Nyxc.UAZO9HPBprhva9t_f2tsMMQ0vedYpSf9SBbIaCBlNxA%26dib_tag%3Dse%26keywords%3DGhost%2Benergy%2Bdrink%26qid%3D1778705735%26sr%3D8-3-spons%26sp_csd%3Dd2lkZ2V0TmFtZT1zcF9hdGY%26psc%3D1,2026-05-13 16:55:39
B0GT6VRQRH,Alani Nu energy drink,Alani Nu Cotton Candy Sugar Free Energy Drink (Pack of 12),Alani Nu,29.99,5.0,7.0,,"Grocery & Gourmet Food; Beverages; Bottled Beverages, Water & Drink Mixes; Energy Drinks","Say hello to Alani Energy —the craveable energy drink that powers your day with zero sugar and only 15 calories or less. With 200mg of caffeine and B vitamins, it’s a delicious boost for workouts, mornings, or slumps, wrapped in flavors like Juicy Peach and Hawaiian Shaved Ice. Lightly carbonated and vegan, it’s clean energy that keeps you glowing—grab it and shine!","ZERO SUGAR ENERGY DRINK WITH 200MG CAFFEINE: Power through your workouts, workdays, and active lifestyle with Alani Nu Energy; This clean energy drink delivers 200MG of caffeine for a refreshing, long-lasting boost—all with zero sugar, and no crash | B VITAMINS FOR NATURAL ENERGY & PERFORMANCE: Formulated with B5, B6, AND B12 vitamins, this low-calorie energy drink supports natural energy production and helps fight fatigue; plus, L-theanine provides a steady energy boost without jitters | LIGHTLY CARBONATED FOR SMOOTH, GREAT-TASTING FLAVOR: Why settle for bitter, artificial energy drinks; Alani Nu Energy is a low-calorie, sugar-free energy drink with delicious, crave-worthy flavors | CLEAN ENERGY: VEGAN, GLUTEN-FREE & NO ARTIFICIAL COLORS: Unlike traditional energy drinks, Alani Nu Energy is vegan, gluten-free, and made without artificial colors; fuel your body with better-for-you energy that supports your beauty & fitness goals | PRE-WORKOUT ENERGY DRINK & DAILY PICK-ME-UP: Alani Nu Energy fuels your fitness goals, busy days, and everything in between; PLEASE NOTE: Alani Nu Energy is not recommended for children, those sensitive to caffeine, pregnant women, or nursing mothers",https://www.amazon.com/Alani-Nu-Cotton-Candy-Energy/dp/B0GT6VRQRH/ref=sr_1_10?dib=eyJ2IjoiMSJ9.HMKeRJYOdRpmpPAO3SaPT3it_yKih9w1CrZLnVaz6G5wB-RPX54DFMUoraHe9mfeEHCVbENVSlWRspCx37Ys-KhZ3_OIqyHWSdW3AEYKEHBOgHCIqCjAIsLgrMr_03wkxkphpQD0yxy8PsFnkapE2-8kdjEp1zrf7fKj3B5EAsIPidAO-YP9u_LIyW9ZQ1r8zof1i9rrTosgScJO2Ym5AOfziIiyUWNxZiHvh7CrDdZFyVREwMQ55fhkE7iR3x5Ucu3Cd93AfSTxMlYaHBOaXOjm3Ip-IizYW5hqEXYoS8M.x-0sVGCjUjbiF30l4aR-wIq4jPfGALUrKMbAXLRpxSY&dib_tag=se&keywords=Alani+Nu+energy+drink&qid=1778705895&sr=8-10,2026-05-13 16:58:18
B0GVTW2RRC,Celsius energy drink,"CELSIUS Sparkling Electric Vibe, Functional Energy Drink 12 Fl Oz (Pack of 12)",Celsius,17.98,4.3,12.0,,"Grocery & Gourmet Food; Beverages; Bottled Beverages, Water & Drink Mixes; Energy Drinks","CELSIUS® is functional, Essential Energy, a better-for-you, premium alternative to traditional energy drinks. As a global, lifestyle fitness drink, CELSIUS® was created to help people LIVE FIT, exceed their goals and elevate their everyday lives. Our CELSIUS® VIBE Essential Energy Drinks feature bold flavor combinations that transport you beyond the can to amazing global destinations that inspire us all. From sunny, tropical beaches, to snowy mountainscapes. What’s your vibe? Made with proven, premium ingredients, 7 Essential Vitamins and zero sugar, no artificial colors, no aspartame, no high fructose corn syrup and non-GMO. CELSIUS® is vegan, gluten-free and Kosher. Our proprietary MetaPlus blend contains green tea extract with EGCG. It also includes guarana seed extract, ginger root for flavor and digestion, vitamin C to help support your immune system, vitamin B for energy production, and chromium to help control hunger, making it an ideal pre-workout drink. Inspired by the sunny beaches of Miami, there's nothing but good vibes when you open a can of CELSIUS®F. Savor the vibrant, juicy flavors in every sip! Made with clinically proven ingredients, this carbonated flavor of CELSIUS® has the perfect balance of flavor and energy that serves as an awesome pick-me-up for active lifestyles. Make CELSIUS® your go to choice for Essential Energy! CELSIUS® is available in 12 Fl Oz slim cans and sold in a 12-pack for convenience.","Functional, Essential Energy with 200mg Caffeine to help you LIVE FIT | Made with Premium, Proven Ingredients and 7 Essential Vitamins | No Sugar | No High Fructose Corn Syrup, No Aspartame, No Artificial Flavors or Colors | Gluten-Free, Kosher, Non-GMO, & Certified Vegan",https://www.amazon.com/CELSIUS-Sparkling-Electric-Functional-Energy/dp/B0GVTW2RRC/ref=sr_1_9?dib=eyJ2IjoiMSJ9.ZBUOAGcUat0F0uZl7_Z5halk4eUiEJPkTpgYAvnpiYzGpDmyA9882WZKnP8rRhEmslCkzcHFOxo3CgDPyl_T-BOrFwpHntt0n7rOYXjmNHKRDXtbeGNuqCcK0qoqyZTp0jyrS06WEs1D0fnWNzh_I05HRKjuLX9peOn2pcGhCv1xdx-ql9yoH3XUb9wOIATS-k4xtvvx93qDAJcV2jFmVBTxItcH_YqP2K2eSXZHredWI0ehzVpoj8Sr24-PZ4svAQ1Ol39bX-qNi-MHCqsq1pKqQDe0VMCiX68oaA5DnKc.ChVXn8dBxBH_3y3N7k4x7-JXGlYlcQ3CiIU2EfQyvoI&dib_tag=se&keywords=Celsius+energy+drink&qid=1778705575&sr=8-9,2026-05-13 16:52:59
