asin,brand,product_title,search_term,review_id,review_title,review_text,rating,review_date,review_country,verified_purchase,helpful_votes
B002RSRURY,Celsius,"CELSIUS On-The-Go Powder Stick Packs, Zero Sugar (14 Sticks per Pack), Berry, 2.5 Ounce",Celsius energy drink,R3VZVXAHVD4GD7,Want to order it more by amazon.dr,"I love it, where can I buy it again?",5,2021-06-04,Germany,True,
B002RSRURY,Celsius,"CELSIUS On-The-Go Powder Stick Packs, Zero Sugar (14 Sticks per Pack), Berry, 2.5 Ounce",Celsius energy drink,R2N3NF36X26JPM,Nice,Nice,5,2023-08-19,Australia,True,
B002RSRURY,Celsius,"CELSIUS On-The-Go Powder Stick Packs, Zero Sugar (14 Sticks per Pack), Berry, 2.5 Ounce",Celsius energy drink,RA9LT60FRW7I3,very good,"The CELSIUS On-the-Go Powder Stick Packs in Berry flavor (Zero Sugar, 14 Sticks per Pack, 2.5 Ounce per Pack) have received a lot of positive attention for their convenience, refreshing taste, and effective energy-boosting properties. Here’s a breakdown of what customers typically highlight in their reviews:### **Taste:**Many users enjoy the **Berry flavor** of these powder sticks. It's described as **refreshing** and not overly sweet, despite being sugar-free. It strikes a balance between tart and sweet, providing a pleasant experience when mixed with water.### **Convenience:**The **on-the-go powder sticks** are frequently praised for their portability. They come in individual packets, making them incredibly convenient for people who are always on the move. Simply add one packet to water and enjoy a quick energy boost without needing to carry bulky cans or bottles.### **Performance:**CELSIUS powder sticks are marketed as a product that provides **natural energy** without the sugar crash associated with many energy drinks. The formula includes ingredients like **green tea extract, caffeine, and ginger**, which provide a clean boost of energy. Reviewers often mention feeling energized and alert after drinking, with many appreciating the **lack of jitters** or crashes.### **Zero Sugar:**For those who are watching their sugar intake, the zero-sugar aspect is a significant selling point. Customers often note that they can enjoy a flavorful energy drink without the negative effects of sugar, like an insulin spike or crash.### **Health Focus:**CELSIUS is positioned as a **fitness and wellness product**, so it's marketed as being free from artificial preservatives, flavors, and sweeteners. Many reviews highlight the product’s **health-conscious ingredients**, which include **vitamins and minerals** that may support metabolism.### **Drawbacks:**Some customers mention that the flavor can be a bit **strong or artificial** for certain tastes, especially if mixed with too little water. Also, while the caffeine boost works for many, those sensitive to caffeine might find it a bit too strong.### **Packaging:**The compact, lightweight packaging makes it perfect for tossing in a gym bag or backpack. The 14-stick pack provides a decent quantity for frequent use, though some users might find it runs out quickly if consumed regularly.Overall, **CELSIUS On-the-Go Powder Stick Packs** are highly rated for their **convenience**, **taste**, and **energy-boosting effects**. They're an excellent option for individuals looking for a sugar-free, healthy alternative to traditional energy drinks. If you enjoy berry-flavored drinks and need a quick pick-me-up, this product is likely a good fit. Just be mindful of the caffeine content if you're sensitive to stimulants.",5,2024-12-21,the United States,True,27.0
B002RSRURY,Celsius,"CELSIUS On-The-Go Powder Stick Packs, Zero Sugar (14 Sticks per Pack), Berry, 2.5 Ounce",Celsius energy drink,R1A56Y033MCD0S,El sabor está delicioso,Súper deliciosos y sirven muy bien como pre entreno,5,2025-10-07,Mexico,True,
B002RSRURY,Celsius,"CELSIUS On-The-Go Powder Stick Packs, Zero Sugar (14 Sticks per Pack), Berry, 2.5 Ounce",Celsius energy drink,R2TJETTMDB2907,Convenient Energy Boost Anywhere,"I love these Celsius On-The-Go packets! They’re perfect for busy mornings or when I need a quick pick-me-up during work. The flavor is really good—not too sweet—and it dissolves easily in water without leaving any gritty texture.I’ve noticed it gives me a clean, steady energy boost without the jitters or crash I get from other drinks. It’s also super convenient to toss a few packets in my bag so I don’t have to rely on buying energy drinks when I’m out.Overall, great taste, great energy, and perfect for staying active throughout the day. Definitely a must-have for anyone who wants something quick and effective!",5,2025-11-29,the United States,True,
B002RSRURY,Celsius,"CELSIUS On-The-Go Powder Stick Packs, Zero Sugar (14 Sticks per Pack), Berry, 2.5 Ounce",Celsius energy drink,R23OE4IIMQVBFZ,Perfect for Travel and Busy Mornings! Great On-the-Go Caffeine Boost,"These CELSIUS stick packs are absolutely fantastic for anyone who needs a quick, reliable energy lift without the fuss of a can.On-the-Go Power: These are great for an on-the-go caffeine boost! They're super convenient to throw into a purse, backpack, or gym bag—perfect for travel, work, or before a workout.Easy to Use: Just pour the powder into a water bottle and shake. It dissolves easily and quickly.Zero Sugar: I love that they are zero sugar but still deliver a clean, effective energy boost without the jitters or the crash.Good Flavor: The Berry flavor is quite good and refreshing, not artificial or overly sweet.Highly Recommended: If you want a portable, efficient, and zero-sugar way to get energy, these stick packs are a winner.",5,2025-11-30,the United States,True,6.0
B002RSRURY,Celsius,"CELSIUS On-The-Go Powder Stick Packs, Zero Sugar (14 Sticks per Pack), Berry, 2.5 Ounce",Celsius energy drink,R1PPZIKOYS7SY6,GREAT for travel!,"I drink Celsius nearly every day and these are perfect for how much I travel. I can just throw them in my bag and shake them up with a water bottle in the morning. They are great quality. They have a good caffeine content since I don’t drink coffee, and they’re super effective for increasing my energy level. They’re really easy to mix and taste very similar to Celsius that you would buy in a can at a fraction of the price. They obviously last a lot longer than the carbonated version does since they are self stable.  highly recommend to anyone who is a Celsius lover.",5,2025-12-15,the United States,True,6.0
B002RSRURY,Celsius,"CELSIUS On-The-Go Powder Stick Packs, Zero Sugar (14 Sticks per Pack), Berry, 2.5 Ounce",Celsius energy drink,R35HKFPGSZNCIS,Buen producto y excelente cuidado en el envío!,"El producto es buenísimo pero además, les recomiendo este vendedor. Puso en una bolsa de plástico la caja, la selló y entonces envió la cajita a reparto. Al ser una caja de cartón, fácilmente se aplasta y puede salir el producto.",5,2026-01-02,Mexico,True,
B002RSRURY,Celsius,"CELSIUS On-The-Go Powder Stick Packs, Zero Sugar (14 Sticks per Pack), Berry, 2.5 Ounce",Celsius energy drink,R2OISQ1KNZ007F,Great,"These are great, so convenient",5,2026-02-21,the United Kingdom,True,
B002RSRURY,Celsius,"CELSIUS On-The-Go Powder Stick Packs, Zero Sugar (14 Sticks per Pack), Berry, 2.5 Ounce",Celsius energy drink,R1AGKZWDYUEXBJ,Worth the buy!,"Love these!  Convenient to travel with and correct funky tasting water, Amazon always has my favorite flavors (unlike the grocery store I frequent), MUCH easier on the stomach than coffee, zero sugar/low carb (1g), and great flavor.  The only true cons I have with these is their use of artificial sweeteners (sucralose)…wish we could get past them.",4,2026-03-31,the United States,True,1.0
B002RSRURY,Celsius,"CELSIUS On-The-Go Powder Stick Packs, Zero Sugar (14 Sticks per Pack), Berry, 2.5 Ounce",Celsius energy drink,R3LGOIDVJSPMBP,Great taste and works!,Bought for a coworker who loves this flavor. I’m partial to the tropical flavors but this one is pretty good too!,5,2026-04-06,the United States,True,
B002RSRURY,Celsius,"CELSIUS On-The-Go Powder Stick Packs, Zero Sugar (14 Sticks per Pack), Berry, 2.5 Ounce",Celsius energy drink,R3OMBL8Z5YWDQN,Great taste,"Picked these up to try something different and they’ve been solid. Flavor’s actually pretty good—not overly sweet or fake. I add it to yogurt sometimes. Easy to mix, no clumps. Gives a decent boost without making me feel wired.",5,2026-04-21,the United States,True,
B002RSRURY,Celsius,"CELSIUS On-The-Go Powder Stick Packs, Zero Sugar (14 Sticks per Pack), Berry, 2.5 Ounce",Celsius energy drink,R2HSFIE2PZ6VN3,Great taste and it does give energy,"Great taste, good price, gives the energy needed to help me at work.",5,2026-05-02,the United States,True,
B0038NEOKS,AdvoCare,"AdvoCare Spark - Energy Drink Mix - Vitamin & Amino Acid Supplement - Supports Energy & Focus - Portable Immune Support - Sugar-Free - Fruit Punch, (10.5 oz)",Ghost energy drink,R2S9H9UHYTUNMF,You will never find anything else quite like this!! It's a must buy for athletes and the everyday health enthusiast alike!,"As wrestler, I am very concerned with diet, exercise, and getting as much long lasting energy as possible from everything that I eat (yes believe it or not most successful wrestlers do eat. They just know what to eat and when)! Spark is something I live on both in and out of my season! Long lasting energy, no crash, and compared to most energy supplements extremely healthy!! But that's only half the battle. The other half is finding something that tastes good enough that you are actually excited to take it, and spark does just that! Three scoops (which are surprisingly small) of this stuff spread out throughout the day has been enough to get me through grueling tournaments (including my time at the Colorado state tournament) with ease. Personally I mix a scoop of this with a scoop of Accelerade to make the ultimate energy/recovery/rehydration drink I have ever had. And the best part about spark is that it triples as both a preworkout, energy supplement during your workout, or postworkout/rehydration suppliment depending on when you take it.Outside of wrestling, I am a lifter, work at a tire shop, and particpate in many other sports and community service projects. Through it all, Spark is my go to choice for energy when I need it. Not soda, not red bull, not gatoraid, and not other types of quick energy replacement suppliments. Although I am sure these things do work for other people, I have found that Spark is not only the healthiest of these options, but (at least for me) also one of the most effective options as well. Even on those weigh in days for wrestling or just a normal day when no water is available, I love the taste enough to be able to just put the powder straight in my mouth and take it that way.In terms of the actual product, it mixes very well. Minimal clumping even when it might be a little more saturated than normal due to the lack of enough water and it mixes well with other products (such as Accelerade) nicely if you like to do that. Out of the many flavors I prefer the fruit punch the best, however I have tried all the flavors and would not hesitate to buy any of them if the fruit punch was sold out. You do have to rinse your water bottle a few times to get it all out after you drink it but that is pretty typical of any type of supplement or energy drink. If you have never tried Spark before, I know it might look a little pricey, but it is worth the money! I would definitely recommend trying it out! Take it from the wrestler and just an everyday person who has tried just about everything when it comes to energy/rehydration suppliments out there.",5,2014-02-25,the United States,True,35.0
B0038NEOKS,AdvoCare,"AdvoCare Spark - Energy Drink Mix - Vitamin & Amino Acid Supplement - Supports Energy & Focus - Portable Immune Support - Sugar-Free - Fruit Punch, (10.5 oz)",Ghost energy drink,R3SCATR6SQG5AE,Wish the sweetners used were more natural,"Love the Fruit Punch flavor, and sustained energy it provides.  I wish the company would use more natural sweeteners such as Stevia or Monk fruit",4,2025-12-05,the United States,True,4.0
B0038NEOKS,AdvoCare,"AdvoCare Spark - Energy Drink Mix - Vitamin & Amino Acid Supplement - Supports Energy & Focus - Portable Immune Support - Sugar-Free - Fruit Punch, (10.5 oz)",Ghost energy drink,R1LEFRNHH4L67E,The price,Great product and price,5,2026-02-28,the United States,True,
B0038NEOKS,AdvoCare,"AdvoCare Spark - Energy Drink Mix - Vitamin & Amino Acid Supplement - Supports Energy & Focus - Portable Immune Support - Sugar-Free - Fruit Punch, (10.5 oz)",Ghost energy drink,RQ9OPTX0JECD6,Amazing Energy & Focus,"Ive used spark for over a decade. I am in my 40, run a business, and also a runner of 10ks. I love how focused and energized its made me feel every use and without the shakes. Amazing product!!! Go Advocare!!",5,2026-03-22,the United States,True,
B0038NEOKS,AdvoCare,"AdvoCare Spark - Energy Drink Mix - Vitamin & Amino Acid Supplement - Supports Energy & Focus - Portable Immune Support - Sugar-Free - Fruit Punch, (10.5 oz)",Ghost energy drink,R1SXUHN8ZVH3TH,Tastes great and no jitters,Tastes so good! Gives nice boost of energy before a workout or just maybe to get you through a sluggish day. Did not give me the jitters like some of the other energy drinks I have tried.,5,2026-04-14,the United States,True,
B0038NEOKS,AdvoCare,"AdvoCare Spark - Energy Drink Mix - Vitamin & Amino Acid Supplement - Supports Energy & Focus - Portable Immune Support - Sugar-Free - Fruit Punch, (10.5 oz)",Ghost energy drink,R1K4IQSLZP96XK,Helped me quit energy drinks! Been using it for years.,People use this for pre workout but I use it to wake up in the mornings! Im not a coffee drinker so I need a little extra boost and this does the trick. I don't have a crash with this. Been using it for years and it actually helped me quit energy drinks and its a healthy alternative.,5,2026-04-23,the United States,True,
B0038NEOKS,AdvoCare,"AdvoCare Spark - Energy Drink Mix - Vitamin & Amino Acid Supplement - Supports Energy & Focus - Portable Immune Support - Sugar-Free - Fruit Punch, (10.5 oz)",Ghost energy drink,R2ONBLCKVSWXYJ,worth it,i love this flavor. works well to help brink a spring to my morning step,5,2026-04-24,the United States,True,
B0038NEOKS,AdvoCare,"AdvoCare Spark - Energy Drink Mix - Vitamin & Amino Acid Supplement - Supports Energy & Focus - Portable Immune Support - Sugar-Free - Fruit Punch, (10.5 oz)",Ghost energy drink,R2GP0362UJE9NF,Will order again!,Love SPARK!,5,2026-05-03,the United States,True,
B0050MMKBA,Celsius,"CELSIUS Fitness Drink 9-Flavor Variety Pack, Zero Sugar, Slim Can 12 Fl Oz (Pack of 12)",Celsius energy drink,R25ZEF5ZJP8K8W,Surprisingly Beneficial!,"This stuff is pretty great! I've typically been drinking a can each morning before my run and I have burned more calories from the energy it gives me than I was burning previous to drinking these. That's definitely what they mean by ""burn an extra 100 calories"". Simply drinking Celsius will not shed any pounds; it is meant to be a supplement to aid in calorie burning.Although Celsius seems to be an excellent source of energy, I learned the hard way not to drink it at night. I was so excited to receive them that as soon as they arrived at 7pm, I immediately chugged an entire can. While my run was awesome and filled with energy that night, I finished the run and spotlessly cleaned every surface in my apartment, vaccumed every inch of carpet, scrubbed all of my tile, and pointlessly did laundry and other various chores that were definitely not necessary. Having all of that energy was great until it was suddenly 3am and I was unable to fall asleep to wake up at 6am for work! Big mistake.The flavors aren't too bad, either:Raspberry Acai Green Tea - This one is, by far, my favorite. Perhaps it's just because I love tea, but the flavor is nice and refreshing. It almost tastes like a low calorie snapple.Sparkling Orange - While I'm not a fan of carbonation, this flavor wasn't bad at all. To me, it tasted like diet orange soda.Sparkling Wild Berry - Another carbonated flavor that isn't too bad if you like that kind of thing. I thought it tasted like a fruity soda.Cola - This tastes EXACTLY like diet Pepsi.Green Tea Peach Mango - This flavor was also quite good. You can definitely taste the fruit in it, which is comforting and yummy.So basically, if you're looking to boost the energy in your workouts, I would suggest Celsius. It's a million times better than any other energy drink on the market and it's much better for your health. Try it out!",5,2014-05-27,the United States,True,52.0
B0050MMKBA,Celsius,"CELSIUS Fitness Drink 9-Flavor Variety Pack, Zero Sugar, Slim Can 12 Fl Oz (Pack of 12)",Celsius energy drink,RK47MY2Q9ZZOQ,Good even if you don't work out,"I bought this as a temporarily replacement to Monster as a caffeine source since I couldn't get to a store to buy a pack, and I was pleasantly surprised. First off, please note that I paid only $11 for these since I had a gift card to apply, so I'm not so sure if I'd find it worth the $20 price tag in the future. I usually have to drink a full energy drink to get through any day, and I can barely feel the caffeine's effects when I drink one. With these, I could feel energized (I believe that's because there's a little more caffeine in a can of this than there is in a Monster); it did make me a little jittery, so if you don't like that feeling, these might not be for you. I personally don't regularly work out, but my friend does, so I gave him a few of the cans to try, and he found that he enjoyed his workout more those days. For me, the fact that they're all 5 or 10 calories is good enough since I don't work out. As for the flavors, there are five different ones, and my friend and I enjoyed each one except for the cola, but hey, I can overlook one bad flavor for all the caffeine these have.",5,2016-03-25,the United States,True,2.0
B0050MMKBA,Celsius,"CELSIUS Fitness Drink 9-Flavor Variety Pack, Zero Sugar, Slim Can 12 Fl Oz (Pack of 12)",Celsius energy drink,RD7AVVIBZH52D,Amazing,"I suffer from chronic fatigue syndrome and have to take medication daily to help combat it, but it still doesn't work completely. Getting going in the morning, staying focused, energized, and physically motivated has been a struggle for me since childhood, and genetically I metabolize caffeine at much faster rate than what is considered to be average or normal (I had DNA genome testing done). This means the amount of caffeine I need to consume in order to benefit from its effects is much greater, and the duration of its effects is considerably shorter. I end up having to drink caffeinated beverages all day long just to stay awake, but it does very little in regards to keeping me from feeling sleepy or physically exhausted. Unfortunately this has also led to weight gain because I'm not as active as I'd like to be.I've tried every energy drink, every caffeinated gum, every powder, every energy pill. They either don't work well enough, are too sweet, make me feel nauseous or shaky rather than energized, cause headaches or sugar crashes and leave me feeling worse.I ordered a case of Celsius not knowing what to expect, but willing to give it a go. The fact that it is sugar free, aspartame free, free of artificial preservatives, high fructose corn syrup, and free from artificial coloring and flavors was the high selling point for me. The burning an extra 100 calories claim was just a bonus, but also intriguing. I hoped that it wouldn't taste awful. I'm very happy to say that not only does it work at keeping me energized and not just awake, it tastes great!My favorite are the two non-carbonated flavors, but the carbonated flavors aren't horrible though, even the cola which I was dubious about.Just ONE of these in the morning has completely replaced my need to drink copious amounts of coffee, tea, or soda throughout the day. Only one day did I have Celsius and coffee both. It makes me feel awake, focused, and most of all I get things DONE! It doesn't make me feel nauseous, shaky, give me headaches or cause any kind of crash either!I'm am SO glad I tried this! This is a total game changer for me! I am now completely out and ordered another case.Word of advice: if you drink it too late in the day you're gonna be up all night. The first time I tried it I drank it at around 7pm because I was falling asleep and needed to cook dinner. I ended up not being able to sleep until about 4 am. Also, if you're sensitive to caffeine I'd drink half and wait to see how it affects you before drinking the other half. My friend tried one when visiting because I was raving about it and it made him really shaky and anxious before he even finished it.I'm a complete convert and now I don't think I could go a day without having one in the morning.Highly recommend trying! Not only does it work, it's not full of nasty chemicals. Who could ask for anything more?**Update 12/6/16**I still drink one of these a day, sometimes two depending on what I'm doing and how much energy I need. I basically only drink the Cola and the Raspberry Acai flavors at this point.I tried the Watermelon recently and I don't like it at all. It has that chemical watermelon taste to it that watermelon gum has. Gah! I don't recommend that one. It's the ONLY flavor I've tried that I flat out dislike. It's way too sweet. I still have the case in my pantry. If I'm out of my regular flavors I will down one quickly before it loses any of its coldness. It's honestly the only way a I can get it down, bleh!Avoid!Despite the nastiness of the Watermelon, Celsius is still part of my daily routine. It's still the only drink to have the effects I'm looking for in an energy drink.I've even gotten a friend hooked and she now orders them and drinks them daily as well.My mom has MS and has a lot of lethargy because of it. She was drinking a few of the leading brands of energy drinks, and all the chemicals in them worried me, especially with how much of them she was drinking. I recommended that she try out Celsius, and now she drinks one a day and no longer needs to drink the other brands, and she is able to function much better all around. She swears by them and tells me she isn't getting headaches anymore, doesn't get jittery and her stamina for physical activity has improved greatly.",5,2016-04-16,the United States,True,198.0
B0050MMKBA,Celsius,"CELSIUS Fitness Drink 9-Flavor Variety Pack, Zero Sugar, Slim Can 12 Fl Oz (Pack of 12)",Celsius energy drink,R1QHJW8T8UWRRG,Caffeine,Great flavor,5,2026-01-19,the United States,True,
B00I5LNILE,GURU,"GURU Energy Drink Original, Organic Sparkling Energy Drink, 140 MG Natural Caffeine for Workouts, Performance & Midday Boost, Plant Based, Gluten Free, Vegan, 12 Fl Oz, 12 Pack.",Alani Nu energy drink,R2IKVORG8UBTN7,Perfect for coding...,"I personally am a connoisseur of energy drinks. I rely on caffeine for most of my projects at school and for late night coding sessions as well as marathon gaming. Although energy drinks can be considered a crutch, it's a lifestyle decision that many, many people embrace rather than attempt to avoid... I am one of these people.That said, Guru Energy is fairly cheap ($1.25USD/can) if you buy it here off Amazon, it comes in the Redbull standard 8.3 fl/oz cans, and is shipped in a suprisingly lightweight and compact case (compare this to Monster, Rockstar, or any other brand with standard 16 fl/oz cans).The taste, like Guru's website describes, is very indescribable. It is very sharp and light with a medium amount of carbonation. The caffeine buzz is more ""natural""... it has more of an upslope and downslope rather than a sudden cracked out (which is arguably awesome too in its own respect) then big crash sort of feeling. This is because the caffeine in Guru is derived from 125mg of Guaranine (Guarana Herb) rather than synthetically separated then added. There is no mention about how much of the 125mg of Guaranine is real caffeine, but since Red Bull checks in at 80mg / 8.3oz it seems that Guru is in pretty good shape.I think a particular good feature of Guru is that it uses cane sugar rather than high fructose corn syrup. I appriciate a good quality soda, particularly microbrew colas, and they often exclusively contain cane sugar.So in summary, this energy drink is farily cheap, good buzz, all natural, and great for coding, gaming, or studying.",5,2006-11-17,the United States,True,64.0
B00I5LNILE,GURU,"GURU Energy Drink Original, Organic Sparkling Energy Drink, 140 MG Natural Caffeine for Workouts, Performance & Midday Boost, Plant Based, Gluten Free, Vegan, 12 Fl Oz, 12 Pack.",Alani Nu energy drink,R19L3JVKQR68JJ,They changed the formula and ruined the drink. Plus they are false advertising now.,"I have searched high and low for an energy drink like this one. This is literally the only simple ingredient energy drink still on the market. The caffeine comes from natural sources. There are no artificial flavors, colors, or sweeteners. There is no high fructose corn syrup. It is clean and simple. It tastes good and gives a good energy boost without the crash that the big name drinks do.***Edit: Summer 2024, I have had these drinks on my subscribe and save monthly delivery for years. These were by far my favorite energy drink. A few months ago I received my regular shipment and it tasted terrible. The ingredient list no longer says ""cane sugar"" it now says ""cane syrup"". I contacted the company's customer service and after jumping through a bunch of hoops they sent me a replacement case of drinks. Sadly, the replacement drinks were the same new ""cane syrup"" formula that tastes terrible. The art on the can is different than what Amazon shows in the listing. And the ingredients list shown in the Amazon listing still states cane sugar. This is false advertising. ***Please change the drink back to the original formula*** Or at least stop false advertising.",5,2022-10-04,the United States,True,2.0
B00I5LNILE,GURU,"GURU Energy Drink Original, Organic Sparkling Energy Drink, 140 MG Natural Caffeine for Workouts, Performance & Midday Boost, Plant Based, Gluten Free, Vegan, 12 Fl Oz, 12 Pack.",Alani Nu energy drink,R1IEODO3LUCK9Y,"Product was received damaged, at least 5 of the drinks were damaged by shipping.",Product is fine unless it shows up damaged. I had 5 drinks which were damaged and I could not get a refund on my purchase.Edit: Even though Amazon.com didn't give me a refund. I messaged Guru and they offered me a full refund. Do 5 stars for great customer service,5,2024-03-19,Canada,True,
B00I5LNILE,GURU,"GURU Energy Drink Original, Organic Sparkling Energy Drink, 140 MG Natural Caffeine for Workouts, Performance & Midday Boost, Plant Based, Gluten Free, Vegan, 12 Fl Oz, 12 Pack.",Alani Nu energy drink,R36MMJY7O6XB1U,Different Recipe,"I used to bulk order these on a regular basis. Imagine my surprise when I received my latest order, cracked open the can, took a sip expecting the crisp refreshing taste of the Original Guru, and tasted the Lite version! I thought surely there had been a mix up or maybe it was a bad batch! So I went to Whole Foods to conduct an experiment and grabbed two Original cans from the shelf. One tasted like Original and one tasted Lite despite both being Original cans. Come to find out after some online sleuthing - THERE'S BEEN A RECIPE CHANGE! They've replaced organic cane SUGAR with SYRUP and its ruined the taste completely. I wish they had advertised this prior to my latest purchase (which will be my last) that was unable to be returned. It was a good run Guru, but you've lost a loyal customer. This one hurts just as bad as when RedBull discontinued their cranberry flavor :(",1,2024-08-31,the United States,True,47.0
B00I5LNILE,GURU,"GURU Energy Drink Original, Organic Sparkling Energy Drink, 140 MG Natural Caffeine for Workouts, Performance & Midday Boost, Plant Based, Gluten Free, Vegan, 12 Fl Oz, 12 Pack.",Alani Nu energy drink,R290DZMLBEPIB9,Good energy,This drink is  part of my daily diet it feels good without jitters that you get from other energy drink. I highly recommend.,5,2024-09-19,Canada,True,
B00I5LNILE,GURU,"GURU Energy Drink Original, Organic Sparkling Energy Drink, 140 MG Natural Caffeine for Workouts, Performance & Midday Boost, Plant Based, Gluten Free, Vegan, 12 Fl Oz, 12 Pack.",Alani Nu energy drink,R17VUXUI4IRNN7,Changed the recipe… Terrible!,"I have bought Guru drinks for years and the can appearance isn’t the only thing which has changed. The flavour is different now; less sour and more sweet, but not in a good way. There is a distinct aftertaste that no one in my family cares for. I won’t be buying more but that doesn’t mean you don’t have to avoid them. I am writing this in the hopes that other people won’t waste 50+ dollars on a case of something they might not like. Try an individual can from the store first!",1,2024-11-25,Canada,True,
B00I5LNILE,GURU,"GURU Energy Drink Original, Organic Sparkling Energy Drink, 140 MG Natural Caffeine for Workouts, Performance & Midday Boost, Plant Based, Gluten Free, Vegan, 12 Fl Oz, 12 Pack.",Alani Nu energy drink,R1MF6HSEYHHRCE,Excellent produit,"Je commande habituellement directement sur le site de Guru, mais le prix était imbattable avec l'offre de -35%. Reçu mes caisses en bonne et due forme, je vais récemment recommander lorsqu'il y aura de nouveaux rabais.",5,2025-04-05,Canada,True,
B00I5LNILE,GURU,"GURU Energy Drink Original, Organic Sparkling Energy Drink, 140 MG Natural Caffeine for Workouts, Performance & Midday Boost, Plant Based, Gluten Free, Vegan, 12 Fl Oz, 12 Pack.",Alani Nu energy drink,R2AESE056H7UUN,"Guru, The Best Energy Drink I've Ever Had in my Life!","I've been drinking energy drinks since I was a little kid, and the first one was obviously Red Bull back in the 1990s.  I can tell you though, I've always had issues with skin breakouts when drinking energy drinks, and gitteryness that gets my heart going to a wild speed that I don't think is very healthy.I love Guru, and the reason why is because they have half the amount of sugar, and it's not refined sugar, it's cane sugar!  The Original Flavor is my favorite, and I get this almost every month (if not sometimes twice a month in large quantities).  I wish I could work for Guru, because they're a fantastic company and I'd probably have an unlimited amount of Guru Energy Drinks to consume.One of the big factors I've noticed is, I don't have an irregular heart beat with Guru at all.  I can drink 3 of them, and I feel alert, yet fine and relaxed at the same time.  Yes, it gives you energy, but a GOOD energy and a positive feeling in your mindset.  I think cane sugar is far better than consuming refined sugar which is usually in cheap soda in the USA.Guru is best chilled, so leave it in your fridge in ice, or you could sandwich is between to ice cold buckets of ice cream, or whatever contents you have in the freezer.  I usually go the freezer route so I can get it chilled quick (5 to 10 minutes time, and it's good to go).I have also noticed that I don't get cavities with Guru Energy Drinks, not sure why but maybe it's just good luck?  My skin looks fine after consuming so many of these which to me is highly important, and why I strongly believe that the cheaper refined sugars 50+ grams found in your average Soda Pop will disrupt, and aggravate your skin sebum production in turn you get pimples (which Guru won't do), and this is a FACT I've witnessed over years of drinking Guru.Trust me, Guru is the best Energy Drink, and well worth the investment and money!  They ship in a very hefty thick box which can be used for storage if you choose to go that route as well.  Well-packaged, lower sugar yet taste amazing, and also won't disrupt your heart beat for the worse, or make you break out which is the case with refined sugars.Thank you for taking your time to review MY review on Amazon. :)  Love my Guru!**UPDATE**  Still the BEST drink EVER!!!!!!",5,2025-05-13,the United States,True,17.0
B00I5LNILE,GURU,"GURU Energy Drink Original, Organic Sparkling Energy Drink, 140 MG Natural Caffeine for Workouts, Performance & Midday Boost, Plant Based, Gluten Free, Vegan, 12 Fl Oz, 12 Pack.",Alani Nu energy drink,R3OW52FNKF5EO7,Good product,I adore this product. I took off a star because some cans came dented.,4,2026-02-08,Canada,True,
B00IB9RZSM,Monster,"Monster Energy Import, Energy Drink, 18.6 Ounce | Pack of 12",Monster energy drink,R1ANV1DCUBWSZ5,Merci Amazon,Merci Amazon,5,2019-12-22,Canada,True,
B00IB9RZSM,Monster,"Monster Energy Import, Energy Drink, 18.6 Ounce | Pack of 12",Monster energy drink,RQQSCDEQIXICH,Shipping was pretty quick,"Product arrived early and undamaged, very happy",5,2022-03-26,Canada,True,
B00IB9RZSM,Monster,"Monster Energy Import, Energy Drink, 18.6 Ounce | Pack of 12",Monster energy drink,R3LZX4EF9MFSO3,Less sugar than typical and resealable,"Best version of monster, and covered by SNAP!I've been drinking monsters since I was 12 The amount of sugar and I'm trying to cut back on the amount of sugar I'm consuming daily. I buy one pack of these a month, drink half, put it back in the fridge, and drink the other half the next day and it's not flat. Can't say I can do that with any of the othersIt's also larger than typical monster cans with less sugar, because it's made with real sugar rather than artificial sweeteners. It has a much less pungent ""battery acid"" flavor than typical monsters, I had one of my friends try them and she agreed.If you can snag them on discount go for it. Price is hefty But if you can split it over 2 days like I do it's less expensive than a regular monsterThe one major downside was the shipping. Whoever put it in the box tore apart the plastic packaging and just let half of them bang around inside the box loose. It's a miracle there were no leaks. There was the correct quantity though so, not sure why they did that 🤷",5,2025-08-23,the United States,True,8.0
B00IB9RZSM,Monster,"Monster Energy Import, Energy Drink, 18.6 Ounce | Pack of 12",Monster energy drink,R4SIOTSAW7SZP,Great drink for someone who spills,The cans were a bit scared up but other than that. One of my favorite monsters,4,2026-01-11,the United States,True,
B00IB9RZSM,Monster,"Monster Energy Import, Energy Drink, 18.6 Ounce | Pack of 12",Monster energy drink,R25HJNE9YJAS4X,"More to drink, same sugar but with more volume of liquid, Guarana, closable top, whats not to love","As the side label suggests, it is a slightly not as sweet variant of the regular 16 oz monster. Still very sweet imo but not quite as much. For me that is a good thing. 2.6 more ounces to drink should help it last just a little longer through the day if you bring this as your morning or afternoon fuel during driving.The energy blend is slightly different than regular monsters, it has Guarna in it, which I can't find on the ingredient lists in monsters I get from gas stations and walmarts. An added bonusAnd one of the biggest kickers, the resealable top. It is great for preventing spilling when driving or just walking around with an ""open"" can. It limits fluid flow so rate of drinking will be reduced but not by a significant margin. Beware though when first time opening, and subsequent opening after twisting the top closed, the contents inside will still want to burst out. Putting your mouth over the top of the can whist opening the can like how scientists put snakes mouths over the edge of a jar to get their venom, is a method I found to mitigate surprise splashing.Overall a great thing for energy drink enjoyers on the go",5,2026-01-19,the United States,True,3.0
B00IB9RZSM,Monster,"Monster Energy Import, Energy Drink, 18.6 Ounce | Pack of 12",Monster energy drink,R36AG331SA65TI,Monster import energy drink,The resealable can is not only unique but also helpful to lock in the carbonation and keep debris out. The top doesn’t leak so if it gets tipped over it won’t spill. It’s easy to open and close with 1 finger. It’s not as sweet as a regular monster and has a unique flavor.,5,2026-02-28,the United States,True,
B00IB9RZSM,Monster,"Monster Energy Import, Energy Drink, 18.6 Ounce | Pack of 12",Monster energy drink,R183Q9PZYIFHIC,Smooth tasting,I've had this import type before. Several years ago but it doesn't taste any different than the other cans. It does say made in the Netherlands on the back of the can. I'm not sure if the liquid is made there or the cans. Great tasting and perfect carbonation. It's loaded with sugar and caffeine. I like the can size. Cans are durable and have a different type of opening. Re-closable.,5,2026-03-08,the United States,True,1.0
B00IB9RZSM,Monster,"Monster Energy Import, Energy Drink, 18.6 Ounce | Pack of 12",Monster energy drink,R113M5G0FY02EQ,Money saver,Great to have a bunch on hand. Saved money,5,2026-03-14,the United States,True,
B00IB9RZSM,Monster,"Monster Energy Import, Energy Drink, 18.6 Ounce | Pack of 12",Monster energy drink,RQCU3XCUIAXX9,Nice testy,Its very good and very testy I like the taste,5,2026-04-13,the United States,True,
B00IB9RZSM,Monster,"Monster Energy Import, Energy Drink, 18.6 Ounce | Pack of 12",Monster energy drink,R3RNFDZ0M3FAPS,favorite energy drink,my favorite monster!! it’s so hard to find them now a days so i went ahead and bought the whole case. so good!!,5,2026-04-27,the United States,True,
B07BY3HJPT,Celsius,"CELSIUS Sparkling Kiwi Guava, Sugar Free Energy Drink, 12 Fl Oz (Pack of 12)",Celsius energy drink,R3A683IZJV4A3D,"Delicious, fast delivery, will repurchase again and again",This drink is so delicious and has vitamins in it. The package arrived quicker than I expected for Australian delivery. I made my friends try this drink and now they all love it too!!! Highly recommend the kiwi guava flavour :),5,2021-07-22,Australia,True,
B07BY3HJPT,Celsius,"CELSIUS Sparkling Kiwi Guava, Sugar Free Energy Drink, 12 Fl Oz (Pack of 12)",Celsius energy drink,R29K43EJVHNYAJ,Yummy Energy booster,My order arrived earlier than expected and was packed really securely. I wasn’t sure what to expect but saw some good reviews. I Ordered Kiwi Guava to try first and it is so tasty and definitely gets me going in the AM. I am interested in trying some of the other flavors since I have been enjoying the product. I do recommend drinking it a bit earlier in the day if you find caffeinated drinks to effect your sleeping. Other than that I’m happy with it so far. Enjoy xx,5,2021-09-09,Australia,True,
B07BY3HJPT,Celsius,"CELSIUS Sparkling Kiwi Guava, Sugar Free Energy Drink, 12 Fl Oz (Pack of 12)",Celsius energy drink,R1PP7ZR3DIS3N8,Taste wonderful,I love this guava kiwi flavor. It is a little sweet and a little tart but wonderfully delicious. If you read the ingredients list this is actually pretty natural. The ingredients are high quality and very good. I especially like that they do not use artificial colors which are unnecessary. This taste delicious and gives me a nice boost of energy for several hours. I don't get a caffeine crash after drinking this either. I also really like that this is zero sugar. I will definitely get this flavor again.,5,2025-06-07,the United States,True,7.0
B07BY3HJPT,Celsius,"CELSIUS Sparkling Kiwi Guava, Sugar Free Energy Drink, 12 Fl Oz (Pack of 12)",Celsius energy drink,R9I1J2AZ8XTQ6,Delicious,"Celsius tastes much better than Red Bull and I would buy more cases if it wasn't so pricey.  Instead, I buy Celsius powder mixes; a box of 30 costs less than $10 at Costco.  While fizz-less the powder version still provides the same amount of caffeine as the canned version.",4,2025-10-21,the United States,True,1.0
B07BY3HJPT,Celsius,"CELSIUS Sparkling Kiwi Guava, Sugar Free Energy Drink, 12 Fl Oz (Pack of 12)",Celsius energy drink,R1GQ28AWROZ3HG,Love this drink and is better than coffee,"A couple of weeks ago I bought one of this at a 7-11 store and was pleased with the cost, the flavor and the small energy charge it gave me. As I researched later the item, I found that is has the same punch as 2 cups of coffee, so I don't drink it at night, but i have used it to substitute my coffee habit in the morning. Sometimes I just have half of one with my breakfast, and the other half at lunch. Buying them at Amazon as a 12 pack helps tremendously with the cost.",5,2026-03-16,the United States,True,2.0
B07BY3HJPT,Celsius,"CELSIUS Sparkling Kiwi Guava, Sugar Free Energy Drink, 12 Fl Oz (Pack of 12)",Celsius energy drink,R1ER2RIA3LNRN3,"Energy and more energy, but no jitters","Celsius leaves me feeling energized and guilt free. This flavor is good. Not as sweet as the berry flavor. I can drink it on an empty stomach, and it doesn't bother me. I do think 200 mg is too much caffeine. I get headaches drinking 200 mg of caffeine per day.",5,2026-04-20,the United States,True,1.0
B07BY3HJPT,Celsius,"CELSIUS Sparkling Kiwi Guava, Sugar Free Energy Drink, 12 Fl Oz (Pack of 12)",Celsius energy drink,RC15TSNHC6CRB,Great celcius flavor,Delicious flavor!! I will buy again!!,5,2026-04-25,the United States,True,
B07BY3HJPT,Celsius,"CELSIUS Sparkling Kiwi Guava, Sugar Free Energy Drink, 12 Fl Oz (Pack of 12)",Celsius energy drink,R3GIC2IA9XHQW3,Great flavor!,"My husband loves these! We buy them by the case on the regular, he loves his flavor and they are so tasty! They give him the energy that he needs to get him through the workday or the weekend w the kids lolol",5,2026-04-26,the United States,True,
B07BY3HJPT,Celsius,"CELSIUS Sparkling Kiwi Guava, Sugar Free Energy Drink, 12 Fl Oz (Pack of 12)",Celsius energy drink,R2Y4V9KO9Y0Q9Y,Taste great,Love the taste and does give you energy,5,2026-04-30,the United States,True,
B07BY3HJPT,Celsius,"CELSIUS Sparkling Kiwi Guava, Sugar Free Energy Drink, 12 Fl Oz (Pack of 12)",Celsius energy drink,RTKJGR6QHWBS8,We have them on autoship!,"My husband loves Celsius. The fact that it is sugar free is a bonus. He prefers the sparkling vs non carbonated, and Amazon offers many varieties of flavor.  I don't know if it gives him more energy throughout the day, but he keeps this flavor on autoship!",5,2026-05-07,the United States,True,
B07FP2KHW1,,"Hiball Clean Energy Drink - Variety Pack - Zero Sugar, Zero Calorie Sparkling Water with 160mg Organic Caffeine, 50mg Organic Ginseng, 50mg Organic Guarana and B Vitamins - 16 fl oz (8-Pack)",Alani Nu energy drink,RKI42O0LSVYCX,Tastes awesome but they keep increasing cost,"It tastes good, it’s refreshing and it’s how I’ve started my day of work for years. I’ve been a long time fan of Hiball, since 2010.I had hoped that with more popularity that the prices would stabilize. They are certainly very proud of their beverage.The elimination of 12 packs have only compounded this issue. Local prices are now $3.49-3.99 a can.  I recall a time when I was ordering 12 packs on amazon at a price of $1.50 a can.Just skimmed through my order history from Amazon alone,  I’ve purchased over 500 cans online over the last several years. That’s not including the countless cans from local retailers, starting with my first Hiball beverage back in the bottle days at Whole Foods over 8 years ago.So today has marked an end of an era for me. I cancelled all S&S orders of Hiball and will only purchase again when the price is reasonable.",3,2019-02-10,the United States,True,230.0
B07FP2KHW1,,"Hiball Clean Energy Drink - Variety Pack - Zero Sugar, Zero Calorie Sparkling Water with 160mg Organic Caffeine, 50mg Organic Ginseng, 50mg Organic Guarana and B Vitamins - 16 fl oz (8-Pack)",Alani Nu energy drink,R13V7TN5QRHO3W,Damaged Cans,"Hiball itself is GREAT. However, this order arrived like the box of cans had been thrown every time it was moved. The cans were dented and two cans had been busted open. This product is expensive enough without getting cheated out of several cans!The picture wouldn't load.  I have this delivered all the time and only on this occasion and one other time has the product been damaged. Normally, the Hiball box has cardboard ""end-caps"" on each end and then it stuck in another sturdy box. This was not the case this time - it was shipped loosely in a larger ""flimsier"" box with insufficient padding to protect when being tossed to and fro.",1,2019-03-25,the United States,True,3.0
B07FP2KHW1,,"Hiball Clean Energy Drink - Variety Pack - Zero Sugar, Zero Calorie Sparkling Water with 160mg Organic Caffeine, 50mg Organic Ginseng, 50mg Organic Guarana and B Vitamins - 16 fl oz (8-Pack)",Alani Nu energy drink,R3ME3ZP6OFMIFY,Perfect for the afternoon slump!!!!,"Wow,, these are amazing!  They taste like mineral water with just a HINT of fruit flavor (think, juice of a small lime wedge).  The energy is legit.  Perfect for the afternoon ""wall"" I hit sometimes.  They are a quick and easy ""grab and go"", especially if you have no time to brew a coffee.The price is a little high, but that's always the case with high quality, natural products. The cans are large, so you get a lot in each one.Also, I was pleasantly surprised to see how well these were packed and that there was no damage to the cans, as some have experienced.",5,2021-04-16,the United States,True,9.0
B07FP2KHW1,,"Hiball Clean Energy Drink - Variety Pack - Zero Sugar, Zero Calorie Sparkling Water with 160mg Organic Caffeine, 50mg Organic Ginseng, 50mg Organic Guarana and B Vitamins - 16 fl oz (8-Pack)",Alani Nu energy drink,R1MAS8U2XH44V6,I like the flavor and impressed customer service,"Originally I had been shipped the wrong flavor, I contacted the seller and they immediately corrected the matter by sending me the right order. I was very impressed as to how quickly they took care of the issue. I like the flavors, they might seem a bit bland and not too sweet for some but for me they are just about right.",5,2021-08-05,the United States,True,1.0
B07FP2KHW1,,"Hiball Clean Energy Drink - Variety Pack - Zero Sugar, Zero Calorie Sparkling Water with 160mg Organic Caffeine, 50mg Organic Ginseng, 50mg Organic Guarana and B Vitamins - 16 fl oz (8-Pack)",Alani Nu energy drink,R221L4SR6YT1GU,Great product,"I've been an avid coffee drinker, unfortunately cannot drink coffee any longer due to stomach issues. Long time ago was hooked on Rockstar and other energy drinks, which are terribly bad for you and they give you a huge crash once the energy boost wears off.I was introduced to highball from co-worker. Gave it a shot when having to work crazy early mornings or long nights.Absolutely amazing product!Benefits: 1)Minimal ingredients, those of which aren't harmful, in fact some, if not all, are quite beneficial. 2) gives the energy boost you need, but also sustains it like a slow burn, and there is no crash. 3) no stomach irritation, no jitters, no sugars so also no insulin high/low. 4) light bubbly seltzer with a light flavor which makes it for smooth drinking.The variety pack is great. Even the grapefruit (a flavor which I generally don't like)  is even pretty good!",5,2022-07-26,the United States,True,5.0
B07FP2KHW1,,"Hiball Clean Energy Drink - Variety Pack - Zero Sugar, Zero Calorie Sparkling Water with 160mg Organic Caffeine, 50mg Organic Ginseng, 50mg Organic Guarana and B Vitamins - 16 fl oz (8-Pack)",Alani Nu energy drink,R3E6VC43N4JYIE,Variety of flavors with perfect carbonation,"Love Hiball Clean Energy. No sugar, zero calories, but a legit energy bump that lasts my entire work shift. The variety pack is perfect, different flavors and the carbonation is just right. It's my everyday go to now and I feel alert without the crash. Tiny nitpick would be nice if every flavor hit the same caffeine level, but it's a minor thing.",5,2026-04-07,the United States,True,2.0
B07FP2KHW1,,"Hiball Clean Energy Drink - Variety Pack - Zero Sugar, Zero Calorie Sparkling Water with 160mg Organic Caffeine, 50mg Organic Ginseng, 50mg Organic Guarana and B Vitamins - 16 fl oz (8-Pack)",Alani Nu energy drink,R2O27J9PCA4I25,Keep the price THIS low! 👌👍,Please keep the prices low! Any higher and a lot of us will be forced to switch back to the alternative cheaper options! Thank you for the great drink at a great price!,5,2026-04-08,the United States,True,
B07FP2KHW1,,"Hiball Clean Energy Drink - Variety Pack - Zero Sugar, Zero Calorie Sparkling Water with 160mg Organic Caffeine, 50mg Organic Ginseng, 50mg Organic Guarana and B Vitamins - 16 fl oz (8-Pack)",Alani Nu energy drink,R3D9TXMWVVYX00,"Really like the variety, minus the taste","Overall it's pretty good. I love the variety of flavors and that there's no sugar or calories, plus it's portable and easy to grab on the go. The taste could be better though, it's not my favorite aftertaste. Still, I'd buy again for the convenience and how easy it is to take with me.",4,2026-05-03,the United States,True,
B07PMLBFKG,Alani Nu,"Alani Nu HAWAIIAN SHAVED ICE, Sugar Free, Low Calorie Energy Drinks, 200mg Caffeine, Biotin, B Vitamins, Zero Sugar, 10 Calories, 12 Fl Oz Cans, 12 Pack",Alani Nu energy drink,R22VJ6SJZTZPWD,Great energy drink,"Great flavor. It’s a little sweet, but taste is good!",5,2025-06-05,the United States,True,
B07PMLBFKG,Alani Nu,"Alani Nu HAWAIIAN SHAVED ICE, Sugar Free, Low Calorie Energy Drinks, 200mg Caffeine, Biotin, B Vitamins, Zero Sugar, 10 Calories, 12 Fl Oz Cans, 12 Pack",Alani Nu energy drink,R1JY4UAU6CURK5,"Perfect Condition, Great Value, Amazing Flavor","This Alani Hawaiian Shaved Ice flavor has quickly become my absolute favorite! The product arrived in perfect condition with no damage to the packaging, which I really appreciate when ordering drinks online.What impressed me most was the value - I was able to get this for a better price than what I’ve seen in local stores, making it an excellent deal. Alani drinks always get my morning started off right. The flavor itself is refreshing and not overly sweet, with a smooth taste that makes it enjoyable to drink regularly. If you’re looking for a delicious and refreshing flavor option, I highly recommend giving this Hawaiian Shaved Ice a try. I’m already planning my next order.",5,2025-09-27,the United States,True,1.0
B07PMLBFKG,Alani Nu,"Alani Nu HAWAIIAN SHAVED ICE, Sugar Free, Low Calorie Energy Drinks, 200mg Caffeine, Biotin, B Vitamins, Zero Sugar, 10 Calories, 12 Fl Oz Cans, 12 Pack",Alani Nu energy drink,R1X4SFVB3CE0TB,Can’t beat this flavor!,Fantastic flavor! My only wish is that they were bigger… But then that would be too much caffeine LOL!I highly suggest getting one of the containers that will hold the small metal cans as you drink them.,5,2026-02-10,the United States,True,3.0
B07PMLBFKG,Alani Nu,"Alani Nu HAWAIIAN SHAVED ICE, Sugar Free, Low Calorie Energy Drinks, 200mg Caffeine, Biotin, B Vitamins, Zero Sugar, 10 Calories, 12 Fl Oz Cans, 12 Pack",Alani Nu energy drink,R1CQHXSRF120FE,Gives me a pep in my step!,Our favorite flavor so far! Not too sweet & does the trick when you need that mid day pick me up!,5,2026-02-16,the United States,True,1.0
B07PMLBFKG,Alani Nu,"Alani Nu HAWAIIAN SHAVED ICE, Sugar Free, Low Calorie Energy Drinks, 200mg Caffeine, Biotin, B Vitamins, Zero Sugar, 10 Calories, 12 Fl Oz Cans, 12 Pack",Alani Nu energy drink,R20P788VFGAS1L,Nice flavor,No issues and love this flavor,5,2026-03-01,the United States,True,1.0
B07PMLBFKG,Alani Nu,"Alani Nu HAWAIIAN SHAVED ICE, Sugar Free, Low Calorie Energy Drinks, 200mg Caffeine, Biotin, B Vitamins, Zero Sugar, 10 Calories, 12 Fl Oz Cans, 12 Pack",Alani Nu energy drink,R1LVHN6GVBZ05V,Best Alani Flavor,Literally my favorite flavor of Alani. Great value when purchased in bulk. Cans came in great condition.,5,2026-04-26,the United States,True,
B07PMLBFKG,Alani Nu,"Alani Nu HAWAIIAN SHAVED ICE, Sugar Free, Low Calorie Energy Drinks, 200mg Caffeine, Biotin, B Vitamins, Zero Sugar, 10 Calories, 12 Fl Oz Cans, 12 Pack",Alani Nu energy drink,R1G6OIXDE726J6,good deal!,"such a good deal, they taste exactly how they should! will be subscribing :)",5,2026-04-28,the United States,True,
B07PMLBFKG,Alani Nu,"Alani Nu HAWAIIAN SHAVED ICE, Sugar Free, Low Calorie Energy Drinks, 200mg Caffeine, Biotin, B Vitamins, Zero Sugar, 10 Calories, 12 Fl Oz Cans, 12 Pack",Alani Nu energy drink,R16GPMIBX9M72Q,Tasty,Yummy greatest flavor,4,2026-05-12,the United States,True,
B07WV6FGM2,Xwerks,"Xwerks Ignite Pre Workout Powder for Men and Women, Natural Preworkout Energy Drink Powder, Gluten Free Keto Formula for Endurance Stamina and Workout Focus, 150 mg Caffeine, 30 Servings, Watermelon",Ghost energy drink,R24GTG2Z7FJ63D,Buy this,One of the best preworkouts I’ve ever taken. Gives you a nice boost without feeling too jittery. Never had a crash after taking it.,5,2020-01-02,the United States,True,
B07WV6FGM2,Xwerks,"Xwerks Ignite Pre Workout Powder for Men and Women, Natural Preworkout Energy Drink Powder, Gluten Free Keto Formula for Endurance Stamina and Workout Focus, 150 mg Caffeine, 30 Servings, Watermelon",Ghost energy drink,R27RUTGO1DAC3Z,Great Preworkout Without the Crash,Ignite is hands down my favorite preworkout. It gives a nice energy boost without the nasty crash after my workout. Well worth the money and watermelon and blue razz are simply incredible.,5,2020-02-18,the United States,True,
B07WV6FGM2,Xwerks,"Xwerks Ignite Pre Workout Powder for Men and Women, Natural Preworkout Energy Drink Powder, Gluten Free Keto Formula for Endurance Stamina and Workout Focus, 150 mg Caffeine, 30 Servings, Watermelon",Ghost energy drink,R3F780H6U15BKY,Best flavor yet. Get the watermelon,"I love the watermelon flavor. I have had the orange and it isn't bad. But so far the watermelon has been one I don't mind drinking often. This is the third time I have ordered this pre-workout. I love it. I take other supplements and this pre-workout doesn't disrupt them. Their protein is excellent also, tastes great.",5,2020-02-18,the United States,True,2.0
B07WV6FGM2,Xwerks,"Xwerks Ignite Pre Workout Powder for Men and Women, Natural Preworkout Energy Drink Powder, Gluten Free Keto Formula for Endurance Stamina and Workout Focus, 150 mg Caffeine, 30 Servings, Watermelon",Ghost energy drink,R3L456XZAJIEYI,I LOVE WATERMELON,"This pre-workout is amazing, and watermelon is so fresh. New fave. All amp no crash.",5,2020-04-08,the United States,True,
B07WV6FGM2,Xwerks,"Xwerks Ignite Pre Workout Powder for Men and Women, Natural Preworkout Energy Drink Powder, Gluten Free Keto Formula for Endurance Stamina and Workout Focus, 150 mg Caffeine, 30 Servings, Watermelon",Ghost energy drink,RK18IH66M58Z3,Really good and really pricy,"This stuff is great I just want the gasoline undertone to not be there. But it’s very light. The flavor is really good. I noticed the tingle sensation through my blood and loved it. I could grab my hair by the roots and pull Hard  and it felt so good for some reason. I’m usually tender headed. I feel like for $50, they can give you more of it also. Very pricy!",4,2020-08-06,the United States,True,4.0
B07WV6FGM2,Xwerks,"Xwerks Ignite Pre Workout Powder for Men and Women, Natural Preworkout Energy Drink Powder, Gluten Free Keto Formula for Endurance Stamina and Workout Focus, 150 mg Caffeine, 30 Servings, Watermelon",Ghost energy drink,RU5CHY3QDOEGD,The most chalky and weak pre workout I've ever bought.,I've been lifting since 2004 and have never had a pre workout that disappointed me to badly. This pre workout gave me none of the pump or prickley excitement I have come to expect and look forward to in a pre workout. No energy boost. Just artificial watermelon flavor with a chalky texture that was not very pleasant in my opinion. The amount left in the jar was about 4 gym visits worth of being gassy for no reason. I have since tried a new brand that came in today so ill be throwing the rest of the jar away.,1,2022-06-29,the United States,True,
B07WV6FGM2,Xwerks,"Xwerks Ignite Pre Workout Powder for Men and Women, Natural Preworkout Energy Drink Powder, Gluten Free Keto Formula for Endurance Stamina and Workout Focus, 150 mg Caffeine, 30 Servings, Watermelon",Ghost energy drink,R36MEA428O280O,It’s a good product.,Effective and doesn’t give your skin the burning feeling but it’s good for the price.,4,2022-09-25,the United States,True,
B07WV6FGM2,Xwerks,"Xwerks Ignite Pre Workout Powder for Men and Women, Natural Preworkout Energy Drink Powder, Gluten Free Keto Formula for Endurance Stamina and Workout Focus, 150 mg Caffeine, 30 Servings, Watermelon",Ghost energy drink,R3K89OVKL8JWF8,Pre workout,Great item,5,2025-03-06,the United States,True,
B095Q98Z97,Celsius,"CELSIUS Sparkling Tropical Vibe, Functional Essential Energy Drink 12 Fl Oz (Pack of 12)",Celsius energy drink,R1B5BXQFMMOG8P,V8 plus Peach Mango drink. 50 calories 8 vitamins.,"Tastes great. Just to sweet. 50 calories per 8 oz can. 8 vitamins. Do wish it came in one litre and 64 oz size!??? Non GMO. Gluten free. Has caffeine. Has sucrolose. Not everything you drink has to be sweet. Think of V8 vegetable juice. It is not sweet and tastes especially good. I've been drinking it for decades! Use it to cook with. Homemade tomato soup. Vegetable soup. Spaghetti sauce, lasagna. Many others. I like to eat, I like cook. Like to eat healthy.You need to LOSE THE SUCROLOSE and you will gain a whole new market for those who want a healthier lifestyle and cannot have sugar. How much sucrolose is in 8 oz? How caffeine is in 8 oz?",4,2024-05-30,the United States,True,
B095Q98Z97,Celsius,"CELSIUS Sparkling Tropical Vibe, Functional Essential Energy Drink 12 Fl Oz (Pack of 12)",Celsius energy drink,R3MYXSI68TSCB4,Great flavor without the heavy energy drink feel,"I’ve tried quite a few energy drinks, and Tropical Vibe is easily one of the better-tasting flavors Celsius makes. The flavor is bright and refreshing — more like a light sparkling tropical juice than a typical overly sweet energy drink. You can actually taste the pineapple and citrus notes without it feeling artificial or syrupy.What I like most is that it gives a clean energy boost without the crash or jittery feeling I get from some other brands. The carbonation is just right, and since it’s zero sugar, it doesn’t leave that sticky aftertaste.I usually drink this before workouts or in the morning when I need a pick-me-up, and it feels energizing without being too heavy on the stomach. If you’re someone who wants energy but doesn’t enjoy overly sweet or harsh flavors, this is a solid choice.Pros:• Refreshing tropical flavor• Not overly sweet or artificial tasting• Smooth energy boost• Zero sugar with no weird aftertasteCons:• Might be a little light if you prefer very bold/sweet energy drinksOverall, this has become one of my go-to flavors, and I’ll definitely keep buying it.",5,2026-02-24,the United States,True,3.0
B095Q98Z97,Celsius,"CELSIUS Sparkling Tropical Vibe, Functional Essential Energy Drink 12 Fl Oz (Pack of 12)",Celsius energy drink,R2FPMCWB304O6H,Favorite Energy Drink,I am not a very big energy drink fan as I am fairly picky over taste. The only ones that I regularly drink are the Celsius Tropical Vibe and Monster Aussie Lemonades (which unfortunately were discontinued in the US last year). I like how it does not have the chemical after taste I tend to associate with energy drinks and does not mess with my stomach. Started ordering packs online because it is much cheaper this way. Less than $2 a can. I can read all the ingredients which is important to be and the added nutrients are a huge bonus. It has 200mg of caffeine. Higher than most other energy drinks on average. I'll probably try the other Celsius flavors eventually but am quite content with the tropical one for one.,5,2026-04-04,the United States,True,1.0
B095Q98Z97,Celsius,"CELSIUS Sparkling Tropical Vibe, Functional Essential Energy Drink 12 Fl Oz (Pack of 12)",Celsius energy drink,R16DOD5EV69XKZ,Very tasty,These are delicious we love them very refreshing  with a boost of energy,5,2026-04-20,the United States,True,
B095Q98Z97,Celsius,"CELSIUS Sparkling Tropical Vibe, Functional Essential Energy Drink 12 Fl Oz (Pack of 12)",Celsius energy drink,R9KDZPCJDOSRJ,Love it!!,It tastes amazing! It gives you good energy without making you feel shaky! This is my go to before a shift at work!,5,2026-04-26,the United States,True,
B095Q98Z97,Celsius,"CELSIUS Sparkling Tropical Vibe, Functional Essential Energy Drink 12 Fl Oz (Pack of 12)",Celsius energy drink,R2UIX4LP74E0T4,Great tasting. Good deal. High caffeine,Good deal and you dont have to carry home. one of the better tasting celsius. Make sure you dont drink more that 2 a day - there is a warning on the can! High caffeine,5,2026-05-02,the United States,True,
B095Q98Z97,Celsius,"CELSIUS Sparkling Tropical Vibe, Functional Essential Energy Drink 12 Fl Oz (Pack of 12)",Celsius energy drink,R2PH2JRD0EM3V1,Delicious,Fulfilled on the energy and focus. Not sure why the black top discolors after a few sips. Recommend using a straw.,5,2026-05-02,the United States,True,
B095Q98Z97,Celsius,"CELSIUS Sparkling Tropical Vibe, Functional Essential Energy Drink 12 Fl Oz (Pack of 12)",Celsius energy drink,R1UFKKM92REFM0,Super sale price,A favorite flavor at great price.,5,2026-05-06,the United States,True,
B09FXVQ8WN,C4,C4 Performance Energy Drink | Strawberry Blast | Zero Sugar Carbonated Preworkout Energy | 200mg Caffeine with Beta Alanine | 16 Fl Oz (12 Pack),Ghost energy drink,R2DCIAZID7IJ1S,Great taste,I have tasted 7 different flavours and this one is my favourite so far.,5,2023-07-09,Australia,True,
B09FXVQ8WN,C4,C4 Performance Energy Drink | Strawberry Blast | Zero Sugar Carbonated Preworkout Energy | 200mg Caffeine with Beta Alanine | 16 Fl Oz (12 Pack),Ghost energy drink,RUQP0UH4QYWB8,Pretty good,"Nicely sweet and refreshing but very artificial tasting, which is to be expected somewhat but a little bit of a fruitier taste would have been nice.",4,2024-11-19,Australia,True,
B09FXVQ8WN,C4,C4 Performance Energy Drink | Strawberry Blast | Zero Sugar Carbonated Preworkout Energy | 200mg Caffeine with Beta Alanine | 16 Fl Oz (12 Pack),Ghost energy drink,R2TGPDQ4NLHCOL,YUMMY,amazing for a pre workout. Gives you a boost and what you need.,5,2025-06-17,the United Arab Emirates,True,
B09FXVQ8WN,C4,C4 Performance Energy Drink | Strawberry Blast | Zero Sugar Carbonated Preworkout Energy | 200mg Caffeine with Beta Alanine | 16 Fl Oz (12 Pack),Ghost energy drink,R2JL02UNX2ZTEY,Good tasting - Good Price,Good tasting energy drink at a good price. This is way less expensive than buying them from the gas station every day. Especially when you drink 2 a day. They are not my absolute favorite energy drink but they are a better deal than the ones I normally drink and they are good tasting.,5,2026-04-04,the United States,True,1.0
B09FXVQ8WN,C4,C4 Performance Energy Drink | Strawberry Blast | Zero Sugar Carbonated Preworkout Energy | 200mg Caffeine with Beta Alanine | 16 Fl Oz (12 Pack),Ghost energy drink,R2SUOPF7FUVT9E,Best energy drink brand so far!,Favorite flavor of all. I love the fact that it’s sugar free and I don’t get the jitters from drinking these compared to the occasional from the pre workout powders. The energy lasts all day and I don’t feel the need to have a second energy drink like I do with other brands.,5,2026-04-15,the United States,True,
B09FXVQ8WN,C4,C4 Performance Energy Drink | Strawberry Blast | Zero Sugar Carbonated Preworkout Energy | 200mg Caffeine with Beta Alanine | 16 Fl Oz (12 Pack),Ghost energy drink,RZ6G3Y7UV2NKL,My favorite flavor from my favorite energy drink brand!,"Love this flavor. This is my favorite energy drink brand - sugar free / low calorie, good tasting, and effective energy. I’m a repeat purchasers of many C4 products, and this is on subscription.I don’t have any jitters from this product - it’s convenient for my daily caffeine (and effective for pulling all-nighters!). Good stuff - highly recommend.",5,2026-04-17,the United States,True,
B09FXVQ8WN,C4,C4 Performance Energy Drink | Strawberry Blast | Zero Sugar Carbonated Preworkout Energy | 200mg Caffeine with Beta Alanine | 16 Fl Oz (12 Pack),Ghost energy drink,R289VWS9W5HVDD,Wait a C4 flavor that's actually good?,"Ok, so I'll admit it.  I'm not the biggest C4 fan, however, this flavor is fantastic.  Very bold.  It reminds me of a Strawberry Starburst.  So much so that I looked it up and at one time it shared that branding.  To me, this is the best strawberry energy drink on the market and that's saying something with Monster having a pretty fantastic offering.  They only reason I don't give it full marks is my wife tastes a medicinal flavor that hits on the back end.  I don't have that issue, but I do have it with other C4 products.  So if you're particularly sensitive to that or you get the C4 tingles you may want to avoid.",4,2026-04-24,the United States,True,
B09FXVQ8WN,C4,C4 Performance Energy Drink | Strawberry Blast | Zero Sugar Carbonated Preworkout Energy | 200mg Caffeine with Beta Alanine | 16 Fl Oz (12 Pack),Ghost energy drink,R18YH5A75T1ZVB,Broken & no carbonation,Replaced my broken package. Came great and all cans intact! Tastes great as well,5,2026-04-30,the United States,True,
B09FXVQ8WN,C4,C4 Performance Energy Drink | Strawberry Blast | Zero Sugar Carbonated Preworkout Energy | 200mg Caffeine with Beta Alanine | 16 Fl Oz (12 Pack),Ghost energy drink,R3G0D72TGDBG61,arrived on time,"arrived on time. good price. driver put on the porch, instead of the stairs or walkway. nice touch. appreciated.",5,2026-05-05,the United States,True,
B09FXVQ8WN,C4,C4 Performance Energy Drink | Strawberry Blast | Zero Sugar Carbonated Preworkout Energy | 200mg Caffeine with Beta Alanine | 16 Fl Oz (12 Pack),Ghost energy drink,R8SBRJ660VL0B,"Meth, color, ENERGY!!!!","Hey there.  So you are curious if this stuff is any good?  Set down for a second, and ask yourself., ""Do I want to taste a the full spectrum of colors?""  Ok, so maybe this flavor (strawberry blast), doesn't taste like a twizzler that fell into the hadron collider, but as you take your first sip you can feel the flavor wash over you and take you to another level.  Yeah, maybe the that is the Beta Alanine making you feel every sound, and giving you the itch of meth head but drinking this at your desk will give you the brute energy to pour through the rest of the afternoon at your soul sucking job for the next 3 hours after eating that sloppy crap your brought for lunch.By far, this is my favorite energy drink.  C4 always is on point with their flavors, but Strawberry Blast is the one that really takes me home.  Just buy it.",5,2026-05-06,the United States,True,1.0
B09FXVQ8WN,C4,C4 Performance Energy Drink | Strawberry Blast | Zero Sugar Carbonated Preworkout Energy | 200mg Caffeine with Beta Alanine | 16 Fl Oz (12 Pack),Ghost energy drink,RXGZQ5HY28EUE,Refreshing and not too sweet—just right,My fave flavor C4!,5,2026-05-08,the United States,True,
B09RGKQW2L,C4,"C4 Performance Energy Drink Cosmic Rainbow, Zero Sugar Carbonated Preworkout Energy, 200mg Caffeine with Beta Alanine, 16 Fl Oz (12 Pack), Packaging May Vary",Ghost energy drink,RLPTU2L1P2R4J,Flavor,"Taste not so good, cotton candy by far much better",4,2022-08-17,the United Arab Emirates,True,
B09RGKQW2L,C4,"C4 Performance Energy Drink Cosmic Rainbow, Zero Sugar Carbonated Preworkout Energy, 200mg Caffeine with Beta Alanine, 16 Fl Oz (12 Pack), Packaging May Vary",Ghost energy drink,R362JIHZ0Q0ZQ6,Skittles flavour?,"It does actually say on the can that there's no skittles in the product. The fact that it's just generic skittles flavour too is a little bit of a red flag. It just generally tastes sweet and vaguely berry/fruity flavoured.This being said, I love C4 energy drinks and always enjoy trying a new flavour to keep me going through a long shift and found this to be a fun one to enjoy. People frequently were interested and asking me about this at work so I think it markets itself well.I think if it's on a reduced price it's probably worth a purchase and try.",4,2024-11-11,Australia,True,
B09RGKQW2L,C4,"C4 Performance Energy Drink Cosmic Rainbow, Zero Sugar Carbonated Preworkout Energy, 200mg Caffeine with Beta Alanine, 16 Fl Oz (12 Pack), Packaging May Vary",Ghost energy drink,R18UAIM0FBR8C2,"Worth the try, worth the purchase","I purchased the Cosmic Rainbow flavor C4 Performance Energy Drink. It has Zero Sugar which was very important for me when searching for the perfect energy drink. There is NO Sodium, and, 200mg of Caffeine. The taste of these is literally Skittles in a can but perfectly made to not be overwhelmingly sweet, I am amazed at how they managed to create such a perfect taste with no sugar. Does it actually give me energy? YES. Can I focus with this? Yes, drinking this helps me lock in. Without a doubt, whenever I am not able to muster up the energy myself these save me and get me going. I am not the type to chug an energy drink so my experience with it has been great, no shakes, no crazy increased heart rate, and NO CRASH. Im not sure if they have this flavor with a resealable lid but for someone like me, that likes to take my time drinking energy drinks, that would be a game changer! When I’m drinking this to workout I will drink it while I workout to keep the energy coming (not that the energy isn’t consistent, it is). I noticed that versus other energy drinks the effect of this one lasted the longest and my energy slowly wore off throughout the day, the way natural energy should/would. Whether you’re working out, running errands, at the office, or, just simply trying to make it through the day this energy drink is the answer for the days you can’t find the energy yourself or even just need an extra kick.",5,2025-07-11,the United States,True,13.0
B09RGKQW2L,C4,"C4 Performance Energy Drink Cosmic Rainbow, Zero Sugar Carbonated Preworkout Energy, 200mg Caffeine with Beta Alanine, 16 Fl Oz (12 Pack), Packaging May Vary",Ghost energy drink,R1P5QXXKSPDPD7,Great flavor and great energy!,"If you're on the lookout for a delicious energy boost, C4's Cosmic Rainbow flavor is definitely worth a try! This zero sugar drink manages to hit the sweet spot without being overly sweet, making it perfect for those who want a tasty pick-me-up without all the sugar guilt. You'd never guess it’s sugar-free!The flavor is a delightful medley of fruity goodness, reminiscent of a fun summer day. Each sip is like a carnival for your taste buds, with a vibrant blend that really showcases all the fruity flavors. It's playful and refreshing, making it a joy to drink whether you’re gearing up for a workout or just need a little extra energy to power through your day.What I love about Cosmic Rainbow is that it’s not just for gym-goers; it’s great anytime you need a burst of energy. The balance of flavors keeps things exciting, and it's definitely a drink you’ll want to keep on hand for those moments when you need an extra kick.Alongside its delicious flavor, C4 Cosmic Rainbow also packs a punch with its impressive ingredient lineup. This energy drink is formulated with key components designed to boost your performance and energy levels without the crash that often comes with sugary alternatives. One of the standout ingredients is **Beta-Alanine**, known for enhancing endurance and reducing fatigue during workouts. Plus, there’s **Caffeine Anhydrous**, providing that much-needed energy boost to help power through your day or gym session.C4 also includes **Citrulline Malate**, which may help improve blood flow and enhance performance, making it a great choice for pre-workout fuel. On top of that, it's fortified with vitamins like B3, B6, and B12, contributing to overall energy metabolism and keeping you feeling vibrant.What’s even better is that all of this comes without sugar, artificial colors, or preservatives often found in energy drinks. So, you can enjoy the fun and fruity taste of Cosmic Rainbow while fueling your body with quality ingredients. It’s the perfect blend of fun flavor and functional energy—ideal for anyone looking to boost their day in a tasty way!",5,2025-07-12,the United States,True,17.0
B09RGKQW2L,C4,"C4 Performance Energy Drink Cosmic Rainbow, Zero Sugar Carbonated Preworkout Energy, 200mg Caffeine with Beta Alanine, 16 Fl Oz (12 Pack), Packaging May Vary",Ghost energy drink,R14RTQMEOPYXBN,Great pre workout,"Why did you pick this product vs others?:I’ve been using C4 Pre-Workout, and it’s become a staple in my fitness routine. Whether I’m doing weight training or cardio, it gives me a noticeable boost in energy, focus, and endurance — without feeling jittery or getting a crash afterward.The flavor I tried (Fruit Punch) tastes surprisingly good — not too sweet or artificial, and it mixes well with water. I usually take it about 20–30 minutes before my workout, and by the time I hit the gym, I feel ready to push harder.The beta-alanine tingles are real, especially if you’re new to pre-workouts, but they wear off quickly and don’t bother me. I also appreciate that it doesn’t overload you with caffeine like some other products do — it’s a clean, focused energy that helps with performance without making you feel wired.Whether you’re just starting your fitness journey or looking for a reliable pre-workout to get more out of your sessions, C4 delivers. Just be sure to follow the serving instructions and stay hydrated!",4,2025-07-12,the United States,True,5.0
B09RGKQW2L,C4,"C4 Performance Energy Drink Cosmic Rainbow, Zero Sugar Carbonated Preworkout Energy, 200mg Caffeine with Beta Alanine, 16 Fl Oz (12 Pack), Packaging May Vary",Ghost energy drink,R3HNVCFXORQFCK,Great flavor,One of my favorites. Great flavor and will definitely give you an energy boost.,5,2026-04-02,the United States,True,
B09RGKQW2L,C4,"C4 Performance Energy Drink Cosmic Rainbow, Zero Sugar Carbonated Preworkout Energy, 200mg Caffeine with Beta Alanine, 16 Fl Oz (12 Pack), Packaging May Vary",Ghost energy drink,R1MDWYN87EYBR4,Good,"Good taste , less caffeine then the ultimates have. Price is good as long as you are comparing them to what your local stores are selling individual ones for",5,2026-04-12,the United States,True,
B09RGKQW2L,C4,"C4 Performance Energy Drink Cosmic Rainbow, Zero Sugar Carbonated Preworkout Energy, 200mg Caffeine with Beta Alanine, 16 Fl Oz (12 Pack), Packaging May Vary",Ghost energy drink,R3HKTG9YUESDBC,"Nice price, good quality, low calorie","I love this energy drink. After freezing it for one hour, you can feel the special taste of it. And I never thought the price in Amazon was so lower, it is a good choice to buy it. After I drink it, I can feel the energy in my body.",5,2026-04-30,the United States,True,
B09RGKQW2L,C4,"C4 Performance Energy Drink Cosmic Rainbow, Zero Sugar Carbonated Preworkout Energy, 200mg Caffeine with Beta Alanine, 16 Fl Oz (12 Pack), Packaging May Vary",Ghost energy drink,RGJI0CCFCB2M5,My favorite C4 flavor!!,"This is my favorite energy drink ever. The flavor is amazing. It tastes sweet & fruity. It is very low in calories (10 calories per can), but does not taste like artificial sweeteners. It has a pleasant sweetness. 200 mg of caffeine per can. Gives me a nice afternoon boost. Caution* may cause an all over itchy sensation the first few times you drink this. Does not make me jittery. Best served ice cold.",5,2026-05-08,the United States,True,
B09RGKQW2L,C4,"C4 Performance Energy Drink Cosmic Rainbow, Zero Sugar Carbonated Preworkout Energy, 200mg Caffeine with Beta Alanine, 16 Fl Oz (12 Pack), Packaging May Vary",Ghost energy drink,R1G19D45X3XEW9,Great flavor,Bought these cause they were the cheapest and the flavor is great. Will be buying more,5,2026-05-09,the United States,True,
B09X22BTZT,Celsius,"CELSIUS ARCTIC VIBE Sparkling Frozen Berry, Sugar Free Energy Drink, 12 Fl Oz (Pack of 12)",Celsius energy drink,RATRK84ROD54F,"Good, but not the best",Not my favorite flavor,3,2023-08-18,the United Arab Emirates,True,
B09X22BTZT,Celsius,"CELSIUS ARCTIC VIBE Sparkling Frozen Berry, Sugar Free Energy Drink, 12 Fl Oz (Pack of 12)",Celsius energy drink,R2IYW6FA5QZNBC,"Decent flavor, great price!",Love the low sugar and low calorie aspect but the flavor could be better! Great quality and size of the package is great! No leakage in transit either and shipped with care!,4,2025-08-05,the United States,True,
B09X22BTZT,Celsius,"CELSIUS ARCTIC VIBE Sparkling Frozen Berry, Sugar Free Energy Drink, 12 Fl Oz (Pack of 12)",Celsius energy drink,RAO0NA34LFVK3,Go to energy drink flavor!!!!!,"Celsius Arctic Vibe has quickly become one of my go-to energy drinks. The flavor is crisp, cool, and perfectly balanced—like a burst of icy berry freshness without being too sweet. It gives a clean, smooth energy boost that helps me stay focused and motivated throughout the day, with no jittery crash afterward.I love that it feels light and refreshing, and it’s great for powering through workouts or just getting a little extra momentum during a busy day. If you’re looking for an energy drink that tastes amazing and actually makes you feel good, Arctic Vibe is definitely worth trying!",5,2025-12-06,the United States,True,2.0
B09X22BTZT,Celsius,"CELSIUS ARCTIC VIBE Sparkling Frozen Berry, Sugar Free Energy Drink, 12 Fl Oz (Pack of 12)",Celsius energy drink,R2ZDG4E8HHUK9Z,I support this drink,"This is a traditional can of energy that makes you feel like a machine, drink it regularly 3 a week spaced out, try to keep it safe, it does a very good job. There’s also the weight metabolism thing going on as well, as the caffeine, you got zero calories, when I’m on the go it fits in the cup holder, as for jitteriness, I have a rule with all caffeinated drinks is drink half, and the other half later. Recently skipped that rule and didn’t have jitteriness at all.",5,2026-02-01,the United States,True,2.0
B09X22BTZT,Celsius,"CELSIUS ARCTIC VIBE Sparkling Frozen Berry, Sugar Free Energy Drink, 12 Fl Oz (Pack of 12)",Celsius energy drink,R32FC6UOIZH6QU,Great flavor and clean energy boost,"Celsius Arctic Vibe is one of my favorite flavors from Celsius. The frozen berry taste is refreshing and not overly sweet, which makes it easy to drink before a workout or during a busy day. It gives a nice clean energy boost without feeling heavy or sugary.I also like that it is sugar free and still tastes great. The carbonation is just right and the flavor stays consistent from can to can. It is a great option if you want an energy drink that tastes good while still supporting an active lifestyle.Overall this is a great flavor with solid energy and a refreshing taste. I would definitely buy it again.",5,2026-03-06,the United States,True,2.0
B09X22BTZT,Celsius,"CELSIUS ARCTIC VIBE Sparkling Frozen Berry, Sugar Free Energy Drink, 12 Fl Oz (Pack of 12)",Celsius energy drink,RIZZO1F1HH8YO,Love the taste,"Great taste, perfect bit of a pick me up when needed. No jitters, or stomach issues.",5,2026-03-12,the United States,True,
B09X22BTZT,Celsius,"CELSIUS ARCTIC VIBE Sparkling Frozen Berry, Sugar Free Energy Drink, 12 Fl Oz (Pack of 12)",Celsius energy drink,R110E40YTL0V8T,Great product,Great product great price,5,2026-03-27,the United States,True,
B09X22BTZT,Celsius,"CELSIUS ARCTIC VIBE Sparkling Frozen Berry, Sugar Free Energy Drink, 12 Fl Oz (Pack of 12)",Celsius energy drink,R3HI2TPF0QHS5I,Good and tasty,Good and tasty,5,2026-03-30,the United States,True,
B09X22BTZT,Celsius,"CELSIUS ARCTIC VIBE Sparkling Frozen Berry, Sugar Free Energy Drink, 12 Fl Oz (Pack of 12)",Celsius energy drink,R20T0ZXK2XJ88H,Live it,Love the drink.,5,2026-04-16,the United States,True,
B0B994RPC6,,"RYSE Fuel Energy Drink - Variety Pack - Sugar Free, Gluten Free & Vegan - 200mg Natural Caffeine, Taurine & Choline for Focus & Energy - No Artificial Colors - 16 fl oz Cans (12-Pack)",Ghost energy drink,R1TSCJGI7NLT0W,RYSE Fuelis one of the best zero sugar energy drinks out there!,"I’ve been reading the reviews and have been wanting to try these for a while.  I finally pulled the trigger and ordered the variety pack.  When ordering I expected 4 different flavors and 3 cans of each, but I was blown away with 8 different flavors and only two duplicates (sunny d and tropical kool-aid).  It’s hard to find a zero sugar energy drink that tastes good and has no aftertaste.  RYSE knocked it out of the park.  200mg of caffeine, no jitters, and no crash afterwards, really got the job done and was super effective when I needed it.  $30 for a 12 pack may seem high but if you compare to getting from convenience stores or other stores, you’re still getting a great value for your money.  Highly recommend and will be purchasing again",5,2025-12-31,the United States,True,3.0
B0B994RPC6,,"RYSE Fuel Energy Drink - Variety Pack - Sugar Free, Gluten Free & Vegan - 200mg Natural Caffeine, Taurine & Choline for Focus & Energy - No Artificial Colors - 16 fl oz Cans (12-Pack)",Ghost energy drink,RYXMWLQYJMEXY,Ryse is now my favorite energy drink brand.,"This is the best variety pack I've had. I dislike none of them in particular. Decent formula and energy. Impressive flavors. I only wish the stimulants lasted longer, so these are ideal for short to medium bursts. I drink these over the span of an hour or two (at most), and start to crash after 6 to 8 hours.Their most accurate flavor is KoolAid Tropical Punch, it's REALLY CLOSE to the real thing! That one gets a 9.5/10 from me, almost perfect.Arctic Berry is a very intense flavor, that's my 2nd favorite at an 8/10.I've tried other brands such as Ghost, Monster, Reign, Yerba Mate, and BUM.Overall, Ryse is my favorite due to the good variety, and I dislike none of the flavors.",5,2026-03-03,the United States,True,3.0
B0B994RPC6,,"RYSE Fuel Energy Drink - Variety Pack - Sugar Free, Gluten Free & Vegan - 200mg Natural Caffeine, Taurine & Choline for Focus & Energy - No Artificial Colors - 16 fl oz Cans (12-Pack)",Ghost energy drink,R3MGBRJ2P8U1N8,"Pretty good, worth a try","I got the variety pack, and it’s a true variety pack. I think the only flavors I had 2 of was the Sunny D and Tropical Punch Kool Aid, all the rest were 1 of each, so got to try a lot of them. I don’t remember if I had a Strawberry Squeeze one or not, but most of the flavors were pretty good with decent energy but not over the top (not a bad thing). A few favorites I’d say are the Grape Kool Aid, Sour Punch Blue Raspberry (surprised me how much I liked this one), and Cherry Ring Pop. In the past I also tried the Frosted Lemonade, and that grew on me pretty quick. Tastes like lemonade with whip on top.At $30 it seems kinda pricey but comes out to $2.50 a can, which isn’t bad.",4,2026-03-03,the United States,True,
B0B994RPC6,,"RYSE Fuel Energy Drink - Variety Pack - Sugar Free, Gluten Free & Vegan - 200mg Natural Caffeine, Taurine & Choline for Focus & Energy - No Artificial Colors - 16 fl oz Cans (12-Pack)",Ghost energy drink,R23M8J3PQ0GA3B,"Not bad, not great. Good.","Really good variety of flavors, but they have that taste that's a little off. I don't know quite how to explain it other than it tastes like a knockoff version of each flavor. It's not bad, but when the can says Sunny D I would expect it to be Sunny D and not generic carbonated orange drink you pick up at a gas station.If you handed me each can while blindfolded, I don't think I could identify more than 2 of them. It would just be ""Oh that's certainly a different flavor than the last"" type of situation. Maybe I got a bad batch, but they just kind of lack compared to most energy drinks I've had. Not the worst by far, but absolutely nothing to write home about.",3,2026-03-10,the United States,True,
B0B994RPC6,,"RYSE Fuel Energy Drink - Variety Pack - Sugar Free, Gluten Free & Vegan - 200mg Natural Caffeine, Taurine & Choline for Focus & Energy - No Artificial Colors - 16 fl oz Cans (12-Pack)",Ghost energy drink,R25MXUCTZTM6GN,Brings back the sunny d memories,"Good taste, good caffeine amount! Sugar ferry taste so if you dont like that you may not like these, but I'm good with that.",5,2026-03-27,the United States,True,
B0B994RPC6,,"RYSE Fuel Energy Drink - Variety Pack - Sugar Free, Gluten Free & Vegan - 200mg Natural Caffeine, Taurine & Choline for Focus & Energy - No Artificial Colors - 16 fl oz Cans (12-Pack)",Ghost energy drink,R1H8CH8T1BTK9K,Best energy drink.,Amazing taste for zero sugar! Love the variety it comes with. Some you can’t buy at the stores.  Zero crash for me!,5,2026-04-30,the United States,True,
B0B994RPC6,,"RYSE Fuel Energy Drink - Variety Pack - Sugar Free, Gluten Free & Vegan - 200mg Natural Caffeine, Taurine & Choline for Focus & Energy - No Artificial Colors - 16 fl oz Cans (12-Pack)",Ghost energy drink,R2EAL15QK57HWB,Great Flavors for Energy,Absolutely the best place to buy RYSE energy drinks. My area doesn't consistently sell them & these always hit the spot! Flavors are great!!,5,2026-05-08,the United States,True,
B0B994RPC6,,"RYSE Fuel Energy Drink - Variety Pack - Sugar Free, Gluten Free & Vegan - 200mg Natural Caffeine, Taurine & Choline for Focus & Energy - No Artificial Colors - 16 fl oz Cans (12-Pack)",Ghost energy drink,R2T62FHOUS2GX8,Great variety,Seemed pretty good. Like the variety of flavors. I did not like the root beer cream one tho 🤢.,5,2026-05-10,the United States,True,
B0BJX5VNVF,Monster,"Monster Energy Drink, Green, Original, 16 Ounce | Pack of 15",Monster energy drink,R36XQABEJLIHRT,Try it!,"It works!  If you need energy, get a monster.  I don’t drink the whole can in a day, but it keeps me going with just a few sips. Try it, maybe it’ll work for you as well.Now, on the bad side… I didn’t give the product a bad or lower rating because the product works and it’s good. What I am not happy about is the handling of it during shipping. I get this delivered to me on a subscription service, but the last two times that I received my order at least half of the cans have been bent up. I’m sure it happened during the shipping process, so Amazon, please do better, or the next shipment will returned and a replacement needed.",5,2026-03-05,the United States,True,1.0
B0BJX5VNVF,Monster,"Monster Energy Drink, Green, Original, 16 Ounce | Pack of 15",Monster energy drink,RVRVKQVEC0864,Monster energy drinks,Great taste gives you energy good size and value,5,2026-03-14,the United States,True,
B0BJX5VNVF,Monster,"Monster Energy Drink, Green, Original, 16 Ounce | Pack of 15",Monster energy drink,R36MVX387SRPZ8,Good cans,The cases have always shown up intact with every can sealed.,5,2026-04-11,the United States,True,
B0BJX5VNVF,Monster,"Monster Energy Drink, Green, Original, 16 Ounce | Pack of 15",Monster energy drink,R2C4JD7GJ0613Q,Love some monster and price is right less than $30,Was tired of buying the 12 packs at the store for almost $25 and now get 3 more cans for less than $30,5,2026-04-13,the United States,True,2.0
B0BJX5VNVF,Monster,"Monster Energy Drink, Green, Original, 16 Ounce | Pack of 15",Monster energy drink,ROC1UDGTREOBD,good product,good,4,2026-04-18,the United States,True,
B0BJX5VNVF,Monster,"Monster Energy Drink, Green, Original, 16 Ounce | Pack of 15",Monster energy drink,RZX9BUQYQHXG5,ughhhhhh,Decent price. only issue ive had has been them being damaged when arriving.,5,2026-05-06,the United States,True,
B0BJX5VNVF,Monster,"Monster Energy Drink, Green, Original, 16 Ounce | Pack of 15",Monster energy drink,R1OZT2DKOIAJ4O,Very happy! Taste is fresh and carbonated.,Fresh and carbonated.,5,2026-05-07,the United States,True,
B0BJX5VNVF,Monster,"Monster Energy Drink, Green, Original, 16 Ounce | Pack of 15",Monster energy drink,RKAEW1S8CS12D,Exactly what I ordered.  Price WAY too MUCH! Go to Sam’s Club,"Arrived on time, but was thinking it was a 24 pack like I buy at Sam’s Club for the same price! No it was only a 15 pack??? Scam!!",5,2026-05-09,the United States,True,
B0BL6SXDL4,Monster,"Monster Energy Juice Pipeline Punch, Energy Drink, 16 Ounce | Energy + Juice, Pack of 15",Monster energy drink,R14PC3CBDBHICE,Merece la pena probarla,La pipeline punch tiene un sabor a la Mixxd y la Pacific Punch me ha encantado está riquisima 😋 ojalá que llegue a España,5,2023-07-17,Spain,True,
B0BL6SXDL4,Monster,"Monster Energy Juice Pipeline Punch, Energy Drink, 16 Ounce | Energy + Juice, Pack of 15",Monster energy drink,R19TDQS4RHYXD0,Uno de los mejores sabores,"Perfecto embalaje, todo llegó bien un sabor asombroso, de los mejores que he probado.",5,2023-10-02,Spain,True,
B0BL6SXDL4,Monster,"Monster Energy Juice Pipeline Punch, Energy Drink, 16 Ounce | Energy + Juice, Pack of 15",Monster energy drink,R1V1CIPFGOME8A,Saboor,Excelente,5,2025-08-27,Spain,True,
B0BL6SXDL4,Monster,"Monster Energy Juice Pipeline Punch, Energy Drink, 16 Ounce | Energy + Juice, Pack of 15",Monster energy drink,R5T16C7ARSU5F,great price,"My favorite Monster drink.. Actually cheaper than the local dollar store has them, at the time of purchase it saved me 85 cents per can.",5,2025-11-29,the United States,True,
B0BL6SXDL4,Monster,"Monster Energy Juice Pipeline Punch, Energy Drink, 16 Ounce | Energy + Juice, Pack of 15",Monster energy drink,R1DVTFMTYKUJ8O,Great value,Come undamaged and taste great.,5,2025-12-10,the United States,True,
B0BL6SXDL4,Monster,"Monster Energy Juice Pipeline Punch, Energy Drink, 16 Ounce | Energy + Juice, Pack of 15",Monster energy drink,R36IZ3ZY719HH9,Best flavor monster drinks,Best flavor monster energy drinks. My local markets are always out of this flavor and the gas stations are always super expensive.,5,2026-02-04,the United States,True,
B0BL6SXDL4,Monster,"Monster Energy Juice Pipeline Punch, Energy Drink, 16 Ounce | Energy + Juice, Pack of 15",Monster energy drink,R3IKPEUV1SC0J1,Morning Pick-me-up,"I drink one of these a day so it was an easy decision to get a pack of them instead of having to stop at the gas station each morning on the way to work. Its delicious, and goes down smoothly.",5,2026-03-14,the United States,True,
B0BL6SXDL4,Monster,"Monster Energy Juice Pipeline Punch, Energy Drink, 16 Ounce | Energy + Juice, Pack of 15",Monster energy drink,R1X52IOMOT67LE,Good flavor!!,"Very good flavor, not overly powerful like some other energy drink flavors.",5,2026-03-17,the United States,True,
B0BL6SXDL4,Monster,"Monster Energy Juice Pipeline Punch, Energy Drink, 16 Ounce | Energy + Juice, Pack of 15",Monster energy drink,R26XVR07GIZV3C,Only monster I drink,Only way I can find the cases. My go-to energy drink to get through my day.,5,2026-03-28,the United States,True,
B0BL6SXDL4,Monster,"Monster Energy Juice Pipeline Punch, Energy Drink, 16 Ounce | Energy + Juice, Pack of 15",Monster energy drink,R3KERBVBU95L1I,My favorite flavor,I can't get enough of this flavor monster. I've had other flavors but pipeline punch is my favorite. I don't drink coffee so this is my wake me up/keep me up beverage of choice. The taste is sweet like fruit punch but with a little more kick. 5 stars. Recommend to anyone who likes monster drinks,5,2026-04-01,the United States,True,
B0BL6SXDL4,Monster,"Monster Energy Juice Pipeline Punch, Energy Drink, 16 Ounce | Energy + Juice, Pack of 15",Monster energy drink,R325XRGFM6DK3T,Good flavor but shipping issues can happen,"Love the drink and have been very pleased with my orders until now. Box arrived with a busted seam and cans were all over the place. One of the cans leaked over half it's contents, so had to toss that one out and rinse off the other cans because they were sticky.",4,2026-04-29,the United States,True,
B0BL6WQKPM,Monster,"Monster Energy Ultra Sunrise, Sugar Free Energy Drink, 16 Fl Oz | Pack of 15",Monster energy drink,R1AH679OQZTJA4,"Awesome flavors, great price, arrived quick","Love it. My favorite drink at very fair prices with the convenience of overnight shipping with my Prime membership.Zero Ultra and Ultra Sunrise are by far my favorites. I could alternate between these two forever. Ultra Violet is alright but a more distant second.Ultra Paradise (green) is not my thing. Too sweet without that citrusey punch that I like about my favorite cans. Ditto for Ultra Strawberry Dreams (pink) and Ultra Peachy Keen (I don't even know what that color is, pink-orange?). Too sweet without that refreshing citrusey kick. They're just too pretty and sweet without anything to balance that out. I would drink them if I'm out of my favorite cans but they would not be my first pick.",5,2025-11-06,the United States,True,1.0
B0BL6WQKPM,Monster,"Monster Energy Ultra Sunrise, Sugar Free Energy Drink, 16 Fl Oz | Pack of 15",Monster energy drink,R3B1DMI4OZVZ9Z,"My favorite energy drink, but it's getting to be too expensive","The energy drink itself is my absolute favorite drink in the mornings. The orange is perfect, the carbonation isn't overbearing, and it keeps me awake just fine. It does it's job and it's not too bad for me nutrient/calorie wise.The reason it's 4 stars is because of the price, which is getting to be crazy expensive. I've seen it hit $30 for a 15 pack which is just far too much. I couldn't recommend this at that price. However, at the $25 or so price that you can seemingly occasionally get, I can highly recommend it.",4,2026-02-01,the United States,True,4.0
B0BL6WQKPM,Monster,"Monster Energy Ultra Sunrise, Sugar Free Energy Drink, 16 Fl Oz | Pack of 15",Monster energy drink,R1UJDFV6PS7ORG,"Great product, good deal!",Good deal and Subscribe & Save make life much easier!,5,2026-03-11,the United States,True,
B0BL6WQKPM,Monster,"Monster Energy Ultra Sunrise, Sugar Free Energy Drink, 16 Fl Oz | Pack of 15",Monster energy drink,R1TBAZFM9BV15B,Great zero sugar option!,"Tastes great with zero sugar. Light, refreshing, and gives a smooth energy boost. Definitely a go-to for me and team!",5,2026-03-24,the United States,True,
B0BL6WQKPM,Monster,"Monster Energy Ultra Sunrise, Sugar Free Energy Drink, 16 Fl Oz | Pack of 15",Monster energy drink,R2OXBL65YG8ETX,Great taste and price!,Great price! Fast delivery!,5,2026-03-27,the United States,True,
B0BL6WQKPM,Monster,"Monster Energy Ultra Sunrise, Sugar Free Energy Drink, 16 Fl Oz | Pack of 15",Monster energy drink,RARU57C9VM5B7,Tasty but expensive,love these. I mix with sparkling water! yum but expensive.,5,2026-03-27,the United States,True,
B0BL6WQKPM,Monster,"Monster Energy Ultra Sunrise, Sugar Free Energy Drink, 16 Fl Oz | Pack of 15",Monster energy drink,R3B48FGDFX7MI,Good flavor but the price is terrible,Great flavor but availability isnt great and thebprice fluctuations are frustrating. Often arrive damaged due to poor packaging,5,2026-03-29,the United States,True,
B0BL6WQKPM,Monster,"Monster Energy Ultra Sunrise, Sugar Free Energy Drink, 16 Fl Oz | Pack of 15",Monster energy drink,R3VOCBGV5RHSB0,Tastes super good almost like a orange pop,This drink is my Favorite.  Give it a Try!,5,2026-04-21,the United States,True,
B0BL6X167P,Monster,"Monster Energy Zero Sugar, Green, Original, Low Calorie Energy Drink, 16 Ounce (Pack of 15), Can",Monster energy drink,R3T374QLWYOJKU,"Original Flavor MONSTER Energy Drink Zero Sugar, OUTSTANDING !!!","The Original Monster flavor is my Wife's and my favorite. I used to buy the Large Resealable cans for work every day and THAT is what put me in the hospital with Diabetes So I had to leave them alone for 18 years but NOW with the ""ZERO SUGAR"" I can Drink the Flavor I have missed all these years Plus my Wife enjoys it also except she Can NOT have Carbonated drinks SO I open half of them for her so she can drink them Flat. Buying it in the 15 pack is a Great Value saves me about $3.00 per can.  WE recommend this Product 110% to everyone who wants to enjoy the Greatest Flavor ever made, Besides MARINE CORPS GREEN is my favorite Color,  SEMPER FI !",5,2025-12-07,the United States,True,5.0
B0BL6X167P,Monster,"Monster Energy Zero Sugar, Green, Original, Low Calorie Energy Drink, 16 Ounce (Pack of 15), Can",Monster energy drink,R3NKQ9IMIJ1XPT,Best Sugar Free energy drink,I love the Sugar Free Original. I used to drink the white zero sugar and switched to this. Doesn't have a lingering aftertaste and taste so close to the actual original Monster it's great but starting to get a bit too expensive,5,2026-02-24,the United States,True,1.0
B0BL6X167P,Monster,"Monster Energy Zero Sugar, Green, Original, Low Calorie Energy Drink, 16 Ounce (Pack of 15), Can",Monster energy drink,R2011WL60Q1GBC,GOAT,"Best Monster Ultra out there. Yes, better than the white Monster, I said it.",5,2026-04-12,the United States,True,2.0
B0BL6X167P,Monster,"Monster Energy Zero Sugar, Green, Original, Low Calorie Energy Drink, 16 Ounce (Pack of 15), Can",Monster energy drink,R2ND6D7YFU35PO,Great energy,"Great flavor , Better prices than Publix, great energy.",5,2026-04-30,the United States,True,
B0BL6X167P,Monster,"Monster Energy Zero Sugar, Green, Original, Low Calorie Energy Drink, 16 Ounce (Pack of 15), Can",Monster energy drink,R1HI88RMXJVUGA,"Finally, the Monster I Actually Wanted","I have been a Monster fan for years, but the sugar crash always made me feel like I was betraying my own body. When they finally released a zero-sugar version of the original green, I was skeptical. Zero sugar energy drinks usually taste like a science experiment gone wrong.This one does not. It tastes like the real thing. The flavor is smooth, slightly sweet, a little citrusy, and the carbonation level is just right. The 160mg of caffeine per 16oz can delivers a solid, clean lift without the jittery spiral you get from some competitors.The 15-pack is a great value and makes it easy to keep the fridge stocked. Cans arrive well-packaged and undamaged. If you want to keep track of freshness, there is a production date stamped on the bottom of each can.One thing to know going in: the sweetener blend uses sucralose, so if you are sensitive to artificial sweeteners you will notice it. For most people though, it is barely detectable and a non-issue. If you loved original Monster but wanted to ditch the sugar, this is the one you have been waiting for.",5,2026-05-04,the United States,True,1.0
B0BL6X167P,Monster,"Monster Energy Zero Sugar, Green, Original, Low Calorie Energy Drink, 16 Ounce (Pack of 15), Can",Monster energy drink,R1HDW3TRRLDSE9,Solid OG performer,"I’ve drink a lot of zero sugar energy drinks and this is one of the few I actually keep buying because the flavor is genuinely good. It’s crisp, smooth, and sweet enough to be enjoyable without crossing into that artificial, overly syrupy taste some energy drinks have. Easy to drink cold and doesn’t leave a weird aftertaste.Caffeine content feels like a good balance too. Enough energy to wake you up and get through a workout or long shift without feeling overly caffeinated.Price is probably middle of the road these days. Not the cheapest option, but worth it for the flavor alone in my opinion.",5,2026-05-07,the United States,True,
B0BL6X167P,Monster,"Monster Energy Zero Sugar, Green, Original, Low Calorie Energy Drink, 16 Ounce (Pack of 15), Can",Monster energy drink,R2I9FCBCWC6L15,Solid Zero Sugar Monster Green – Tasty & Effective Energy Boost,"I’ve been drinking the Monster Energy Zero Sugar Green (Original) 16 oz cans regularly for the past few weeks as my go-to afternoon pick-me-up or pre-workout boost, and it delivers the classic Monster flavor I expect without the sugar crash. Each can gives a strong, smooth energy kick from the Monster blend (taurine, caffeine, etc.) with zero sugar, only about 10 calories, and B vitamins for focus and endurance, while tasting close to the original green Monster — mildly sweet, citrusy, and easy to drink when cold. The 15-pack is convenient for stocking the fridge, and the larger 16 oz size keeps me going longer than smaller cans. The only minor downside is the typical Monster sweetness can feel strong if you’re sensitive to artificial sweeteners, but it’s not overpowering for me. Overall, this is a reliable low-calorie energy drink that tastes great and performs well—highly recommended if you like the classic green Monster but want zero sugar.",4,2026-05-07,the United States,True,
B0BL6X167P,Monster,"Monster Energy Zero Sugar, Green, Original, Low Calorie Energy Drink, 16 Ounce (Pack of 15), Can",Monster energy drink,R19TM5MB2Q9905,Enjoy a Monster any time of day!,Can’t get through the day without a few Monsters! Great taste! Low calorie!,5,2026-05-11,the United States,True,
B0BL7316GD,Monster,"Monster Energy Zero Ultra, Sugar Free Energy Drink, 16 Ounce | Pack of 15",Monster energy drink,RHVIAZEKN7XDB,Um Now they make it 15 packs!! yes please,"As someone with a busy and demanding schedule, finding the right energy boost is essential for staying productive and focused throughout the day. I recently discovered the Monster Energy makes bulk packs of 15 cans! It has quickly become my go-to choice for combating fatigue and enhancing mental alertness. This detailed review will cover my experience with this product, including its taste, effectiveness, affordability, and overall impact on my daily routine.Packaging and Presentation:The Monster Energy Zero Ultra arrives in a sturdy and well-packaged bulk box containing 15 cans, each neatly stacked to prevent any damage during shipping. The sleek and modern design of the cans immediately catches the eye, with the iconic Monster logo and vibrant colors reflecting the brand's energy-driven identity. The packaging ensures convenience and portability, making it easy to store and grab a can whenever needed, whether at home, work, or on the go.Taste and Flavor Profile:One of the standout features of Monster Energy Zero Ultra is its refreshing taste and appealing flavor profile. As a sugar-free energy drink enthusiast, I appreciate the balanced blend of citrus flavors with a hint of sweetness, which is both invigorating and enjoyable to drink. Unlike other energy drinks that can be overly sweet or artificial in taste, Monster Energy Zero Ultra offers a clean and crisp flavor that doesn't leave a lingering aftertaste. It's refreshing and satisfying, providing an instant pick-me-up without the guilt of added sugars.Effectiveness and Performance:In terms of effectiveness, Monster Energy Zero Ultra delivers on its promise to boost energy levels and enhance mental focus. The combination of caffeine, taurine, and B-vitamins provides a noticeable and sustained energy lift, which is particularly beneficial during hectic days or when tackling mentally demanding tasks. I find that it helps sharpen my concentration and mental clarity, allowing me to stay productive and alert without the jitters or crash often associated with sugary energy drinks. Whether powering through deadlines at work or staying energized during workouts, Monster Energy Zero Ultra consistently delivers reliable performance and stamina support.Affordability and Value for Money:Purchasing Monster Energy Zero Ultra in a bulk pack of 15 cans offers significant cost savings compared to buying individual cans or smaller packs. The value for money is exceptional, especially considering the quality and effectiveness of the product. By opting for the bulk option, I not only save money but also ensure that I always have a supply of energy drinks on hand to meet my daily energy needs without frequent trips to the store. This affordability makes Monster Energy Zero Ultra a practical choice for budget-conscious consumers looking to maximize their energy expenditure.Convenience and Versatility:The convenience of having a supply of Monster Energy Zero Ultra readily available cannot be overstated. Whether I need a quick energy boost before a workout, a long drive, or a late-night study session, the easy accessibility of these cans ensures that I can maintain peak performance levels throughout the day. The compact size and lightweight nature of the cans make them portable and convenient for carrying in a backpack, gym bag, or car compartment, ensuring I never have to compromise on my energy levels wherever I go.Overall Impact on Daily Routine:In summary, Monster Energy Zero Ultra has significantly enhanced my daily routine by providing a reliable and effective energy solution. From its appealing taste and refreshing flavor to its ability to boost mental alertness and stamina, this sugar-free energy drink has become an indispensable part of my lifestyle. The decision to purchase in bulk has proven to be a wise investment, offering both financial savings and peace of mind knowing that I have a dependable energy source at my disposal whenever needed. As a result, I confidently award Monster Energy Zero Ultra a well-deserved 5-star rating for its exceptional taste, effectiveness, affordability, and overall contribution to optimizing my daily productivity and performance.---This comprehensive review captures the essence of Monster Energy Zero Ultra, highlighting its taste, effectiveness, affordability, and convenience in a detailed and informative manner.",5,2024-07-09,the United States,True,61.0
B0BL7316GD,Monster,"Monster Energy Zero Ultra, Sugar Free Energy Drink, 16 Ounce | Pack of 15",Monster energy drink,R33ZDV0LNF93Y4,HAY QUÉ MEJORARLO MÁS Y MÁS ETC X...,EXELENTE X....,5,2024-08-06,Mexico,True,
B0BL7316GD,Monster,"Monster Energy Zero Ultra, Sugar Free Energy Drink, 16 Ounce | Pack of 15",Monster energy drink,R3PGVCWYG9F55A,The best energy refill,Just a little smaller than the 500ml cansInside as good as it gets,5,2025-01-11,the United Arab Emirates,True,
B0BL7316GD,Monster,"Monster Energy Zero Ultra, Sugar Free Energy Drink, 16 Ounce | Pack of 15",Monster energy drink,RIZMR3845EKAN,The Best,Unfortunately difficult to get in DubaiYou need to stock if you don't want to run out of one of the best zero energy drinks on the marketDelivert comes in different sizes regardless of your orders either floz or ml from 16 ounces to 500 or 553 mlBut more essentially it is getting the cans home that matters,5,2025-02-14,the United Arab Emirates,True,
B0BL7316GD,Monster,"Monster Energy Zero Ultra, Sugar Free Energy Drink, 16 Ounce | Pack of 15",Monster energy drink,RGUK47AGGPZLI,Missing can and leaking,It’s missing 1 one the cans and another one is leaking,1,2026-03-13,the United Arab Emirates,True,
B0BL7316GD,Monster,"Monster Energy Zero Ultra, Sugar Free Energy Drink, 16 Ounce | Pack of 15",Monster energy drink,RJWX1Y3TIR96S,Great value,The best flavor of monster hands down.,5,2026-03-24,the United States,True,2.0
B0BL7316GD,Monster,"Monster Energy Zero Ultra, Sugar Free Energy Drink, 16 Ounce | Pack of 15",Monster energy drink,RTBCNGPTCWBWU,monster zero,always outstanding sevice great value highly recommend,5,2026-03-24,the United Kingdom,True,
B0BL7316GD,Monster,"Monster Energy Zero Ultra, Sugar Free Energy Drink, 16 Ounce | Pack of 15",Monster energy drink,RPLRG8203VZNH,Great taste without the sugar crash,"I picked this up because I wanted an energy drink that wouldn’t be loaded with sugar, and this one honestly surprised me. The flavor is really light and refreshing—not too sweet or overpowering like some other energy drinks.I’ve been using it mainly in the mornings or when I need a quick boost, and it definitely helps with energy and focus without making me feel jittery. One thing I really like is that there’s no heavy aftertaste, which I’ve noticed with other sugar-free drinks.Pros:Zero sugar but still tastes goodSmooth, not too strong or artificialGives a noticeable energy boostCons:Might be a little too mild if you like very strong flavorsThe price can add up if you drink them oftenOverall:I’d recommend this if you want a cleaner-tasting energy drink without all the sugar. It’s easy to drink and does what it’s supposed to.",5,2026-04-03,the United States,True,5.0
B0BL7316GD,Monster,"Monster Energy Zero Ultra, Sugar Free Energy Drink, 16 Ounce | Pack of 15",Monster energy drink,R1D9XJJE782RN,"My go-to energy drink for years, no crashes or headaches","Consistent energy, good taste, and no weird side effects✔️ Sugar-free with no crash✔️ No headaches or jittery feeling✔️ Clean, smooth energy boost✔️ Good flavor without being overly sweet✔️ Reliable enough for long-term daily use✔️ Subscription makes it easy to keep stockedI’ve been buying Monster Zero Ultra for years and have it on subscription. It’s the one energy drink I consistently go back to. I've tried most others and they all leave me feeling weird.I actually feel a noticeable energy boost from it, but without the downsides I’ve had with other drinks. No headaches, no weird jittery feeling, and no crash later on.The flavor is also solid (this one and Ultra Violet are my go tos') , not overly sweet, and easy to drink regularly. I only buy sugar-free energy drinks, and this checks that box without sacrificing taste. I limit myself to one a day after the gym and water the rest of the day.After trying a lot of different brands, this is the one that’s stayed consistent for me, which is why I’ve kept it on subscription.",5,2026-04-05,the United States,True,3.0
B0BL7316GD,Monster,"Monster Energy Zero Ultra, Sugar Free Energy Drink, 16 Ounce | Pack of 15",Monster energy drink,R332ZNFIRL68K5,One a day keeps the yawns away,"This is my go-to for a daily boost. The flavor is crisp and light without that heavy syrupy aftertaste you get with other energy drinks. It’s consistently refreshing, and buying the bulk pack is way more convenient than hitting the gas station every morning. Definitely a staple for staying productive. We have it on subscription and I’d highly recommend you do the same if this is a regular for you too!",5,2026-04-22,the United States,True,1.0
B0BL7316GD,Monster,"Monster Energy Zero Ultra, Sugar Free Energy Drink, 16 Ounce | Pack of 15",Monster energy drink,R3ULL2DKV719I7,Great Value,I love this 15 pack . Delivered straight to my door .Better value than what I can get the 12 pack for at my local grocery store,5,2026-05-04,the United States,True,1.0
B0BL7316GD,Monster,"Monster Energy Zero Ultra, Sugar Free Energy Drink, 16 Ounce | Pack of 15",Monster energy drink,ROP8FTEPBTQG9,"Clean, Crisp Energy Drink","This energy drink has a light, crisp flavor that is noticeably less heavy than many traditional energy drinks. It has a slightly citrus style taste with a smooth carbonation that makes it easy to drink without feeling overly sweet or syrupy.The zero sugar formula keeps it feeling cleaner on the palate, which I appreciate when I want something refreshing instead of something thick or overly intense. It goes down easily and does not leave a strong aftertaste.I find the energy boost to be steady and consistent, without feeling like an abrupt spike. It feels more balanced, which makes it easier to use during long work periods or when I need to stay alert without feeling overwhelmed.The 16 ounce can size is convenient, and the pack format is practical for keeping stocked at home or grabbing on the go. It is easy to chill and stays refreshing cold.Overall, this is a smooth, lightly flavored energy drink with zero sugar, consistent performance, and an easy drinking profile that makes it a reliable option for everyday energy needs.",5,2026-05-08,the United States,True,
B0BL7316GD,Monster,"Monster Energy Zero Ultra, Sugar Free Energy Drink, 16 Ounce | Pack of 15",Monster energy drink,R3RNX17FHT8J2E,Great Drink for Dads,It tastes great and it is sugar free.,4,2026-05-08,the United States,True,
B0BL75738K,Monster,"Energy, Lo-Carb Monster, Low Carb Energy Drink, 16 Ounce | Pack of 15",Monster energy drink,R1UIK894ZEYPF,"My Boyfriend's One True Love (and it's not me, it's Monster)","My boyfriend is OBSESSED with these Monster energy drinks. He likes trying all the different flavors we find but he always ends up coming back to this one like it's his SOULMATE. He drinks one (sometimes two) a day and will occasionally pause to worry that he's destroying his insides...but then he just keeps going. :) So far, he's alive and thriving, though! Every time we order these from Amazon, they arrive in great condition. the box might look like it got dropkicked across a warehouse, but the cans are perfect! No dents or leaks and never expired! We never buy big packs like this in-store so I don't know how the price compares but it's definitely cheaper than grabbing single cans at a gas station every day. Overall, 10/10 would recommend for any Monster lover (or the Monster-lover's enabler like me).",5,2025-07-10,the United States,True,1.0
B0BL75738K,Monster,"Energy, Lo-Carb Monster, Low Carb Energy Drink, 16 Ounce | Pack of 15",Monster energy drink,R3ROCTJ4RREJ5O,"Good value, ok taste","Tastes ok, but not the best compared to redbull. Has a larger size though, so thats a plus",4,2025-12-15,the United States,True,
B0BL75738K,Monster,"Energy, Lo-Carb Monster, Low Carb Energy Drink, 16 Ounce | Pack of 15",Monster energy drink,R15F9NIMHUY1QK,My Favorite!,"I love these! As a T2D, these do NOT spike my sugar at all and they taste delicious! I even enjoy them warm, no funky taste and they are the perfect size.",5,2026-03-25,the United States,True,
B0BL75738K,Monster,"Energy, Lo-Carb Monster, Low Carb Energy Drink, 16 Ounce | Pack of 15",Monster energy drink,R3N7DZ2XGYLDAD,Delicious,"No leaks, Taste great, everything you would want in a monster. Not high in calories, and keeps your energy up like a cup of coffee!",5,2026-03-27,the United States,True,
B0BL75738K,Monster,"Energy, Lo-Carb Monster, Low Carb Energy Drink, 16 Ounce | Pack of 15",Monster energy drink,R1ZJAVD8TDVQBE,Grest price,Great price,5,2026-03-28,the United States,True,
B0BL75738K,Monster,"Energy, Lo-Carb Monster, Low Carb Energy Drink, 16 Ounce | Pack of 15",Monster energy drink,R1AKT66BCHOK55,Increase Energy,"I buy energy drinks almost every month, and I've tried almost every flavor, but I still prefer the green tea with no sugar.",5,2026-04-10,the United States,True,
B0BL75738K,Monster,"Energy, Lo-Carb Monster, Low Carb Energy Drink, 16 Ounce | Pack of 15",Monster energy drink,R1FOU7L9ZATM4K,Too many carbs... 9 grams per can. Reg low calorie has 6 or 5 carbs,"My favorite but LO-CARB IS A FLAT OUT LIE. 9 GRAMS PER CAN. WAY TOO MANY CARBS!  Someone online said that means 'LOW CARBONATION' ...MAYBE THEY ARE RIGHT, CERTAINLY NOT LOW CARBOHYDRATE, even the new Lando has only 5 grams of carbs or 6 for white and violet. Highest carbohydrates except for original sugar drink!  Keto folks beware- read the label before drinking. too bad, my absolute favorite drink but can't because of 9 gas or carbs per can!",5,2026-04-11,the United States,True,
B0BL75738K,Monster,"Energy, Lo-Carb Monster, Low Carb Energy Drink, 16 Ounce | Pack of 15",Monster energy drink,RRQ8VJOOBWMIA,Beachy,Good flavor. Higher carbonation texture. Will buy again when it becomes more affordable.,5,2026-04-12,the United States,True,
B0C9G3KRGX,Red Bull,"Red Bull Energy Drink Variety Pack, Red Edition, Amber Edition and Yellow Edition Energy Drinks, 8.4 Fl Oz, 24 Cans",Celsius energy drink,R2MX6Z1F3C9SIO,Wings in Every Color: Energizing Variety That Hits the Sweet Spot,"I recently grabbed the Red Bull Energy Drink Variety Pack (Red, Yellow & Amber) and it’s become my go-to stash for long study sessions, gaming marathons, and early morning workouts.🧃 What’s Inside:• Watermelon (Red) — fruity and refreshing• Strawberry-Apricot (Amber) — subtly sweet and smooth• Tropical (Yellow) — tangy and lightEach 8.4 oz can delivers around 80 mg of caffeine paired with taurine and B‑vitamins for a crisp boost without the sugar crash⸻✅ Pros• Great flavor mix: Every flavor is easy-drinking and not overly sweet — especially the tropical and watermelon, which are especially refreshing• Consistent energy: Reliable pick-me-up whether you’re working, studying, or just need to stay alert• Convenient variety: Keeps things interesting and avoids flavor fatigue. Handy for gifting or sharing too• Better value than singles: Buying a pack saves money compared to buying individual cans at gas stations or study lounges⸻❗ Cons• Price per can still steep: Although cheaper than buying singles, it’s more expensive than house-brand energy drinks• Limited flavor selection: Some fans wish for peach, dragon fruit, or newer Editions in the mix• Small cans: The 8.4 oz size is perfect for a light burst but not ideal if you prefer a larger drink.",4,2025-07-25,the United States,True,3.0
B0C9G3KRGX,Red Bull,"Red Bull Energy Drink Variety Pack, Red Edition, Amber Edition and Yellow Edition Energy Drinks, 8.4 Fl Oz, 24 Cans",Celsius energy drink,R1G443J6CJSVOU,Love Red Bull,"I love Red Bull as a company because it offers stimulating energy drinks with yummy flavors, is immensely relevant to athletes, and actively sponsors sporting events; the brand is, however, on the expensive side. In my personal opinion, Red Bull has the best energy drinks on the market with its top-notch flavors. As a high school student, I have to get up early, sit through 6 lectures a day, and then do even more work out of school. This can be really tiring, so Red Bull’s drinks stimulating effect helps keep me awake and productive. They work well while still having enjoyable flavors. I also like supporting Red Bull because they sponsor many names in the athletic field, giving them incredible opportunities. Getting to see their unhinged stunts for marketing is something else. Seeing Red Bull lift up human achievement with insane feats makes me really fond of the company. The only thing that I dislike about Red Bull is how costly the drinks and events can be. Red Bull can only do these crazy things with a large amount of income, so I’d rather spend an extra dollar to be able to watch these wild tricks than not at all! Not to mention, the energy drinks taste way better because of the quality. I will continue to support Red Bull due to its fueling and flavorful energy drinks, its presence in sports, and its sponsorship of exciting events, despite the overall cost.",5,2025-09-22,the United States,True,1.0
B0C9G3KRGX,Red Bull,"Red Bull Energy Drink Variety Pack, Red Edition, Amber Edition and Yellow Edition Energy Drinks, 8.4 Fl Oz, 24 Cans",Celsius energy drink,R10GN7LIIE4EYX,Good price. Nice assortment.,Love this stuff. Red Bull does give you wings.,5,2026-01-18,the United States,True,
B0C9G3KRGX,Red Bull,"Red Bull Energy Drink Variety Pack, Red Edition, Amber Edition and Yellow Edition Energy Drinks, 8.4 Fl Oz, 24 Cans",Celsius energy drink,R17862L3JE68BQ,good,l love Red Bull and this the best place to buy it a reasonable price,5,2026-04-10,the United States,True,
B0C9G3KRGX,Red Bull,"Red Bull Energy Drink Variety Pack, Red Edition, Amber Edition and Yellow Edition Energy Drinks, 8.4 Fl Oz, 24 Cans",Celsius energy drink,R1ZROUQ8OBNJF7,Perfect,Excellent selection,5,2026-04-16,the United States,True,
B0C9G3KRGX,Red Bull,"Red Bull Energy Drink Variety Pack, Red Edition, Amber Edition and Yellow Edition Energy Drinks, 8.4 Fl Oz, 24 Cans",Celsius energy drink,RIY00SAJDMMY4,Nice,Great flavors and there’s lots of redbulls in the package so nice quantities.,5,2026-04-24,the United States,True,
B0C9G3KRGX,Red Bull,"Red Bull Energy Drink Variety Pack, Red Edition, Amber Edition and Yellow Edition Energy Drinks, 8.4 Fl Oz, 24 Cans",Celsius energy drink,RVI51PR6R9EI5,Flavors are amazing,"These flavors are amazing. We thought we would try them at our drink station and they didn’t last long. It is a great variety for your daily energy we drink them with a splash of lemonade, one squirt of blue raspberry flavoring, one squirt of coconut flavoring, and add cold foam on top. Better thern any scooters energy drink.",5,2026-05-03,the United States,True,
B0C9G3KRGX,Red Bull,"Red Bull Energy Drink Variety Pack, Red Edition, Amber Edition and Yellow Edition Energy Drinks, 8.4 Fl Oz, 24 Cans",Celsius energy drink,R2AIHCNPFMZ4FL,Great for Racing and Battlefield,Gamers and Racers unite!,5,2026-05-11,the United States,True,
B0CGMF1J8Z,Monster,"Energy Juice Monster Variety Pack, PPMLPP, Energy Drink, 16 Ounce | Energy + Juice, Pack of 15",Monster energy drink,R18QYDQF0LLW36,Variety and Energy in Every Sip!,"This Monster Energy Juice Monster variety pack is awesome for anyone who loves a flavorful energy boost. With Pipeline Punch, Mango Loco, and Pacific Punch, there’s a fun mix of tropical and fruity flavors to keep things exciting.The cans pack a serious energy punch while tasting great — not too overly sweet, and each flavor is distinct. Perfect for work, workouts, or long days when you need a pick-me-up. Having a variety makes it easy to switch flavors without getting bored.Overall, a fun, tasty, and energizing variety pack that I’ll definitely be restocking!",4,2025-11-21,the United States,True,
B0CGMF1J8Z,Monster,"Energy Juice Monster Variety Pack, PPMLPP, Energy Drink, 16 Ounce | Energy + Juice, Pack of 15",Monster energy drink,R2G8V0P66WKUXV,جودة العالية - مشروب طعم لذيذ روعة المانجو و كوكتيل,التعليمات المتبعة - سهولة الوصول و البحث للمنتج,5,2025-12-25,the United Arab Emirates,True,
B0CGMF1J8Z,Monster,"Energy Juice Monster Variety Pack, PPMLPP, Energy Drink, 16 Ounce | Energy + Juice, Pack of 15",Monster energy drink,R1F9BCI7637DS6,Great flavors,Great flavors and fast shipping. The best price on the internet.,5,2026-01-30,the United States,True,1.0
B0CGMF1J8Z,Monster,"Energy Juice Monster Variety Pack, PPMLPP, Energy Drink, 16 Ounce | Energy + Juice, Pack of 15",Monster energy drink,R1Z1UZFM2FBMOH,Monster,"Monster energy, price is good, quality excellent,",5,2026-03-12,the United States,True,
B0CGMF1J8Z,Monster,"Energy Juice Monster Variety Pack, PPMLPP, Energy Drink, 16 Ounce | Energy + Juice, Pack of 15",Monster energy drink,R2ATF3Z80YM4YI,Best way to buy these.  Flavor is good,"I recently purchased this bulk pack of energy drinks and was pleased with the experience. The product arrived as described, with no issues at all. Among the three flavors, I found the Pacific Punch to be my favorite. From a value perspective, buying in bulk is definitely the most affordable option. However, as expected for an energy drink, the sugar content and calorie count are quite high.",5,2026-04-05,the United States,True,
B0CGMF1J8Z,Monster,"Energy Juice Monster Variety Pack, PPMLPP, Energy Drink, 16 Ounce | Energy + Juice, Pack of 15",Monster energy drink,R3EHJKJWUG3HL0,My favorite flavors,My favorite bundle. Taste great. Not too sweet if u think it in juice.,5,2026-04-07,the United States,True,
B0CGMF1J8Z,Monster,"Energy Juice Monster Variety Pack, PPMLPP, Energy Drink, 16 Ounce | Energy + Juice, Pack of 15",Monster energy drink,R2JILTUC8RZI9C,Good value,Good variety of energy juice with a lot of flavor to choose from mango is my favorite. As well as the others sugar not so strong.,5,2026-04-16,the United States,True,
B0CGMF1J8Z,Monster,"Energy Juice Monster Variety Pack, PPMLPP, Energy Drink, 16 Ounce | Energy + Juice, Pack of 15",Monster energy drink,R1RO44VTS30LFY,"All 3 flavors are good, but Pipeline Punch is superior","Pipeline Punch is my favorite by far. It's a tropical/pineapple kinda blend. No coconut thank God. I absolutely love pineapple but most pineapple punches have coconut which I find disgusting. Love this. At 33g of sugar, it's sweet, but not too sweet. Citrusy. Pineappley.All 3 flavors have 160mg caffeine I believe. The ""juice"" variety of Monster is honestly my favorite. Goes down smoother than the OG. Idk why, but doesn't have the same heart pounding effect that the OG has. I appreciate that.Pacific Punch is more like your traditional fruit punch flavor. It's just a LIL too sweet for me, but I still like it. It's 52g of sugar.Mango Loco coming in at a whopping 60g... yes SIXTY grams of sugar. The worst of the 3 flavors for that very reason. It's just too sweet for me to drink regularly. Great as a mixer though. Especially something less sugary and orange. Mango Loco + Orange Juice + Vodka or Tequilla = get diabetes and a heart attack + drunk all at once but god damn it's a good combo. Try it.",5,2026-04-17,the United States,True,
B0CGMF1J8Z,Monster,"Energy Juice Monster Variety Pack, PPMLPP, Energy Drink, 16 Ounce | Energy + Juice, Pack of 15",Monster energy drink,R2Q1K2TZ5W301G,Good variety,"Great flavors. They are kind of high in sugar but if thats a problem monster does make sugar free versions. They definitely keep me awake in my 12-hour work days. Definitely will buy again, great flavor pack",5,2026-04-20,the United States,True,
B0CGMF4B74,Monster,"Monster Energy Ultra Variety Pack, PKZSD, Sugar Free Energy Drink, 16 Ounce | Pack of 15",Monster energy drink,R1GDGZ8QUI9WF3,Best deal for your money,Very good deal. Had to stock up for this for the holidays. Wish it went back down despite inflation.,4,2025-12-01,the United States,True,
B0CGMF4B74,Monster,"Monster Energy Ultra Variety Pack, PKZSD, Sugar Free Energy Drink, 16 Ounce | Pack of 15",Monster energy drink,ROU2RODNLLQOZ,"Solid zero sugar variety pack, if you already like the Ultra flavor style","If you want Monster Ultra without committing to one flavor, this 15-pack variety is a pretty safe buy. You get a mix of Zero Ultra (the lighter citrus one), Ultra Peachy Keen (sweet peach), and Ultra Strawberry Dreams (sweet-tart strawberry). All three are in the same general lane: bright, candy-adjacent flavor, lots of fizz, and the familiar Monster kick.The main win is that it is zero sugar and still tastes “full” compared to a lot of diet energy drinks. Each can is still a full 16 oz with a meaningful caffeine hit, so it does what people buy energy drinks to do. The variety also helps avoid flavor fatigue, especially if you rotate one can every few days instead of pounding the same flavor all week.bulk packs like this can be a better deal than singles, but the value depends heavily on the price on the day you buy.A good pick for Monster Ultra fans who want a convenient zero sugar stash and a little flavor rotation. If you do not already like the Ultra line, a single can of each flavor from a local store is the smarter first step.",5,2026-01-14,the United States,True,9.0
B0CGMF4B74,Monster,"Monster Energy Ultra Variety Pack, PKZSD, Sugar Free Energy Drink, 16 Ounce | Pack of 15",Monster energy drink,R22U0R11783RN7,Great product and great price.,A monster is a monster! I liked getting the variety pack. I guess I never thought about having energy drinks delivered to my home.,5,2026-04-02,the United States,True,
B0CGMF4B74,Monster,"Monster Energy Ultra Variety Pack, PKZSD, Sugar Free Energy Drink, 16 Ounce | Pack of 15",Monster energy drink,R2374TXG3YBDHF,"No damage or leakage, good flavors","No leakage or significant damage, pretty good flavors, (the strawberry one doesn't taste like strawberry, more like grapefruit, but still pretty good) the variety is nice if you don't want to have 12 of the same exact flavor. The sugar substitutes have started to make me nauseous over time, but that varies person to person.",5,2026-04-14,the United States,True,
B0CGMF4B74,Monster,"Monster Energy Ultra Variety Pack, PKZSD, Sugar Free Energy Drink, 16 Ounce | Pack of 15",Monster energy drink,R211EU60GHL3IT,Great Variety with Clean Energy Boost,"This variety pack is perfect if you like switching up flavors. Each one tastes light and refreshing without that heavy sugary feel, and being sugar free is a big plus. The energy boost is solid and lasts without a bad crash.I also like the size since one can is enough to get you through a workout or a long day. The variety keeps it from getting boring.Only downside is some flavors are definitely better than others, so you might not love every single one. The white one is always a favorite! Overall, a great option if you want consistent energy and good flavor without the sugar.",5,2026-04-16,the United States,True,
B0CGMF4B74,Monster,"Monster Energy Ultra Variety Pack, PKZSD, Sugar Free Energy Drink, 16 Ounce | Pack of 15",Monster energy drink,R2YXZOWIQMKUNI,A solid pick for monster,"Just a really solid pick for a variety pack, all the flavors are consistently good. no sugar, always effective on a long shift, and lowkenuinely aesthetic",5,2026-04-17,the United States,True,
B0CGMF4B74,Monster,"Monster Energy Ultra Variety Pack, PKZSD, Sugar Free Energy Drink, 16 Ounce | Pack of 15",Monster energy drink,RCMSTRMZIRAFS,"Great drink, great shipping.","All the cans and boxes came in good condition, with no spills or leaks. The zero sugar version is very healthy and good. alternative to coffee. It still has all the carbon dioxide in it. The caffeine content per can is perfect for a day, and it's very refreshing and helps on a hot day. Great for someone who wants to get the least per can/ Overall, I recommend buying it. 5/5",5,2026-04-19,the United States,True,1.0
B0CGMF4B74,Monster,"Monster Energy Ultra Variety Pack, PKZSD, Sugar Free Energy Drink, 16 Ounce | Pack of 15",Monster energy drink,RD1FMJ2BAJ3IP,RELAX AND ENJOY YOUR ENERGY HYDRATION,GREAT FLAVORS WITHOUT THE SUGAR---THIRST QUENCHING,5,2026-04-20,the United States,True,
B0CHGK2SGN,GURU,"GURU Organic Energy Drinks Variety Pack, Clean Energy Drink with Plant Based Natural Caffeine from Green Tea, Gluten Free and Vegan, 140MG Caffeine, Healthy Drinks, 12 oz (Pack of 12)",Ghost energy drink,R2AZYDFEYXDCBT,This is what happens if you watch too many episodes of The Amazing Race Canada,"I am not a fan of the GURU flavors. Guayasa is my favorite of the batch but even that is one of the worst energy drink flavors I've had. Lite was close to the same likeness. Yerba Mate taste like cough syrup medicine. I guess I'll remain a fan of artificial flavors of more popular energy drinks. This is what happens if you watch too many episodes of The Amazing Race Canada. If you ever watch the show you may notice they include a lot of sponsor advertising for snacks, drinks, cars, travel agencies, etc. Well that constant mention of Guru Energy & Clif Bars they give the contestants during the race got me interested so I find myself on Amazon searching around. Amazon has them at a fair price but I find out I'm not a fan of the flavors. They are not terrible, but I will not be buying again. You got me Jon Montgomery! You got me!",4,2023-11-27,the United States,True,3.0
B0CHGK2SGN,GURU,"GURU Organic Energy Drinks Variety Pack, Clean Energy Drink with Plant Based Natural Caffeine from Green Tea, Gluten Free and Vegan, 140MG Caffeine, Healthy Drinks, 12 oz (Pack of 12)",Ghost energy drink,R1GFGBZ73R1QT3,Good clean energy,I like this product!  It is a much healthier option to the energy drinks in stores.  I like the nature sugars.  I like most of the flavors. I’m thankful there is no artificial coloring to these drinks.  I feel people are hurting their body’s without even realizing it on a daily basis with unhealthy energy drinks.I also have felt that it curves my appetite and my cravings.,5,2024-01-01,the United States,True,3.0
B0CHGK2SGN,GURU,"GURU Organic Energy Drinks Variety Pack, Clean Energy Drink with Plant Based Natural Caffeine from Green Tea, Gluten Free and Vegan, 140MG Caffeine, Healthy Drinks, 12 oz (Pack of 12)",Ghost energy drink,RC2LD21VRW7QL,My new energy drinks,"I drink energy drinks daily and tried so many different kinds over the years. They started to give me an adverse side effects such as headaches, heart burns, crashing drowsiness, palpitations, etc. Drinks that claim to be healthy like Celsius/Alani Nu have way too much vitamin B's and Biotin which could cause irritability, drowsiness, mood swings, stomach issues, etc (and I was feeling all of these). Other healthy energy drinks have a weird after taste from the artificial sweeteners or gave me a crash effect. So far, this one doesn't have any bad effects on me nor did it have a weird after taste. It taste pretty good.The yellow and red taste like carbonated tea (so good). The blue one taste minty...I'm not a fan of it, but if you like mint, you'd probably like it.",5,2024-01-08,the United States,True,2.0
B0CHGK2SGN,GURU,"GURU Organic Energy Drinks Variety Pack, Clean Energy Drink with Plant Based Natural Caffeine from Green Tea, Gluten Free and Vegan, 140MG Caffeine, Healthy Drinks, 12 oz (Pack of 12)",Ghost energy drink,R31URRWKSXYB4J,Great taste and value,"I was told to stop drinking anything with sucralose of aspartame, after switching to those things to loose weight. We all know the “C” risks those chemicals could cost us, but they actually her our body’s in other ways. So after 20+ years of Monster 0’s I had to find a munkfruit/Stevia sweetened energy drink. These fit the bill perfectly!! Are they as flavorful as all of ny previous Monster beverages, NO, but they are way healthier which is more important. And the combo packs at $19.99 save the budget a little as well.Overall very happy so far",5,2024-02-04,the United States,True,4.0
B0CHGK2SGN,GURU,"GURU Organic Energy Drinks Variety Pack, Clean Energy Drink with Plant Based Natural Caffeine from Green Tea, Gluten Free and Vegan, 140MG Caffeine, Healthy Drinks, 12 oz (Pack of 12)",Ghost energy drink,R2IA3U5ZJKL3GN,Check the warehouse,It's a good drink but this last shipment left me in disgust,1,2024-03-03,the United States,True,2.0
B0CHGK2SGN,GURU,"GURU Organic Energy Drinks Variety Pack, Clean Energy Drink with Plant Based Natural Caffeine from Green Tea, Gluten Free and Vegan, 140MG Caffeine, Healthy Drinks, 12 oz (Pack of 12)",Ghost energy drink,RT86ETUBDH3Z4,Good for energy be aware of how your body reacts to Stevia,"I really liked the Guru drinks, the energy, how they made me feel - at first. Then as I continued to drink them over a few weeks, I noticed I kept having heart palpitations. I drink other kinds of energy drinks, coffee, caffeine doesn't usually bother me. So I cut back and paid attention to my body and found I'd get the bouts of heart palpitations after having the Guru drinks. I had another energy drink I liked and when I started to feel heart palpitations, I checked the ingredients and saw that one too had Stevia/and or Monk Fruit. Once I stopped drinking them the heart palpitations went away. I still drink several brands of energy drinks and haven't had the same issues.",3,2024-04-17,the United States,True,7.0
B0CHGK2SGN,GURU,"GURU Organic Energy Drinks Variety Pack, Clean Energy Drink with Plant Based Natural Caffeine from Green Tea, Gluten Free and Vegan, 140MG Caffeine, Healthy Drinks, 12 oz (Pack of 12)",Ghost energy drink,R2DS7HS3NOXADX,"Great taste ENERGY, no jitters!","Love the flavor, and it uses natural sweetener, not fake sweetener.  Cans are easy to cool, and don't have to worry about them breaking and leaking like a bottle. High quality product and a great value for a powerful energy drink.",5,2024-07-02,the United States,True,2.0
B0CHGK2SGN,GURU,"GURU Organic Energy Drinks Variety Pack, Clean Energy Drink with Plant Based Natural Caffeine from Green Tea, Gluten Free and Vegan, 140MG Caffeine, Healthy Drinks, 12 oz (Pack of 12)",Ghost energy drink,R24Y3NKZB2971S,"Bad taste, GI upset","I gave 2 stars because these drinks do in fact give you energy, but they taste bad, all of the flavors were not anything I would choose to drink again and they upset my gut causing some churning and frequent bathroom trips.  I will not buy them again.",2,2024-07-10,the United States,True,1.0
B0CJW7BRX4,Celsius,"CELSIUS On The Go Strawberry Coconut, Sugar Free Energy Drink Mix (14 Sticks per Pack)",Celsius energy drink,RVT0C1NRTV3WE,My New Pre-Workout Obsession: The Perfect Tropical Fuel,"The CELSIUS On The Go Strawberry Coconut Energy Drink Mix has completely changed my pre-workout routine and my afternoon slump defense strategy. As someone who tries to avoid sugary energy drinks, this mix is truly a game-changer. It delivers 200mg of clean, essential energy with zero sugar, and the convenience of the stick packs for my gym bag or travel is unmatched.But let's talk about the flavor—it is incredible. The Strawberry Coconut blend strikes a perfect balance. It’s a rush of sweet, authentic strawberry upfront, perfectly rounded out by the smooth, creamy hint of coconut, transporting you straight to a beach vacation. It's refreshing, easy to drink, and doesn't have that artificial aftertaste so common with energy powders. Seriously, I wish I could be a taste tester for these, because they've got me hooked!Beyond the amazing flavor, the function is exactly what I need. The MetaPlus blend, with green tea extract and B-vitamins, gives me a noticeable, jitter-free boost that powers me through even the toughest workouts. If you need a flexible, delicious, and highly effective way to get your essential energy on the go, this flavor is an absolute must-try.",5,2025-10-06,the United States,True,10.0
B0CJW7BRX4,Celsius,"CELSIUS On The Go Strawberry Coconut, Sugar Free Energy Drink Mix (14 Sticks per Pack)",Celsius energy drink,RB831CCZOW53R,منتج ممتاز يستحق التجربة,المنتج نفس الطلب وبصراحه الطعم جيد 😋,5,2025-12-12,Saudi Arabia,True,
B0CJW7BRX4,Celsius,"CELSIUS On The Go Strawberry Coconut, Sugar Free Energy Drink Mix (14 Sticks per Pack)",Celsius energy drink,R3015NQBP62GHF,Better than the canned version,"I was pleasantly surprised by how good the Strawberry Coconut flavor tastes. I honestly ended up liking it more than the canned Celsius drinks. One of my favorite things is that I can adjust the sweetness to my liking, which makes it much more enjoyable and customizable. this flavor is also not offered in the can literal  version and it’s one of my favorite!I also appreciate that this option is more cost-effective compared to buying individual cans and it is more portable. It feels cleaner and more hydratingOverall, this has become a better everyday option for me, and I plan to continue using it. I would definitely recommend it to anyone who enjoys Celsius but wants a lighter, more refreshing alternative.",5,2025-12-24,the United States,True,14.0
B0CJW7BRX4,Celsius,"CELSIUS On The Go Strawberry Coconut, Sugar Free Energy Drink Mix (14 Sticks per Pack)",Celsius energy drink,R2Y23X3KGK8MXI,Great stuff.,"I honestly wasn't sure if the strawberry coconut combo would be too sweet, but this Celsius mix is actually a total lifesaver for my afternoon slump. It tastes surprisingly refreshing and tropical without that weird chemical aftertaste you usually get with sugar-free stuff, and it dissolves way better in my water bottle than other powders I've tried. I love that I can just toss a couple of packets in my bag for the gym or work because it gives a solid, steady energy boost without making me feel all jittery or crashed out a few hours later. If you're looking for something that feels a bit like a vacation while you're stuck at a desk, this flavor is definitely the one to grab.",5,2026-02-10,the United States,True,2.0
B0CJW7BRX4,Celsius,"CELSIUS On The Go Strawberry Coconut, Sugar Free Energy Drink Mix (14 Sticks per Pack)",Celsius energy drink,R35SRV9GFAWPYS,Refreshing Energy Boost with Great Taste!,"This Strawberry Coconut flavor is delicious and refreshing. It's perfect for an on-the-go energy pick-me-up. It strikes a nice balance of sweetness and fruitiness without tasting artificial or overly sugary. It dissolves nicely in a bottle or cup of water, and gives me a noticeable kick of energy without the crash, and I love that it’s light enough to enjoy chilled or over ice. Great flavor and exactly what I want when I need an energy boost that actually tastes good. The single serve packets are small and lightweight so they are perfect to throw in your purse and bag for on the go or to use in a restaurant. Will be getting more!",5,2026-02-14,the United States,True,
B0CJW7BRX4,Celsius,"CELSIUS On The Go Strawberry Coconut, Sugar Free Energy Drink Mix (14 Sticks per Pack)",Celsius energy drink,R2GHHK0OB5GXSB,"Nice taste, boost of energy",I like to use them to give me a boost of energy at the gym. Last box came open and one packet open (created a mess inside the box).,4,2026-03-15,the United States,True,
B0CJW7BRX4,Celsius,"CELSIUS On The Go Strawberry Coconut, Sugar Free Energy Drink Mix (14 Sticks per Pack)",Celsius energy drink,R1MRY01UZX1AW9,Try this,"I like Celsius energy drinks, but these make me now order them instead of cans because : better value, you can adjust flavor based on how much water you add, and flavors seems to be better, especially coconut strawberries and cranberry lemon is on point",5,2026-04-01,the United States,True,
B0CJW7BRX4,Celsius,"CELSIUS On The Go Strawberry Coconut, Sugar Free Energy Drink Mix (14 Sticks per Pack)",Celsius energy drink,R12JIY1KLIC05L,Energy bump minus the fizz,"Definitely prefer the packets over the carbonated cans of Celsius. I only drink energy drinks when I actually need one, which is when I’m active and busy. A fizzy drink sometimes just doesn’t sit well. Mixed with water, I get the same effect without the bloat. I keep bottled water in my cooler and a packet of Celsius in the side pocket and mix it when I need it. Super convenient. Mixes easily. Tastes just as good as the canned version and gives the same results. This also allows me to put the cap back on, so I don’t have to drink the entire thing at once. Gives a definite noticeable energy and focus bump. I have used the strawberry coconut flavor and the orange. Both are great! I highly recommend.",5,2026-04-27,the United States,True,1.0
B0CJW7BRX4,Celsius,"CELSIUS On The Go Strawberry Coconut, Sugar Free Energy Drink Mix (14 Sticks per Pack)",Celsius energy drink,R1RNB5NE44YH4I,Delicious!,Amazing! This drink has been essential for losing the soft drinks! No sugar and enough caffeine to stay on top!,5,2026-05-06,the United States,True,
B0CN3S8FXH,Alani Nu,"Alani Nu CHERRY SLUSH Ice Sugar Free, Low Calorie Energy Drinks | 200mg Caffeine | Antioxidants | Biotin, B Vitamins | Zero Sugar | 15 Calories or Less | 12 Oz Cans | 12 Count",Alani Nu energy drink,R1RA3FMSDVHFK,Definitely my new go to!,"I picked up the Alani Nu Cherry Slush energy drink kind of on a whim because I usually like cherry flavored stuff, and honestly, I was pleasantly surprised. The flavor is bold but not too sweet it really does remind me of a cherry slush from a gas station or movie theater, just without that heavy syrupy aftertaste. It’s refreshing and easy to drink, which isn’t always the case with energy drinks.Caffeine wise, it definitely gives me a nice boost without making me jittery or crashing later in the day. I usually have it mid-morning, and it gets me through the afternoon pretty smoothly. The carbonation is light, not overly fizzy, which I appreciate.If I had to nitpick, it’s a little on the sweet side, so if you’re not into candy like flavors, it might not be your favorite. But for me, it hits the spot when I want something fun and energizing.Overall, I’d say it’s one of the better Alani Nu flavors I’ve tried, and it’s quickly become a go-to when I want an energy drink that tastes more like a treat than just a pick me up.",5,2025-09-14,the United States,True,9.0
B0CN3S8FXH,Alani Nu,"Alani Nu CHERRY SLUSH Ice Sugar Free, Low Calorie Energy Drinks | 200mg Caffeine | Antioxidants | Biotin, B Vitamins | Zero Sugar | 15 Calories or Less | 12 Oz Cans | 12 Count",Alani Nu energy drink,RN969HOOPUW2F,Flavors changed,"Pink slush was my favorite before, but since Celsius bought Alani the pink slush flavor changed and tastes gross to me. I do however love the taste of cherry slush though. Its my go to energy drink.",4,2026-01-27,the United States,True,1.0
B0CN3S8FXH,Alani Nu,"Alani Nu CHERRY SLUSH Ice Sugar Free, Low Calorie Energy Drinks | 200mg Caffeine | Antioxidants | Biotin, B Vitamins | Zero Sugar | 15 Calories or Less | 12 Oz Cans | 12 Count",Alani Nu energy drink,R1ZYSKUPBS52FE,My Go-To Morning Energy Drink,"I literally drink Alani Nu Cherry Slush every morning, and it’s easily my favorite energy drink.The flavor actually tastes like a cherry slush — sweet but clean, not overly artificial. The carbonation is just right too. It’s crisp and refreshing without being overly fizzy or harsh, which makes it easy to drink first thing in the morning.The 200mg of caffeine gives me steady energy and focus without jitters, and I’ve never had a crash afterward. That alone keeps me coming back.As far as value goes, the 24-pack for $39.97 breaks down to about $1.66 per can. At my local gas station they’re $2.99 each, so buying the case saves over $30 compared to grabbing them individually. That’s a big difference if you drink them daily like I do.Great taste, smooth carbonation, reliable energy, and much better pricing by the case. I’ll definitely keep ordering.",5,2026-02-15,the United States,True,4.0
B0CN3S8FXH,Alani Nu,"Alani Nu CHERRY SLUSH Ice Sugar Free, Low Calorie Energy Drinks | 200mg Caffeine | Antioxidants | Biotin, B Vitamins | Zero Sugar | 15 Calories or Less | 12 Oz Cans | 12 Count",Alani Nu energy drink,R28N1DZS2XTP4Z,Great shipping service,"It’s my favorite energy drink! You can’t find a better price anywhere. It has good ingredients, and it tastes amazing!",5,2026-03-19,the United States,True,
B0CN3S8FXH,Alani Nu,"Alani Nu CHERRY SLUSH Ice Sugar Free, Low Calorie Energy Drinks | 200mg Caffeine | Antioxidants | Biotin, B Vitamins | Zero Sugar | 15 Calories or Less | 12 Oz Cans | 12 Count",Alani Nu energy drink,R33NU78TA21A1Q,Energizes,My daughter's fav energy drink to start her morning with exercising and classes. She loves the taste and that she doesn't crash down...whatever that means lol,5,2026-03-28,the United States,True,
B0CN3S8FXH,Alani Nu,"Alani Nu CHERRY SLUSH Ice Sugar Free, Low Calorie Energy Drinks | 200mg Caffeine | Antioxidants | Biotin, B Vitamins | Zero Sugar | 15 Calories or Less | 12 Oz Cans | 12 Count",Alani Nu energy drink,R2KDXBAPVXFN4Y,Delicious flavor,"You'd think it would be too sweet, but it's perfect. No artificial coloring, either. Great value and a great energy boost. Decent ingredients, minus the sucralose.",5,2026-04-04,the United States,True,1.0
B0CN3S8FXH,Alani Nu,"Alani Nu CHERRY SLUSH Ice Sugar Free, Low Calorie Energy Drinks | 200mg Caffeine | Antioxidants | Biotin, B Vitamins | Zero Sugar | 15 Calories or Less | 12 Oz Cans | 12 Count",Alani Nu energy drink,R38QG9F7TKJEF6,"Had my hands shaking, you could call it from excitement.",I love me an energy drink every now and then and these tasted exactly like a cherry slushy! I'm a pretty heavy coffee drinker but even so Alani's energy had me buzzing!,5,2026-04-10,the United States,True,1.0
B0CN3S8FXH,Alani Nu,"Alani Nu CHERRY SLUSH Ice Sugar Free, Low Calorie Energy Drinks | 200mg Caffeine | Antioxidants | Biotin, B Vitamins | Zero Sugar | 15 Calories or Less | 12 Oz Cans | 12 Count",Alani Nu energy drink,RJEG5G4KKZT63,Alani,I love this energy drink the taste is amazingOnly problem was when I got my package it was all ripped up and broken,5,2026-04-10,the United States,True,
B0CQRTWDWM,C4,"C4 Performance Energy Drink, Grape Popsicle, Zero Sugar Carbonated Preworkout Energy, 200mg Caffeine with Beta Alanine, 16 Fl Oz (12 Pack) | Carbonated, Pre Workout, Performance Drink, no Artificial Colors, no Dyes",Ghost energy drink,R1GD72HSUVULEK,The Best Flavor,"Popscicle grape C4 comes out swinging with a perfect one-to-one taste of a melted grape popscicle while boosting your energy by a considerable amount. Some say they feel uncomfortable with the jitters they get after drinking, but I've found that with enough hydration, those tremors will cease with time.For my money, it's a great value that I continue to come back to time and time again. No other energy drink gets me as excited to get a good workout in as C4, and keeps me focused throughout at least the first hour of my session.",5,2025-07-24,the United States,True,1.0
B0CQRTWDWM,C4,"C4 Performance Energy Drink, Grape Popsicle, Zero Sugar Carbonated Preworkout Energy, 200mg Caffeine with Beta Alanine, 16 Fl Oz (12 Pack) | Carbonated, Pre Workout, Performance Drink, no Artificial Colors, no Dyes",Ghost energy drink,R3MJFI7QUV3B5I,Great substitute for grape soda,"If you like grape soda, this stuff is the bomb!",4,2026-01-30,the United States,True,
B0CQRTWDWM,C4,"C4 Performance Energy Drink, Grape Popsicle, Zero Sugar Carbonated Preworkout Energy, 200mg Caffeine with Beta Alanine, 16 Fl Oz (12 Pack) | Carbonated, Pre Workout, Performance Drink, no Artificial Colors, no Dyes",Ghost energy drink,R12O3LLWHTPBQ6,GREAT GRAPE!,C4 is where's it's at! Love the surge of energy and the lovely taste of the grape flavor ..no crash involved just a  masterpiece to be acknowledged.,5,2026-02-24,the United States,True,
B0CQRTWDWM,C4,"C4 Performance Energy Drink, Grape Popsicle, Zero Sugar Carbonated Preworkout Energy, 200mg Caffeine with Beta Alanine, 16 Fl Oz (12 Pack) | Carbonated, Pre Workout, Performance Drink, no Artificial Colors, no Dyes",Ghost energy drink,R11L8ZVQWSKK5N,Highly recommend,Great taste,5,2026-03-05,the United States,True,
B0CQRTWDWM,C4,"C4 Performance Energy Drink, Grape Popsicle, Zero Sugar Carbonated Preworkout Energy, 200mg Caffeine with Beta Alanine, 16 Fl Oz (12 Pack) | Carbonated, Pre Workout, Performance Drink, no Artificial Colors, no Dyes",Ghost energy drink,R2V234160VEAEC,Good grape,Very smooth and delicious grape taste. Does not taste like most artificial grape flavors. Provides a good amount of extra energy.,5,2026-03-06,the United States,True,
B0CQRTWDWM,C4,"C4 Performance Energy Drink, Grape Popsicle, Zero Sugar Carbonated Preworkout Energy, 200mg Caffeine with Beta Alanine, 16 Fl Oz (12 Pack) | Carbonated, Pre Workout, Performance Drink, no Artificial Colors, no Dyes",Ghost energy drink,R22TWSM263WLM1,It rocks,"20 minutes before work out, and im ready to go when I get to  the gym.  Lots of energy.  Great taste as well.  Im trying cherry next!!!!",5,2026-04-16,the United States,True,
B0CQRTWDWM,C4,"C4 Performance Energy Drink, Grape Popsicle, Zero Sugar Carbonated Preworkout Energy, 200mg Caffeine with Beta Alanine, 16 Fl Oz (12 Pack) | Carbonated, Pre Workout, Performance Drink, no Artificial Colors, no Dyes",Ghost energy drink,R23GZTHXUDNM0B,Tastes Grape!,"I grabbed one of these before an early workout expecting the usual fake grape situation. Instead, it tastes a lot like a grape popsicle that decided to get a gym membership. Sweet, crisp, and actually easy to finish. The 16 oz size feels right too, enough to do the job without feeling like a bucket of fizz.Performance is the real win. It gave me a clean boost, no sugar crash, and the energy felt steady instead of chaotic. Value is good when the pack price is reasonable. The only quirk is that the caffeine is very real, so I would not treat this like a casual afternoon soda unless sleep is optional.",5,2026-04-17,the United States,True,
B0CQRTWDWM,C4,"C4 Performance Energy Drink, Grape Popsicle, Zero Sugar Carbonated Preworkout Energy, 200mg Caffeine with Beta Alanine, 16 Fl Oz (12 Pack) | Carbonated, Pre Workout, Performance Drink, no Artificial Colors, no Dyes",Ghost energy drink,R1HN8OX6S1UL9H,Thanks order was perfect,Came on time!  that is what i like about amazon.  They don't mess up deliveries.  Good place to get what you want.  Thanks again,5,2026-05-09,the United States,True,
B0CRHXVP3X,Celsius,"CELSIUS ESSENTIALS™ Sparkling Blue Crush, Sugar Free Performance Energy Drink, 16 Fl Oz (Pack of 12)",Celsius energy drink,R2HTT9AYCKJ33M,This has definitely become one of my go-to energy drinks.,"This drink is refreshing, flavorful, and gives a clean boost of energy without the crash. The Blue Crush flavor is crisp and not overly sweet, which makes it easy to enjoy even on busy days. I really like that it’s sugar free, so I can get the energy I need without the extra calories or guilt.The energy kick feels smooth and steady—no jitters like some other energy drinks. It keeps me focused and alert for workouts, workdays, or even just when I need a little pick-me-up. The carbonation is light and adds just the right amount of fizz, making it taste more refreshing than flat energy drinks.Getting a 12-pack is convenient and a good value since I always like to have some on hand. It’s a great alternative to coffee or sugary drinks, and the fact that it’s packed with performance ingredients makes it even better. This has definitely become one of my go-to energy drinks.",5,2025-09-04,the United States,True,8.0
B0CRHXVP3X,Celsius,"CELSIUS ESSENTIALS™ Sparkling Blue Crush, Sugar Free Performance Energy Drink, 16 Fl Oz (Pack of 12)",Celsius energy drink,RO48E9ALSO51U,"Clean Energy, Great Taste, and Zero Crash!","I’ve tried just about every energy drink out there, and CELSIUS ESSENTIALS Sparkling Blue Crush is easily one of the best. It’s smooth, refreshing, and delivers a clean, sustained boost without the jittery crash that comes with most other brands. This drink hits the perfect balance — flavorful, functional, and genuinely energizing.🔹 Amazing Flavor and Refreshing CarbonationThe product page on page 1 showcases the sleek 16 fl oz design and the bright blue can, and it tastes just as bold as it looks. The “Blue Crush” flavor is crisp and fruity — not too sweet, not artificial, and with just the right fizz. It’s refreshing from the first sip to the last, making it a perfect pre-workout or mid-day pick-me-up.🔹 Real Energy with Proven IngredientsAccording to the ingredient panel on page 2, this drink includes green tea extract, guarana seed, ginger root, vitamin B, vitamin C, and chromium — all backed by science for boosting metabolism and focus. It’s also sugar-free, with 0 calories and 200mg of caffeine, making it ideal for anyone who wants clean energy without unnecessary junk.🔹 Perfect for Fitness and Daily PerformanceThe CELSIUS ESSENTIALS section on page 2 emphasizes performance, and it really shows — whether before a workout, during long work hours, or just powering through the afternoon slump, it provides lasting energy and alertness. I love that there’s no crash afterward, just smooth, sustained focus and motivation.✅ Pros:Delicious, crisp Blue Crush flavorClean energy with no sugar or crashPacked with vitamins and natural caffeine sourcesSleek design, great for workouts or busy daysReliable boost for both mind and body❌ Cons:Slightly pricier than typical energy drinks, but worth it for the qualityOverall:This is hands-down one of the best-tasting and most effective energy drinks on the market. CELSIUS ESSENTIALS delivers premium performance in every can — refreshing flavor, smart ingredients, and steady energy that lasts. Whether you’re hitting the gym or tackling a long day at work, this drink keeps you sharp, energized, and feeling great. I’ll definitely keep this stocked in my fridge — 5 stars all the way!",5,2025-10-27,the United States,True,6.0
B0CRHXVP3X,Celsius,"CELSIUS ESSENTIALS™ Sparkling Blue Crush, Sugar Free Performance Energy Drink, 16 Fl Oz (Pack of 12)",Celsius energy drink,R25I995JWX14GT,"Mild raspberry flavor, 270mg caffeine, vitamins and AA's.  Good product, see video!",The media could not be loaded.,4,2026-03-07,the United States,True,
B0CRHXVP3X,Celsius,"CELSIUS ESSENTIALS™ Sparkling Blue Crush, Sugar Free Performance Energy Drink, 16 Fl Oz (Pack of 12)",Celsius energy drink,R3MV8FGBU6NHHX,The best,Obsessed with these. This is by far the best flavor and one of these keeps me going all day. By far my favorite energy drink.,5,2026-03-30,the United States,True,
B0CRHXVP3X,Celsius,"CELSIUS ESSENTIALS™ Sparkling Blue Crush, Sugar Free Performance Energy Drink, 16 Fl Oz (Pack of 12)",Celsius energy drink,R2FJPZFYRDQ2MP,Celsius keeps my caregiver close at hand,"Truth be told, I use Celsius to bribe my caregiver to keep her coming back.  After 2 years, it has performed 100%. I mix her favorite Sparkling Blue up with several other Sparkling varieties. Convenient bottle size, with just the right carbonation.  Very effective, wink wink.",5,2026-04-12,the United States,True,
B0CRHXVP3X,Celsius,"CELSIUS ESSENTIALS™ Sparkling Blue Crush, Sugar Free Performance Energy Drink, 16 Fl Oz (Pack of 12)",Celsius energy drink,RRHCJ62OC6NQL,Top Notch,Top notch.  Great to take to the gym.  Energy throughout the workout with 16oz.,5,2026-04-19,the United States,True,
B0CRHXVP3X,Celsius,"CELSIUS ESSENTIALS™ Sparkling Blue Crush, Sugar Free Performance Energy Drink, 16 Fl Oz (Pack of 12)",Celsius energy drink,R2CUXJDGYXXVQU,Works great,"Great product, it works great and I haven’t found a flavor that I haven’t liked!",5,2026-04-20,the United States,True,
B0CRHXVP3X,Celsius,"CELSIUS ESSENTIALS™ Sparkling Blue Crush, Sugar Free Performance Energy Drink, 16 Fl Oz (Pack of 12)",Celsius energy drink,R1CVM0PTHSRPAZ,Yum!,"Great taste, quality, value, carbonation, and size",5,2026-04-24,the United States,True,
B0CS2D278X,Spylt,"Spylt High Protein Max Chocolate Milk with 140mg Caffeine & 20g Protein - 90 Calories, Ready to Drink, Sugar Free, Lactose Free Milk, Perfect for Workout Recovery & Afternoon Pick Me Up - 12 Count",Alani Nu energy drink,R3R1NHNX4AAA5O,Amazing product and even better customer service,"I received the product, which I loved the first time I ordered.  This second case was different, a little chunky like a Starbucks protein coffee gone cold.  I did not know if it was safe to drink, so I came back on amazon, and contacted the manufacturer. They told me that this sometimes happens if the product freezes, which surely happened as the weather was in the 20s.  The company was amazing, they immediately with out me asking offerred to send me another case.  The customer service person, Rebel kept communicating with me, letting me know when the product shipped, and then followed up with me afterwards to ensure the product met expectations, which it did.  I was very impressed with the response and resolution.  I will continue to buy the product, which I adore.  It is thin, like milk, not thick like a shake, has only 90 calories, 20 grams of protein, and I use the max caffeine option, and tastes amazing.  I can't wait to try some of the other flavors.  Hopefully they will make others that are max caffeine as well.",5,2026-01-24,the United States,True,3.0
B0CS2D278X,Spylt,"Spylt High Protein Max Chocolate Milk with 140mg Caffeine & 20g Protein - 90 Calories, Ready to Drink, Sugar Free, Lactose Free Milk, Perfect for Workout Recovery & Afternoon Pick Me Up - 12 Count",Alani Nu energy drink,R1WTNZTHCLRDN0,Shake! but watch it will explode out the top.  Still end up with gunk in the bottom.  Works though,"Good taste.  Give me then energy I want.  HOWEVER, after shaking, even gently, make sure you let it sit for 5-10 minutes or you will create yourself a MESS.  It will explode out of the top.  Always get a napkin to hold over top.Now, even though I've shaken before and after opening (after every drink), I get to the bottom and it's full of chocolate ""chunks"".  They taste ok, but I'd rather they be part of the drink.  I feel like I'm not getting the proper taste.  I've bought 3 cases now.  I don't remember the first case being like this, but the last 2 have been",4,2026-03-20,the United States,True,2.0
B0CS2D278X,Spylt,"Spylt High Protein Max Chocolate Milk with 140mg Caffeine & 20g Protein - 90 Calories, Ready to Drink, Sugar Free, Lactose Free Milk, Perfect for Workout Recovery & Afternoon Pick Me Up - 12 Count",Alani Nu energy drink,R5C54KR7GHP5P,"Great product, great company","As a company, Spylt stands firmly behind their product, and they should because it is the best tasting protein shake out there when you get a good batch. Unfortunately, I received two bad cases back to back from Amazon that were lumpy and sludge like at the bottom. The taste was good, but the clumpiness was hard to get past. After receiving the first bad case I reached out to the company through Amazon and was immediately refunded for the case. Because I’d had good cases previously, I ordered another, which was also lumpy. Again, I contacted the company and they were on top of the situation. They explained that the clumping can happen when the product gets too cold (my orders were right around the time of all the snow and ice storms) and they offered to send a new case, which arrived along with a handwritten note again apologizing for the bad cases. If you’re looking for a lower calorie, great tasting protein shake, with the added benefit of caffeine look no further.",5,2026-04-02,the United States,True,
B0CS2D278X,Spylt,"Spylt High Protein Max Chocolate Milk with 140mg Caffeine & 20g Protein - 90 Calories, Ready to Drink, Sugar Free, Lactose Free Milk, Perfect for Workout Recovery & Afternoon Pick Me Up - 12 Count",Alani Nu energy drink,R22X70G7YVLXQ8,Buy These.,"These drinks are absolutely awesome, the protein content is awesome, the flavor is excellent, and the kick of caffeine is like no other.  I highly recommend a try them all out.",5,2026-04-17,the United States,True,
B0CS2D278X,Spylt,"Spylt High Protein Max Chocolate Milk with 140mg Caffeine & 20g Protein - 90 Calories, Ready to Drink, Sugar Free, Lactose Free Milk, Perfect for Workout Recovery & Afternoon Pick Me Up - 12 Count",Alani Nu energy drink,RC6XW75GNCB8B,"Spylt High Protein Max Chocolate Milk – 140mg Caffeine, 20g Protein, 90 Calories","I’ve tried a lot of protein drinks and energy drinks separately, but this is one of the few products that actually combines both in a way that makes sense—and tastes good.Real-life use is where this really stands out.Most mornings, I don’t have time for a full breakfast, and this has become my go-to. It gives me enough energy to replace a cup of coffee (the 140mg caffeine is definitely noticeable), while the 20g of protein actually keeps me from getting hungry an hour later. That combination alone makes it more practical than either a standard protein shake or a typical energy drink.I’ve also been using it in the afternoon when that slump hits. Instead of grabbing another coffee or a sugary snack, this feels like a cleaner option. It’s light, not overly filling, but still takes the edge off hunger while giving a steady boost.Taste-wise, it’s closer to a lighter chocolate milk than a thick protein shake. That was a pleasant surprise—no heavy chalkiness or overly artificial flavor. It’s smooth and easy to drink, especially when chilled.A few real-world observations after multiple uses:Great for on-the-go days (no mixing, no shaker bottle needed)Works well as a post-workout option when you also need energy to keep goingDoesn’t feel overly heavy, so it’s easy to drink even when you’re not super hungryA couple things to be aware of:The caffeine level is real—if you’re sensitive, this could be too strong, especially later in the dayIt’s not as thick as traditional shakes, which some people may or may not preferThere is a slight sweetener aftertaste, but nothing unusual for a zero-sugar drinkBottom line:This is one of the more practical “hybrid” drinks I’ve used. It replaces both a protein shake and a coffee in one can, which makes it incredibly convenient for busy days. If you’re looking for something that delivers both energy and nutrition without extra steps, this is absolutely worth trying.",5,2026-04-24,the United States,True,
B0CS2D278X,Spylt,"Spylt High Protein Max Chocolate Milk with 140mg Caffeine & 20g Protein - 90 Calories, Ready to Drink, Sugar Free, Lactose Free Milk, Perfect for Workout Recovery & Afternoon Pick Me Up - 12 Count",Alani Nu energy drink,R31IFLVL6GBR6W,Does the job. Good for a me,Texture is so so.It’s good like real good. Drink it chilled taste is mmmmmm.,5,2026-05-06,the United States,True,
B0CS2D278X,Spylt,"Spylt High Protein Max Chocolate Milk with 140mg Caffeine & 20g Protein - 90 Calories, Ready to Drink, Sugar Free, Lactose Free Milk, Perfect for Workout Recovery & Afternoon Pick Me Up - 12 Count",Alani Nu energy drink,RW1LEB0WLXK7M,Tastes good!,"Love the protein, caffeine combo, low sugar and it tastes good! Couldn’t ask for a better combination",5,2026-05-09,the United States,True,
B0CS2D278X,Spylt,"Spylt High Protein Max Chocolate Milk with 140mg Caffeine & 20g Protein - 90 Calories, Ready to Drink, Sugar Free, Lactose Free Milk, Perfect for Workout Recovery & Afternoon Pick Me Up - 12 Count",Alani Nu energy drink,R3R90P050GLHDB,"Great product, don't order on Amazon","We love this product and this review isn't about it, it's about ordering it on amazon. We purchased and returned the first order, it was a bad batch or something. Had a replacement sent, same thing. Spylt sent us replacements that were great and we will continue to get it from other sources than amazon. The product itself is 5 stars, no chalky taste for a protein drink and they taste amazing. Something is wrong with the storage or shipment on amazon (in Texas at least) and we won't be doing it again through them.",1,2026-05-09,the United States,True,
B0CSQWZPBX,Liquid I.V.,"Liquid I.V. Hydration Multiplier Sugar-Free Variety Pack - Raspberry Melon, Lemon Lime, White Peach, Green Grape | Electrolyte Powder Drink Mix | 1 Pack (16 Servings)",Celsius energy drink,RWPTI7U1JEPSR,Great product!,Great product. I especially like the White Peach flavor but all of them are good. At first it feels like salty water for a second but then you feel the taste and really good hydration help.,5,2026-01-21,the United States,True,10.0
B0CSQWZPBX,Liquid I.V.,"Liquid I.V. Hydration Multiplier Sugar-Free Variety Pack - Raspberry Melon, Lemon Lime, White Peach, Green Grape | Electrolyte Powder Drink Mix | 1 Pack (16 Servings)",Celsius energy drink,R360E1LTRPOL4Z,Boot Camp must have!,"These were on my son’s list when he wrote home during Navy boot camp.  He was worn out at the end of each day and water itself wasn’t helping.  Adding one of these packets to his canteen gave him energy, made him feel hydrated and the flavors were good too.  Sugar free was a must and was still effective. Great item and great price.",5,2026-02-09,the United States,True,13.0
B0CSQWZPBX,Liquid I.V.,"Liquid I.V. Hydration Multiplier Sugar-Free Variety Pack - Raspberry Melon, Lemon Lime, White Peach, Green Grape | Electrolyte Powder Drink Mix | 1 Pack (16 Servings)",Celsius energy drink,RG0ZJVRZKLEAE,"Portable, potable, sugar-free hydration.","I have one every day to make sure I stay hydrated. These are expensive, but I have yet to find a better alternative. I appreciate the variety of flavors.",5,2026-03-03,the United States,True,3.0
B0CSQWZPBX,Liquid I.V.,"Liquid I.V. Hydration Multiplier Sugar-Free Variety Pack - Raspberry Melon, Lemon Lime, White Peach, Green Grape | Electrolyte Powder Drink Mix | 1 Pack (16 Servings)",Celsius energy drink,R2Q2RH96VC69MQ,Electrolytes,"I’ve been using this regularly and it mixes well with no weird aftertaste. The flavors are actually enjoyable and not overly artificial, which is a big plus.I’ve noticed it helps with hydration, especially after workouts or long days. My only critique is that some flavors are better than others, so it may take a bit to find your favorite.",5,2026-03-24,the United States,True,5.0
B0CSQWZPBX,Liquid I.V.,"Liquid I.V. Hydration Multiplier Sugar-Free Variety Pack - Raspberry Melon, Lemon Lime, White Peach, Green Grape | Electrolyte Powder Drink Mix | 1 Pack (16 Servings)",Celsius energy drink,R1644GJDY1BHAM,Good product - too high in sodium for me.,Good taste and seems to be a good product.  Stop using because of the amount of sodium in each packet.,4,2026-03-28,the United States,True,3.0
B0CSQWZPBX,Liquid I.V.,"Liquid I.V. Hydration Multiplier Sugar-Free Variety Pack - Raspberry Melon, Lemon Lime, White Peach, Green Grape | Electrolyte Powder Drink Mix | 1 Pack (16 Servings)",Celsius energy drink,R3M1W4E758W6AX,Love it!,These are super yummy for zero sugar and always leave me feeling super hydrated! It also does not take super long to mix into my water which I appreciate!,5,2026-03-31,the United States,True,1.0
B0CSQWZPBX,Liquid I.V.,"Liquid I.V. Hydration Multiplier Sugar-Free Variety Pack - Raspberry Melon, Lemon Lime, White Peach, Green Grape | Electrolyte Powder Drink Mix | 1 Pack (16 Servings)",Celsius energy drink,REUVNWQI9BQYL,Tasty,"Tasty, good.",5,2026-04-30,the United States,True,
B0CSQWZPBX,Liquid I.V.,"Liquid I.V. Hydration Multiplier Sugar-Free Variety Pack - Raspberry Melon, Lemon Lime, White Peach, Green Grape | Electrolyte Powder Drink Mix | 1 Pack (16 Servings)",Celsius energy drink,RJUG0W0MPK3DH,Taste good,I love all the flavors!!,5,2026-05-06,the United States,True,
B0CTGP9PNB,Celsius,"CELSIUS ESSENTIALS™ Sparkling Dragonberry, Sugar Free Performance Energy Drink, 16 Fl Oz (Pack of 12)",Celsius energy drink,R3CYBF2HS2R52V,Everything should be Dragonberry flavored. EVERYTHING.,"What can I say about Celsius Essentials Dragonberry, other than it's quite possibly the most delicious energy drink you will ever have in your entire life? When it comes to Celsius, this is hands down the best flavor out of *all* of them, the slender can flavors included. All others are inferior, and once you taste the sweet, refreshing flavor of strawberries mixed with the light, airy taste of pitaya (dragonfruit for the layman), you will never want another. Grape? Think again. That nasty orange marshmallow one? Ugh, no thank you. Cherry Lime? Not this time. Blue Razz? Get out of here with that azz. Watermelon? Well... I mean okay maybe you can drink this one, because *I* will drink this one... but only if there's no Dragonberry available! But seriously, this is great. It's such a great flavor that everyone loves it, and the gas station across the street from my home attempts to keep them in stock for me, as I will purchase 3-4 cans at a time several times a week. But they sell out so fast that I can only get them from there for the first few days after they restock all their Celsius flavors, because everyone else buys the Dragonberry ones, too, so very shortly the gas station has a cooler with one empty slot for a line of cans of Dragonberry Celsius, and then a bunch of slots full of every other color. Grape and Watermelon sell out next, and nobody likes that gross orange one that tastes like perfume, so they really should just discontinue it and come up with something actually good to take its place. But until then, just do yourself a favor and drink the Dragonberry.This thing has a good amount of carbonation, enough to tickle your nose and maybe make you have one or two of those little tiny burps but you're not going to go around belching like a dragon after drinking it like SOME energy drinks can do to you. With 300mg of caffeine, they recommend you limit yourself to two of these a day, but I often have two of these Celsius plus 3-4 cups of coffee in the morning and haven't had any adverse effects, though this is coming from someone with very high caffeine tolerance. As I also suffer from ADHD, I don't really get an energy burst from these drinks, but they *do* help me focus and can sometimes take the edge off of some of my ADHD symptoms  in a much more efficient manner than coffee. I've also never had a stomach ache or bloating after drinking Celsius, even if I dare to have three in one day, which I can't say for some other energy drinks that claim to do stuff like give you wings.Liars.But you know what? The makers of Celsius don't lie. Their product is good, contains ingredients you don't have to be afraid of, and has studies backing up their claims regarding the effects of Celsius on your metabolism while exercising. If you want an energy drink you can trust and that tastes great instead of like battery acid, Dragonberry Celsius is for you.It's definitely for me.",5,2025-12-08,the United States,True,13.0
B0CTGP9PNB,Celsius,"CELSIUS ESSENTIALS™ Sparkling Dragonberry, Sugar Free Performance Energy Drink, 16 Fl Oz (Pack of 12)",Celsius energy drink,R1KTZTHNM3FQ6Q,A go to,"I really enjoy this Sparkling Dragonberry energy drink. The flavor is refreshing and not too sweet — you can tell they did a good job balancing the berry taste with just the right amount of fizz. I also like that it’s sugar-free; it gives me the lift I need without the crash or extra calories that sugary drinks usually leave behind.The energy boost feels smooth and steady instead of jittery or intense, which is exactly what I want when I’m tackling a long day or need a little extra focus. It’s a great pick-me-up on mornings when coffee isn’t enough or in the afternoon when I need to stay sharp.Overall, this drink exceeded my expectations. It tastes great, gives a solid energy boost without the crash, and doesn’t sit heavy. If you want a refreshing sugar-free energy drink that actually delivers, this one is definitely worth trying.",5,2026-01-31,the United States,True,5.0
B0CTGP9PNB,Celsius,"CELSIUS ESSENTIALS™ Sparkling Dragonberry, Sugar Free Performance Energy Drink, 16 Fl Oz (Pack of 12)",Celsius energy drink,R2Z7P5164V3M9Z,"Great value, great taste, no jitters","Love this energy drink! My parents let me try one on vacation when Walmart and gas stations didn't have my favorite energy drink. I was hesitant but now I'm on the bandwagon. My father is a healthy eater and work out guru, lost well over 200 lbs so I trust his recommendations on what he ingests. Love the zero sugar. The strawberry dragonberry is the only I've tried so far and it's super tasty and refreshing without all of the jitters. Great value as well, my local gas station sells them 2 for $6. Definitely saving money buying the 12 pack through Amazon. My absolute favorite energy drink now.",5,2026-02-21,the United States,True,1.0
B0CTGP9PNB,Celsius,"CELSIUS ESSENTIALS™ Sparkling Dragonberry, Sugar Free Performance Energy Drink, 16 Fl Oz (Pack of 12)",Celsius energy drink,RZPQMQZ3M20BU,Watch the price,"Keep an eye on the pricing near your delivery date if you're using a subscription. The price will jump, you're charged the more expensive price, then the price drops after delivery. This has happened enough times to me that the big 5% discount for a subscription is pointless.Great product, though. My favorite flavor. Highly recommend. Lack of a 5star is due solely to Amazon's price roller coaster",4,2026-03-21,the United States,True,2.0
B0CTGP9PNB,Celsius,"CELSIUS ESSENTIALS™ Sparkling Dragonberry, Sugar Free Performance Energy Drink, 16 Fl Oz (Pack of 12)",Celsius energy drink,R2MKXPU6GE68Z7,Great price and Energy,Great price and gives you energy. Probably the strongest drink out for energy drinks on the market right now. Everything else is mid.,5,2026-03-21,the United States,True,1.0
B0CTGP9PNB,Celsius,"CELSIUS ESSENTIALS™ Sparkling Dragonberry, Sugar Free Performance Energy Drink, 16 Fl Oz (Pack of 12)",Celsius energy drink,R3E9A6NOIIQK6M,Amazing and works great,"Best Celsius flavor, in my opinion. Also gives you a boost as advertised.",5,2026-04-20,the United States,True,
B0CTGP9PNB,Celsius,"CELSIUS ESSENTIALS™ Sparkling Dragonberry, Sugar Free Performance Energy Drink, 16 Fl Oz (Pack of 12)",Celsius energy drink,R3ISV7K5E1XQLP,"270mg of ""Let's Go"" in a Very Pretty Can","I grabbed these as a pre-workout alternative and honestly had no idea what to expect from something called ""Dragonberry."" Turns out it is strawberry and dragon fruit combined, and it works surprisingly well. The flavor is fruity and tropical without being candy-sweet or artificial-tasting.Performance-wise, this is not messing around. At 270mg of caffeine per 16oz can, this is significantly stronger than your average energy drink. If you are used to a standard Monster or Red Bull, start with half a can and see how you feel. For those with higher caffeine tolerance, it delivers a clean and sustained energy boost thanks to the green tea extract and guarana blend.The ingredient list is cleaner than most in this category, with added B vitamins, L-theanine, and three essential amino acids. The 12-pack is great value per can and ships securely.A word of caution: this is not a casual office drink. The 270mg caffeine is a serious dose and the label makes that clear. It is aimed at fitness use and is best enjoyed before or during activity, not first thing in the morning on an empty stomach, unless you enjoy feeling like you have launched into orbit.",5,2026-05-04,the United States,True,2.0
B0CTGP9PNB,Celsius,"CELSIUS ESSENTIALS™ Sparkling Dragonberry, Sugar Free Performance Energy Drink, 16 Fl Oz (Pack of 12)",Celsius energy drink,R2QLSGBZIAVQJB,Great value,Taste great and can’t beat the price,5,2026-05-06,the United States,True,
B0CYDXTF5J,Alani Nu,"Alani Nu PINK SLUSH, Sugar Free, Low Calorie Energy Drinks, 200mg Caffeine, Biotin, B Vitamins, Zero Sugar, 10 Calories, 12 Fl Oz Cans, 12 Pack",Alani Nu energy drink,R1YCK1EIVQBTR3,The best!,Cans came bent and the box was ripped open but the best tasting energy drink in my opinion!,4,2026-04-08,the United States,True,1.0
B0CYDXTF5J,Alani Nu,"Alani Nu PINK SLUSH, Sugar Free, Low Calorie Energy Drinks, 200mg Caffeine, Biotin, B Vitamins, Zero Sugar, 10 Calories, 12 Fl Oz Cans, 12 Pack",Alani Nu energy drink,R205BUVCCNQ6T9,Good price for my favorite Alani flavor,Pink Slush is my favorite flavor. I love that I can get a case of just Pink Slush rather than a variety pack and it is cheaper than buying individual cans at my local grocery store.,5,2026-04-14,the United States,True,1.0
B0CYDXTF5J,Alani Nu,"Alani Nu PINK SLUSH, Sugar Free, Low Calorie Energy Drinks, 200mg Caffeine, Biotin, B Vitamins, Zero Sugar, 10 Calories, 12 Fl Oz Cans, 12 Pack",Alani Nu energy drink,R2B4O2UAIJULX1,Best flavor by far!,"My ALL time favorite flavor!! I love this Alani, the energy is so clean, the caffeine percentage isn’t to high, it’s perfect for daily consumption! The value for the price is perfect, especially on subscription! The smoothness is unbeatable. I used to be a die hard Celsius fan, not anymore! Alani for the win!!",5,2026-04-15,the United States,True,1.0
B0CYDXTF5J,Alani Nu,"Alani Nu PINK SLUSH, Sugar Free, Low Calorie Energy Drinks, 200mg Caffeine, Biotin, B Vitamins, Zero Sugar, 10 Calories, 12 Fl Oz Cans, 12 Pack",Alani Nu energy drink,R2TDD35D3R6OG,"Great Flavor, More Caffeine",Amazing Flavor,5,2026-04-26,the United States,True,1.0
B0CYDXTF5J,Alani Nu,"Alani Nu PINK SLUSH, Sugar Free, Low Calorie Energy Drinks, 200mg Caffeine, Biotin, B Vitamins, Zero Sugar, 10 Calories, 12 Fl Oz Cans, 12 Pack",Alani Nu energy drink,R20RCXQ7Z74FUI,Energy drink,My favorite energy drink I drink one or two a day,5,2026-04-26,the United States,True,
B0CYDXTF5J,Alani Nu,"Alani Nu PINK SLUSH, Sugar Free, Low Calorie Energy Drinks, 200mg Caffeine, Biotin, B Vitamins, Zero Sugar, 10 Calories, 12 Fl Oz Cans, 12 Pack",Alani Nu energy drink,R2NW5HBABGP3E,Delicious flavor and low calorie,Perfect low calorie pick me up before the gym and great coffee replacement. This flavor is amazing.,5,2026-04-27,the United States,True,1.0
B0CYDXTF5J,Alani Nu,"Alani Nu PINK SLUSH, Sugar Free, Low Calorie Energy Drinks, 200mg Caffeine, Biotin, B Vitamins, Zero Sugar, 10 Calories, 12 Fl Oz Cans, 12 Pack",Alani Nu energy drink,R3770JZW83VNUL,Great product!,Wonderful taste! Does not make your heart race. Refreshing!!,5,2026-04-30,the United States,True,
B0CYDXTF5J,Alani Nu,"Alani Nu PINK SLUSH, Sugar Free, Low Calorie Energy Drinks, 200mg Caffeine, Biotin, B Vitamins, Zero Sugar, 10 Calories, 12 Fl Oz Cans, 12 Pack",Alani Nu energy drink,R33WR4MZ17AIO0,The best flavor in my opinion,"This is my favorite flavor , cherry is good too",5,2026-05-10,the United States,True,
B0CZ346ZC1,,Cellucor C4 Ultimate | Pre Workout Sugar Free Energy Drink Official Variety Pack | Tri-Stim Experience with 300mg Caffeine + TeaCrine + Dynamine | 16oz (Pack of 12),Ghost energy drink,R3HYX6H86B7NS4,Taste was bad,All flavours were so light and bad not recommended,1,2024-11-26,Saudi Arabia,True,
B0CZ346ZC1,,Cellucor C4 Ultimate | Pre Workout Sugar Free Energy Drink Official Variety Pack | Tri-Stim Experience with 300mg Caffeine + TeaCrine + Dynamine | 16oz (Pack of 12),Ghost energy drink,R30PRSPJ4IOVP5,مكمل طاقه,نكهات متنوعه رائعه,5,2025-07-19,Saudi Arabia,True,
B0CZ346ZC1,,Cellucor C4 Ultimate | Pre Workout Sugar Free Energy Drink Official Variety Pack | Tri-Stim Experience with 300mg Caffeine + TeaCrine + Dynamine | 16oz (Pack of 12),Ghost energy drink,R1MCQQ733GQST,Best thing to have when you’re in need of a boost and staying active.,Great drink. Keeps me fully powered while I’m working.,5,2025-11-30,the United States,True,
B0CZ346ZC1,,Cellucor C4 Ultimate | Pre Workout Sugar Free Energy Drink Official Variety Pack | Tri-Stim Experience with 300mg Caffeine + TeaCrine + Dynamine | 16oz (Pack of 12),Ghost energy drink,R1DWYKWANNGUK5,cheaper than individual ones,subscription ready every 3 weeks,5,2026-02-12,the United States,True,1.0
B0CZ346ZC1,,Cellucor C4 Ultimate | Pre Workout Sugar Free Energy Drink Official Variety Pack | Tri-Stim Experience with 300mg Caffeine + TeaCrine + Dynamine | 16oz (Pack of 12),Ghost energy drink,R29ZGDBYUCQDJH,Michael's review,Great product,5,2026-02-25,the United States,True,
B0CZ346ZC1,,Cellucor C4 Ultimate | Pre Workout Sugar Free Energy Drink Official Variety Pack | Tri-Stim Experience with 300mg Caffeine + TeaCrine + Dynamine | 16oz (Pack of 12),Ghost energy drink,R27O0E6940Y7IB,Great energy drink for the value,"great tasting, provides lots of energy, really like that it's sugar free, the variety pack provides various flavors to keep you interested in trying something different",5,2026-03-27,the United States,True,
B0CZ346ZC1,,Cellucor C4 Ultimate | Pre Workout Sugar Free Energy Drink Official Variety Pack | Tri-Stim Experience with 300mg Caffeine + TeaCrine + Dynamine | 16oz (Pack of 12),Ghost energy drink,R35XWO1MSFOSXX,Great flavors,Love these flavors.,5,2026-04-13,the United States,True,
B0CZ346ZC1,,Cellucor C4 Ultimate | Pre Workout Sugar Free Energy Drink Official Variety Pack | Tri-Stim Experience with 300mg Caffeine + TeaCrine + Dynamine | 16oz (Pack of 12),Ghost energy drink,R5A3680VB1U2I,This is the best option for C4 twelve packs!,"If you're going to get a twelve pack off of Amazon, go with this one! These by far are the best flavors available.",5,2026-04-19,the United States,True,
B0CZ346ZC1,,Cellucor C4 Ultimate | Pre Workout Sugar Free Energy Drink Official Variety Pack | Tri-Stim Experience with 300mg Caffeine + TeaCrine + Dynamine | 16oz (Pack of 12),Ghost energy drink,R1REZSS8XXRUJM,Good quality,Good price,5,2026-05-03,the United States,True,
B0CZ346ZC1,,Cellucor C4 Ultimate | Pre Workout Sugar Free Energy Drink Official Variety Pack | Tri-Stim Experience with 300mg Caffeine + TeaCrine + Dynamine | 16oz (Pack of 12),Ghost energy drink,RRDRWB3AGB1K9,It’s cool,Wife loves it,4,2026-05-03,the United States,True,
B0D9NLF8Z3,Ghost,"GHOST Legend Pre-Workout Powder, Warheads Sour Watermelon - 30 Servings – Pre-Workout for Men & Women with Choline, L-Citrulline, & Beta Alanine for Energy & Focus",Ghost energy drink,R2VFZGGXEUN5G4,works but tastes okay,"it helps during the gym, however drinking it isnt so pleasant as it doesn't taste great",4,2024-08-28,the United Arab Emirates,True,
B0D9NLF8Z3,Ghost,"GHOST Legend Pre-Workout Powder, Warheads Sour Watermelon - 30 Servings – Pre-Workout for Men & Women with Choline, L-Citrulline, & Beta Alanine for Energy & Focus",Ghost energy drink,R26DD8MT8KENMH,Love it!!!,"I purchased the Blue Raspberry flavour and really love the taste, the pump I feel on this is better and longer lasting than other (more expensive) pre workouts I've tried.  I feel stronger and more focused, the pump I get in my arms is ridiculous, and I've noticed considerably more vascularity.  I was previously using  Kaged Pre-Kaged, and IMO Ghost is superior is respect of pump during workouts and doesn't seem to affect my sleep like Kaged does.  I'm definitely buying more Ghost Legend when I finish this tub.",5,2024-12-22,Australia,True,
B0D9NLF8Z3,Ghost,"GHOST Legend Pre-Workout Powder, Warheads Sour Watermelon - 30 Servings – Pre-Workout for Men & Women with Choline, L-Citrulline, & Beta Alanine for Energy & Focus",Ghost energy drink,R3FSZS7MAGS1H3,a bit sweet,"sharp imo, combined it w sprite and creatine to make it taste like lemonade",5,2024-12-25,Australia,True,
B0D9NLF8Z3,Ghost,"GHOST Legend Pre-Workout Powder, Warheads Sour Watermelon - 30 Servings – Pre-Workout for Men & Women with Choline, L-Citrulline, & Beta Alanine for Energy & Focus",Ghost energy drink,R2QVNCZX856GO8,Great taste - unsure if it’s the best?,I love Ghost energy drinks. Figured for the price I’d give their pre workout a shot. I have mixed results. The taste is definitely great I just have had some mild stim feeling and also not so much of a response to this. I may be slightly off or just used to very strong PWs. I usually scoop 80-90% of a full scoop. I’ll try to go just over a full scoop and see if there’s a stronger response. The first time I tried it I felt a little kick. But after using for almost a week I’m not feeling it as much. I will update my review. It’s a great buy for how expensive PWs are getting. But if you’re adjusted to stim style products this might be a little lighter for you at 1 scoop.,4,2025-09-18,the United States,True,7.0
B0D9NLF8Z3,Ghost,"GHOST Legend Pre-Workout Powder, Warheads Sour Watermelon - 30 Servings – Pre-Workout for Men & Women with Choline, L-Citrulline, & Beta Alanine for Energy & Focus",Ghost energy drink,RHX2N4N0P9JVE,Pre entreno,"Si, muy bueno y efectivo para el ejercicio, muy recomendable.",5,2025-10-10,Mexico,True,
B0D9NLF8Z3,Ghost,"GHOST Legend Pre-Workout Powder, Warheads Sour Watermelon - 30 Servings – Pre-Workout for Men & Women with Choline, L-Citrulline, & Beta Alanine for Energy & Focus",Ghost energy drink,R2QBTNIHKGVSVM,Goated,This might actually be the best all around preworkout. Really good doses of citrulline and caffeine and doesn't make you crash like other preworkouts I've tried. lasted me through 2 hour workouts and gets you pretty fired up. Goated pre.,5,2025-10-23,Saudi Arabia,True,
B0D9NLF8Z3,Ghost,"GHOST Legend Pre-Workout Powder, Warheads Sour Watermelon - 30 Servings – Pre-Workout for Men & Women with Choline, L-Citrulline, & Beta Alanine for Energy & Focus",Ghost energy drink,RER8Q0VG98KXH,Great energy boost and surprisingly good flavor,"I decided to try this pre-workout because I was looking for something that could give me a real energy boost before going to the gym. The first time I used it, I drank it before heading out to work out, but something came up and I couldn’t make it to the gym. Even though I didn’t go, the energy definitely kicked in. I had so much energy that I ended up cleaning my entire house, which says a lot because I had been feeling tired before drinking it.When I do take it before going to the gym,I really notice the difference in my workout performance and stamina. It helps me feel more motivated and energized during my workout.Another thing I like is the flavor. Some pre-workouts can taste too artificial or too strong, but this one actually has a pleasant taste and mixes well with water.",5,2026-03-06,the United States,True,2.0
B0D9NLF8Z3,Ghost,"GHOST Legend Pre-Workout Powder, Warheads Sour Watermelon - 30 Servings – Pre-Workout for Men & Women with Choline, L-Citrulline, & Beta Alanine for Energy & Focus",Ghost energy drink,R2Q2TAOAG253HT,Absolutely love the Ghost orange flavor!,"This is probably one of, if not, the best tasting pre-workouts I've had and I've tried a lot of pre workouts. The ingredients list is pretty solid as well but after using it for a couple months I don't notice any increase in wakefulness or energy level but that's perfectly fine by me. I essentially use this as a daily beverage and find it taste almost identical to the canned energy drink by using 2, 12 ounce sugar free sprites or 7 ups, and 1 slightly larger than 1 full scoop of powder. If you try this (which I definitely recommend) add one can into a bottle of your choice, add the powder, let it fizz and rise then fall back down, mix, slowly add the 2nd can of spite or 7 up until full, mix again and enjoy. When this is on sale for 30 bucks the value for money is fantastic and it's definitely cheaper than buying the canned version, plus you get 24 ounces of using 2 cans of 7 up or sprite vs 16 ounces in a canned drink variety. I do the same strategy above with the sour patch kids red berry and the cherry limeade flavors too (both 5 star flavors). If you love orange cream flavor this is fantastic! It's also good in a just plain water but the soda strategy is definitely elite.",5,2026-03-25,the United States,True,2.0
B0D9NLF8Z3,Ghost,"GHOST Legend Pre-Workout Powder, Warheads Sour Watermelon - 30 Servings – Pre-Workout for Men & Women with Choline, L-Citrulline, & Beta Alanine for Energy & Focus",Ghost energy drink,R1N7E9QN6CEJH7,My Pre-workout!,Love this stuff!  Always pumps me up for a good workout.  Kicks in quickly and lasts through a 2 hour workout.  All flavors are great.,5,2026-04-08,the United States,True,
B0D9NLF8Z3,Ghost,"GHOST Legend Pre-Workout Powder, Warheads Sour Watermelon - 30 Servings – Pre-Workout for Men & Women with Choline, L-Citrulline, & Beta Alanine for Energy & Focus",Ghost energy drink,R3KRSQ0DPVVCRF,Feel the power!,Taste like misery meets tropical ocean delight. The only misery is because after drinking this you’re compelled to workout,5,2026-04-12,the United States,True,1.0
B0D9NLF8Z3,Ghost,"GHOST Legend Pre-Workout Powder, Warheads Sour Watermelon - 30 Servings – Pre-Workout for Men & Women with Choline, L-Citrulline, & Beta Alanine for Energy & Focus",Ghost energy drink,R1O7SDNQQDXSEO,"Good taste, good results",I love this flavor and brand. The energy I get from it is great and I’m not too tingly and itchy from it. The mixability can be a bit thick and need to be stirred repeatedly if you drink it slow but the taste is so good. I love this preworkout,5,2026-04-17,the United States,True,1.0
B0D9NLF8Z3,Ghost,"GHOST Legend Pre-Workout Powder, Warheads Sour Watermelon - 30 Servings – Pre-Workout for Men & Women with Choline, L-Citrulline, & Beta Alanine for Energy & Focus",Ghost energy drink,R2CTUD6HCBBLN7,So much caffeine,"Taste is fantastic, be aware that unlike other pre-workout that’s 100mg, one scoop is 300mg of caffeine. It did make my ears itchy for a short time but I think it’s a great preworkout",5,2026-04-17,the United States,True,
B0D9NLF8Z3,Ghost,"GHOST Legend Pre-Workout Powder, Warheads Sour Watermelon - 30 Servings – Pre-Workout for Men & Women with Choline, L-Citrulline, & Beta Alanine for Energy & Focus",Ghost energy drink,R141LABNQQGLIF,"Good energy, strong flavor, no crash for me","I’ve been using this before workouts and it definitely delivers on energy. It kicks in pretty quick and helps me stay focused and motivated through my lifts without feeling jittery or overstimulated.The Sour Patch Kids Redberry flavor is actually pretty accurate—very sweet and a little sour. Almost like a candy drink, which makes it easy to drink even when you don’t feel like taking pre-workout.I didn’t notice any bad crash afterward, which is a big plus compared to some others I’ve tried. Pumps and energy felt consistent for my workouts.Only thing is it’s pretty strong if you’re sensitive to caffeine, so I’d start with a smaller scoop if you’re not used to pre-workout.Overall, solid option if you want something that tastes good and gives reliable energy in the gym.",5,2026-05-01,the United States,True,1.0
B0DD1R3WCK,Alani Nu,"Alani Nu COSMIC STARDUST, Sugar Free, Low Calorie Energy Drinks, 200mg Caffeine, Biotin, B Vitamins, Zero Sugar, 10 Calories, 12 Fl Oz Cans, 24 Pack",Alani Nu energy drink,RMZLTQ2S0LXBH,So disappointed,Every case we have bought has been good until now. This is disgusting 🤮 like we can’t drink these. We do not know what this matter is in them.  So disappointed,1,2025-12-09,the United States,True,
B0DD1R3WCK,Alani Nu,"Alani Nu COSMIC STARDUST, Sugar Free, Low Calorie Energy Drinks, 200mg Caffeine, Biotin, B Vitamins, Zero Sugar, 10 Calories, 12 Fl Oz Cans, 24 Pack",Alani Nu energy drink,R1JH6OH7OTNMMK,,"Quick Summary:This flavor is bold, fun, and one of the best Alani Nu options — perfect for stocking up.Pros:•  Delicious, unique flavor that feels “out of this world”•  Available in a 24-pack so you get only the flavor you love•  Convenient delivery straight to your home or office•  Great for repeat buyers who know their favoritesCons:•  Price can fluctuate, so it’s worth watching for dealsDetailed Experience:Cosmic Stardust is one of my absolute favorite Alani Nu flavors. It’s vibrant, sweet, and refreshing — a flavor that feels special every time I open a can. Being able to buy a full 24-pack of just this flavor is a huge win, since multipacks often include flavors I don’t enjoy as much.Having it delivered right to my home or office makes it even better — no heavy lifting or searching in stores. The only drawback is that the price can vary, so I keep an eye out to grab it when it’s at its best value.Verdict:This is a repeat order in our house. If you love Cosmic Stardust, skip the multipacks and go straight for this flavor — it’s worth it.",5,2025-12-10,the United States,True,3.0
B0DD1R3WCK,Alani Nu,"Alani Nu COSMIC STARDUST, Sugar Free, Low Calorie Energy Drinks, 200mg Caffeine, Biotin, B Vitamins, Zero Sugar, 10 Calories, 12 Fl Oz Cans, 24 Pack",Alani Nu energy drink,R3ERHJL1ZTGE3E,Great energy drink,Love the taste,5,2026-03-01,the United States,True,
B0DD1R3WCK,Alani Nu,"Alani Nu COSMIC STARDUST, Sugar Free, Low Calorie Energy Drinks, 200mg Caffeine, Biotin, B Vitamins, Zero Sugar, 10 Calories, 12 Fl Oz Cans, 24 Pack",Alani Nu energy drink,R2OPH4QR0JSKXL,Best deal and great taste.,Buy these 2x a month. I love on them. Best deal and they taste amazing.,5,2026-04-13,the United States,True,
B0DD1R3WCK,Alani Nu,"Alani Nu COSMIC STARDUST, Sugar Free, Low Calorie Energy Drinks, 200mg Caffeine, Biotin, B Vitamins, Zero Sugar, 10 Calories, 12 Fl Oz Cans, 24 Pack",Alani Nu energy drink,R30ODKKSEI7XEY,Powered by Stardust and Poor Decisions,"I’m pretty sure Alani Nu COSMIC STARDUST was created by scientists whose only goal was to make me ignore my better judgment.This is, hands down, my absolute favorite energy drink. The flavor is zingy, a little mysterious, and somehow tastes like what I imagine a glittery galaxy would taste like (in the best way, not the “ate craft supplies as a kid” way). It’s bright, fun, and dangerously easy to drink.Now… am I technically supposed to be drinking caffeine? No. Absolutely not. Should I be making better life choices? Also yes. And yet here we are, cracking open a can and instantly feeling like I could reorganize my entire house, start a new hobby, and possibly run a small nation.The pep is REAL. This stuff doesn’t just wake you up—it gives you a full personality reboot.Five stars because it tastes amazing, works a little too well, and has me willingly ignoring common sense. Proceed responsibly… or don’t. I clearly didn’t.",5,2026-04-26,the United States,True,
B0DD1R3WCK,Alani Nu,"Alani Nu COSMIC STARDUST, Sugar Free, Low Calorie Energy Drinks, 200mg Caffeine, Biotin, B Vitamins, Zero Sugar, 10 Calories, 12 Fl Oz Cans, 24 Pack",Alani Nu energy drink,R1865X1KSXVXE6,As advertised,Great value for the product,5,2026-05-01,the United States,True,
B0DD1R3WCK,Alani Nu,"Alani Nu COSMIC STARDUST, Sugar Free, Low Calorie Energy Drinks, 200mg Caffeine, Biotin, B Vitamins, Zero Sugar, 10 Calories, 12 Fl Oz Cans, 24 Pack",Alani Nu energy drink,R299HJFD9WFQZR,Tastes like a purple Sweetart!,One of my favorite Alani’s! Tastes just like a purple Sweetart!,5,2026-05-10,the United States,True,
B0DD1R3WCK,Alani Nu,"Alani Nu COSMIC STARDUST, Sugar Free, Low Calorie Energy Drinks, 200mg Caffeine, Biotin, B Vitamins, Zero Sugar, 10 Calories, 12 Fl Oz Cans, 24 Pack",Alani Nu energy drink,R3OTJYGAG456AA,Great value,Love!,5,2026-05-10,the United States,True,
B0DF1L929C,Ghost,"GHOST Energy Drink - 12-Pack, Welch's Grape, 16oz Cans - Energy & Focus & No Artificial Colors - 200mg of Natural Caffeine, L-Carnitine & Taurine - Gluten-Free & Vegan",Ghost energy drink,RSUWHMLIF9GRS,All the cans were smashed!,"Love this drink but my entire case wash smashed! Some of cans were building at the top, others were smashed and dented. Absolutely shocked at the condition this arrived in. It’s not a cheap price for 12 cans, so I expect better. Cannot return this item either so I’m stuck with defective cans. Not sure if they’re safe to drink so I won’t risk it. An absolute waste to be honest. Dissatisfied and disappointed ❌❌",1,2024-01-27,the United Arab Emirates,True,
B0DF1L929C,Ghost,"GHOST Energy Drink - 12-Pack, Welch's Grape, 16oz Cans - Energy & Focus & No Artificial Colors - 200mg of Natural Caffeine, L-Carnitine & Taurine - Gluten-Free & Vegan",Ghost energy drink,RXTMPLOURUGLE,Good energy,"Tried cherry (good taste), tropical mango (good taste), apple (good but too sour), and orange (has some bitterness). Good for energy and helps push through complex physical and mental tasks without fogginess but too diluted in ml which makes it hard to finish for full mental health benefits. Would be great if they develop the small non-carbonated shot bottles.",5,2024-04-10,the United Arab Emirates,True,
B0DF1L929C,Ghost,"GHOST Energy Drink - 12-Pack, Welch's Grape, 16oz Cans - Energy & Focus & No Artificial Colors - 200mg of Natural Caffeine, L-Carnitine & Taurine - Gluten-Free & Vegan",Ghost energy drink,ROHQQY2PKE75W,"Daily Drinker Warning: Great Energy, but Watch Your Teeth!","No sugar which is great and this energy drink has become a staple but it is also very acidic so watch out if you have very thin teeth like me. I often find it increasing my sensitivity by a lot so a sensitivity toothpaste daily is essential for me since I drink these daily.The feeling or energy from these is great, I have been drinking similar ones like G fuel for years and this gives me significantly more energy. A quick tip though is many dollar trees have Gfuel available so if you need sugar free energy drinks like me, they provide cheaper deals - currently dollar tree has G fuel for 1.25$ a can which is quite cost effective compared to Ghost.Drinkability is mixed with Ghost, they are strong drinks. I often find G fuel being very refreshing and enjoyable while Ghost is very concentrated.Comparison - Gfuel vs. Ghost ingredients and focusGhost:Focus - Cognitive function, energy metabolism, and premium/transparent sourcing.Caffeine - Natural from coffee beansNootropics - Alpha-GPC, NeuroFactor™ Coffee Fruit Extract.Performance - Carnipure® L-Carnitine L-Tartrate, Taurine.What makes it unique - AstraGin® (absorption enhancer), transparent proprietary blends.Sweeteners - Sucralose, Acesulfame Potassium.Gfuel:Focus - support for focus and antioxidants.Caffeine - syntheticNootropics - L-tyrosine and L-theaninePerformance - Taurine, L-citrulline malateWhat makes it unique - Extensive Antioxidant Complex, high dose of Vitamins C, E, and B-vitamins.Sweeteners - Sucralose, Acesulfame Potassium.The bottom line here: G Fuel for maximum boost and vitamins; Ghost for premium, clean, and focused energy. Ghost is mostly proprietary blends of vitamins which is something to keep in mind since we do not know what is in them while G fuel is more transparent for the most part. I recommend trying both and seeing what works best for you.",4,2025-11-27,the United States,True,17.0
B0DF1L929C,Ghost,"GHOST Energy Drink - 12-Pack, Welch's Grape, 16oz Cans - Energy & Focus & No Artificial Colors - 200mg of Natural Caffeine, L-Carnitine & Taurine - Gluten-Free & Vegan",Ghost energy drink,R2PDYV96APBLGU,taste real good,i loved these tasty  😋  wish had bit more caffeine  tho,4,2026-02-13,the United Kingdom,True,
B0DF1L929C,Ghost,"GHOST Energy Drink - 12-Pack, Welch's Grape, 16oz Cans - Energy & Focus & No Artificial Colors - 200mg of Natural Caffeine, L-Carnitine & Taurine - Gluten-Free & Vegan",Ghost energy drink,R1A4QQHKCCFLPQ,Great taste,Great flavour. Clear label,5,2026-02-15,the United Kingdom,True,
B0DF1L929C,Ghost,"GHOST Energy Drink - 12-Pack, Welch's Grape, 16oz Cans - Energy & Focus & No Artificial Colors - 200mg of Natural Caffeine, L-Carnitine & Taurine - Gluten-Free & Vegan",Ghost energy drink,R3NJQQSZDG92HT,Red Berry Drink,I drink one of these red cans when I get to the shop in the mornin. The taste reminnd me of the candy my kids liked when they were small. It has a sour kick at first but a sweet taste comes next in my mouth. I feel awake after I finish the can. My focus stays sharp while I work on the mashines for a few hours. I do not feel jitters in my hands or my chest like I do with some coffee. The liquid has no color which is fine with me because it does not stain my teath. I keep the pack in the small fridge in the garage to keep them cold. It is a good choice for days when I have a lot of heavy labor to do. My brother tried one and he thought the flavor was tart but I think it is right. I do not feel a crash when the afternoon comes. It is a way to get energy for my shift. I like that the cans are tall and hold much to last a while. My wife says I look alert when I use them before our walk.,5,2026-02-19,the United States,True,3.0
B0DF1L929C,Ghost,"GHOST Energy Drink - 12-Pack, Welch's Grape, 16oz Cans - Energy & Focus & No Artificial Colors - 200mg of Natural Caffeine, L-Carnitine & Taurine - Gluten-Free & Vegan",Ghost energy drink,R2Y2RQQI050QJY,Great Taste and gets you hyped,Was skeptical about this but needed something to kick start my days as I have early morning starts and this doesn't disappoint. Surprisingly great taste and a large can so it'll keep you going for a while.,5,2026-03-03,the United Arab Emirates,True,
B0DF1L929C,Ghost,"GHOST Energy Drink - 12-Pack, Welch's Grape, 16oz Cans - Energy & Focus & No Artificial Colors - 200mg of Natural Caffeine, L-Carnitine & Taurine - Gluten-Free & Vegan",Ghost energy drink,R3JOKIWNY0HDQ7,Best value for your money. Amazing taste!,"Absolutely love these. They taste amazing, which brings me memories of my childhood. I work as a nurse full time, so I work 12 hour shifts and these definitely give me a boost throughout the day which is super helpful. I also drink two of them so it’s only 20 calories which is fantastic. There 0G of sugar so it’s better than any soda I could drink. Plus it’s significantly cheaper than it would be if I bought it from in store. Definitely try them.",5,2026-03-22,the United States,True,1.0
B0DF1L929C,Ghost,"GHOST Energy Drink - 12-Pack, Welch's Grape, 16oz Cans - Energy & Focus & No Artificial Colors - 200mg of Natural Caffeine, L-Carnitine & Taurine - Gluten-Free & Vegan",Ghost energy drink,R33P8YLPZ5HB9W,Best Blue Raspberry energy drink out there!!,"I've tried multiple different brands of energy drinks that have blue raspberry as a flavor. My absolute favorite was the C4 Jolly Rancher Blue Raspberry energy drink..... UNTIL I tried this one. Beats it for sure. It has such a sweet, smooth and refreshing taste and gives a solid boost to power me through my day. The price is a little high but in all honesty it's worth the money! No crash or jitters after one of these and this is coming from someone who drinks lots of caffeine every day. TL;DR absolutely worth a try!!",5,2026-03-22,the United States,True,
B0DF1L929C,Ghost,"GHOST Energy Drink - 12-Pack, Welch's Grape, 16oz Cans - Energy & Focus & No Artificial Colors - 200mg of Natural Caffeine, L-Carnitine & Taurine - Gluten-Free & Vegan",Ghost energy drink,R3S7V4UFMFF41S,I’ll buy it again.,Ghost is very good. Especially comparing it to other energy drinks that literally tingle your whole body if you drink it too quickly. When I’m looking for energy drinks I really want more focus and mental energy over simple caffeine high and energy. This does give me both. In a good way. It has been very effective in what it says it does. Definitely value for the money over buying it at the gas stations one by one. Buying it in bulk definitely cuts the cost down. Energy levels peak very well without a crash at the end. The ingredients seems to be very good because my body doesn’t feel heavy afterwards.,5,2026-04-18,the United States,True,1.0
B0DF1L929C,Ghost,"GHOST Energy Drink - 12-Pack, Welch's Grape, 16oz Cans - Energy & Focus & No Artificial Colors - 200mg of Natural Caffeine, L-Carnitine & Taurine - Gluten-Free & Vegan",Ghost energy drink,R2Z53NVL9OH122,Green Apple is the best!,"Love these, I am subscribed for every two weeks, they last me one a day at work until the next shipment. Yay! Green sour apple is just the best. It’s slightly sour and refreshing. I work graveyard and stay awake all night with one of these. Super effective, great value for the money since I’m getting them cheaper this way than buying one a day at the convenience store next to my house. They’re sugar free but use sucralose, which is wannabe sugar but still, I’d say better for me (pre-diabetic) than real sugar.",5,2026-04-19,the United States,True,1.0
B0DF1L929C,Ghost,"GHOST Energy Drink - 12-Pack, Welch's Grape, 16oz Cans - Energy & Focus & No Artificial Colors - 200mg of Natural Caffeine, L-Carnitine & Taurine - Gluten-Free & Vegan",Ghost energy drink,R2ENPDYPDTCOBZ,Great Drink with Great Flavor.,Absolutely one of my favorite flavors. It’s a great energy drink with low calories and natural caffeine.,5,2026-04-20,the United States,True,
B0DF1L929C,Ghost,"GHOST Energy Drink - 12-Pack, Welch's Grape, 16oz Cans - Energy & Focus & No Artificial Colors - 200mg of Natural Caffeine, L-Carnitine & Taurine - Gluten-Free & Vegan",Ghost energy drink,R224V8CO9Y61TU,Great flavor and solid energy boost,"By far my favorite flavor in any energy drink. GHOST really does this one well and the Cherry Limeade tastes great compared to a lot of other energy drinks I’ve tried.Yes, it is high in caffeine, but that’s actually what I need sometimes for a real energy boost, and this one does the job without feeling overly heavy. The calorie content is also great if you’re someone who watches calories, which I appreciate.Overall, great flavor, solid energy, and one of my go-to energy drinks.",5,2026-04-24,the United States,True,
B0DFNHYD49,Bloom Nutrition,"Bloom Nutrition Sparkling Energy Drink for Focus, Natural Caffeine, Zero Sugar, 180mg Caffeine, Antioxidant-Rich with Green Coffee Bean, Green Tea Extract, & Prebiotics, Raspberry Lemon 12oz 12 Pack",Ghost energy drink,R1VD5U4538JHC3,Please send me what I order !,I love this product… honestly the only reason I deducted one star is because I keep ordering the Raspberry Lemon flavor and I keep getting a variety pack 😒🙄 I don’t mind but I’d really prefer just that one flavor!,4,2025-04-13,the United States,True,
B0DFNHYD49,Bloom Nutrition,"Bloom Nutrition Sparkling Energy Drink for Focus, Natural Caffeine, Zero Sugar, 180mg Caffeine, Antioxidant-Rich with Green Coffee Bean, Green Tea Extract, & Prebiotics, Raspberry Lemon 12oz 12 Pack",Ghost energy drink,R13X0YJE5ONVNA,Really helps with energy & focus with no crash,"Really helps with energy & focus with no crash, no sugar rush, very tasty flavor - LOVE!!",5,2025-12-05,the United States,True,2.0
B0DFNHYD49,Bloom Nutrition,"Bloom Nutrition Sparkling Energy Drink for Focus, Natural Caffeine, Zero Sugar, 180mg Caffeine, Antioxidant-Rich with Green Coffee Bean, Green Tea Extract, & Prebiotics, Raspberry Lemon 12oz 12 Pack",Ghost energy drink,RRXH82SQGLVRZ,Delicious!,Love these energy drinks. Taste great and give me the energy I need.,5,2026-03-12,the United States,True,
B0DFNHYD49,Bloom Nutrition,"Bloom Nutrition Sparkling Energy Drink for Focus, Natural Caffeine, Zero Sugar, 180mg Caffeine, Antioxidant-Rich with Green Coffee Bean, Green Tea Extract, & Prebiotics, Raspberry Lemon 12oz 12 Pack",Ghost energy drink,R3AS78GEY89U1A,Nurse energy,"Nurse here. I’m not an energy drink girl usually, BUTTTTTTTT I drive 2 hours a day and work 12 hours. I’m tired ya’ll. These drinks keep me awake enough to drive home. Taste great too. Especially ice cold. Mmmmm! Just be sure to drink enough water too. Balance is key.",5,2026-04-07,the United States,True,1.0
B0DFNHYD49,Bloom Nutrition,"Bloom Nutrition Sparkling Energy Drink for Focus, Natural Caffeine, Zero Sugar, 180mg Caffeine, Antioxidant-Rich with Green Coffee Bean, Green Tea Extract, & Prebiotics, Raspberry Lemon 12oz 12 Pack",Ghost energy drink,RBISNFVUD2SB2,So good,Delicious! I love these,5,2026-04-12,the United States,True,
B0DFNHYD49,Bloom Nutrition,"Bloom Nutrition Sparkling Energy Drink for Focus, Natural Caffeine, Zero Sugar, 180mg Caffeine, Antioxidant-Rich with Green Coffee Bean, Green Tea Extract, & Prebiotics, Raspberry Lemon 12oz 12 Pack",Ghost energy drink,R3AEMLHGGE3SUE,Great Value and Great Taste,Love them! They are a lifesaver before an early shoot day. I usually only have half at a time and that’s more than enough,5,2026-04-22,the United States,True,
B0DFNHYD49,Bloom Nutrition,"Bloom Nutrition Sparkling Energy Drink for Focus, Natural Caffeine, Zero Sugar, 180mg Caffeine, Antioxidant-Rich with Green Coffee Bean, Green Tea Extract, & Prebiotics, Raspberry Lemon 12oz 12 Pack",Ghost energy drink,R37B5A3XXKBZR0,Great taste,Great taste . Works as described. Fair price. Took a few days to receive which was fine .Works for mid morning or mid afternoon pick me up .,5,2026-04-27,the United States,True,
B0DFNHYD49,Bloom Nutrition,"Bloom Nutrition Sparkling Energy Drink for Focus, Natural Caffeine, Zero Sugar, 180mg Caffeine, Antioxidant-Rich with Green Coffee Bean, Green Tea Extract, & Prebiotics, Raspberry Lemon 12oz 12 Pack",Ghost energy drink,R2LF13FHBM5DHW,Yumminess,So Delicious my Favorite FlavorWish it was a little Cheaper,5,2026-05-01,the United States,True,
B0DFNM6NVQ,Bloom Nutrition,"Bloom Nutrition Sparkling Energy Drink - Variety Pack - Natural Caffeine, Zero Sugar, 180mg Caffeine - Antioxidant-Rich with Green Coffee Bean, Green Tea Extract, Prebiotics - 12oz 12 Pack",Celsius energy drink,R1NJ9MGQW3HCJ5,Healthy and delicious,"Let’s compare to Alani! I was a HUGE Alani consumer, wanted something healthier, tried more energy drinks than I can count until I ended up HERE with Bloom! I am very happy about these :)These have 180mg of green tea caffeine, Alani has 200mg. After switching from Alani to less mg caffeine energy drinks; I cannot handle an Alani anymore! They give me anxiety, and make me feel really bad.Flavor wise!! Delicious. But let’s compare to an Alani.Bloom peach mango, in comparison to a juicy peach Alani is a much milder sweetness and doesn’t come across too overwhelming while still being just as delicious, and in my opinion they taste even better!Bloom cherry lime, in comparison to Alani cherry twist is a HUGE difference. Alani’s leaves a weird chemical after taste that I cannot get past and makes me refuse to drink them. I am a loverrrr of cherry lime drinks, and this one does have a slight medicinal taste, but it’s more like a sweet tart in comparison. It’s still a win to me!Bloom strawberry watermelon is comparable to Alani watermelon wave!! But not as tart/sour. I am going to be honest in saying this flavor on both brands is probably my favorite! They both remind me of a jolly rancher. Again, I am much happier enjoying the bloom version.Bloom raspberry lemon is not actually comparable to any Alani in my opinion, I would reach to say Alani pink slush, ONLY because they both have a different sweetness that comes with a “pink” brand drink. I used to love pink slush until the flavor became nothing but carbonation to me.. I can’t be sure but feel the ingredients were changed somewhere along the way, as Alani tends to do. But I really enjoy the flavor of raspberry lemon Bloom, and you can definitely taste BOTH flavors.Alani is zero sugar, B12, B6 and biotin,  200mg caffeine and artificial sweeteners. After drinking them for maybe three years, I got burnt out.Bloom has zero sugar, 180mg caffeine, B6, B12, apple cider vinegar, prebiotic fiber, no artificial flavors or color or aspartame.You can decide for yourself, but this is a side by side comparison:)",5,2025-10-14,the United States,True,140.0
B0DFNM6NVQ,Bloom Nutrition,"Bloom Nutrition Sparkling Energy Drink - Variety Pack - Natural Caffeine, Zero Sugar, 180mg Caffeine - Antioxidant-Rich with Green Coffee Bean, Green Tea Extract, Prebiotics - 12oz 12 Pack",Celsius energy drink,RW13E2MSTJNG2,Great flavorful energy without the crash!,"I honestly love these energy drinks. They don’t give me the jitters, I love the flavors, I like the no added cane sugar or high fructose corn syrup, and it just gives me the energy. I need to do my workout or get through a tiring day. And for some reason, they seem healthier than other energy drinks. Maybe I’m just naïve, but I like them.",5,2026-03-03,the United States,True,8.0
B0DFNM6NVQ,Bloom Nutrition,"Bloom Nutrition Sparkling Energy Drink - Variety Pack - Natural Caffeine, Zero Sugar, 180mg Caffeine - Antioxidant-Rich with Green Coffee Bean, Green Tea Extract, Prebiotics - 12oz 12 Pack",Celsius energy drink,R1YZZ9UR0ZCP35,Energy without jitters,My favorite energy drinks. Does not give me jitters or make me crash. Just the right amount of stable energy. All of f the flavors are good.,5,2026-04-09,the United States,True,
B0DFNM6NVQ,Bloom Nutrition,"Bloom Nutrition Sparkling Energy Drink - Variety Pack - Natural Caffeine, Zero Sugar, 180mg Caffeine - Antioxidant-Rich with Green Coffee Bean, Green Tea Extract, Prebiotics - 12oz 12 Pack",Celsius energy drink,R2EZ591UOUKSAM,Yummy and energetic!,"Love these! Every flavor is great unlike most energy drinks which taste like spicey doo doo!These give you that extra burst of energy you need while providing a tasty, delicious beverage as well! Yum yum yummm!",5,2026-04-11,the United States,True,
B0DFNM6NVQ,Bloom Nutrition,"Bloom Nutrition Sparkling Energy Drink - Variety Pack - Natural Caffeine, Zero Sugar, 180mg Caffeine - Antioxidant-Rich with Green Coffee Bean, Green Tea Extract, Prebiotics - 12oz 12 Pack",Celsius energy drink,R2266G3W0X5FNA,"cleaner caffeine hit, some flavors better than others","Been going through this variety pack for a few weeks now and it's become a solid pre-workout alternative. 180mg caffeine from natural sources hits noticeably cleaner than the usual energy drinks — no jittery spike and crash. The sparkling texture is satisfying without being overly carbonated.Flavor-wise the variety pack is hit or miss. A couple of the flavors are genuinely good, a couple I'd skip if buying singles. The zero sugar formula doesn't have that artificial sweetener aftertaste that ruins a lot of ""healthy"" energy drinks, which I appreciate.The price is a bit higher than standard energy drinks but you're paying for the cleaner ingredient list. If you care about what's in your drinks, it's worth it.",4,2026-04-13,the United States,True,1.0
B0DFNM6NVQ,Bloom Nutrition,"Bloom Nutrition Sparkling Energy Drink - Variety Pack - Natural Caffeine, Zero Sugar, 180mg Caffeine - Antioxidant-Rich with Green Coffee Bean, Green Tea Extract, Prebiotics - 12oz 12 Pack",Celsius energy drink,R16WJMUUQJ0D6V,Great choice!! All flavors!!,"This is a winner!! Great taste!! I just so happened to purchase this at the hospital in the snack room. I took a chance on it because I was thirsty. And I am glad I made this choice. It has caffeine in it. Not enough to notice but it helped me stay woke during the time I was there. This is good, so give it a try.",5,2026-04-17,the United States,True,1.0
B0DFNM6NVQ,Bloom Nutrition,"Bloom Nutrition Sparkling Energy Drink - Variety Pack - Natural Caffeine, Zero Sugar, 180mg Caffeine - Antioxidant-Rich with Green Coffee Bean, Green Tea Extract, Prebiotics - 12oz 12 Pack",Celsius energy drink,R3FVPGVXFWNYAL,Best energy drink,Nice that it comes with three different flavors.  They are all great tasting.  Great value !,5,2026-04-27,the United States,True,1.0
B0DFNM6NVQ,Bloom Nutrition,"Bloom Nutrition Sparkling Energy Drink - Variety Pack - Natural Caffeine, Zero Sugar, 180mg Caffeine - Antioxidant-Rich with Green Coffee Bean, Green Tea Extract, Prebiotics - 12oz 12 Pack",Celsius energy drink,RUPY5L26BXHI7,Tastes Great,"’ve been really impressed with the Bloom Nutrition Sparkling Energy Drink. It strikes a great balance between effective energy and a clean, refreshing taste. The fact that it contains 180mg of natural caffeine gives a noticeable boost without the jittery feeling or crash that some other energy drinks tend to cause. It feels smooth and steady, which makes it perfect for mornings or a midday pick-me-up.One of the standout features is that it’s completely sugar-free, yet still manages to taste flavorful and crisp. The light carbonation adds a refreshing touch, and the variety of fruit flavors keeps things interesting without being overly sweet or artificial. It’s clear that a lot of thought went into creating a drink that feels both enjoyable and functional.I also appreciate the added ingredients like prebiotics and plant-based caffeine sources, which make it feel like a more mindful alternative compared to traditional energy drinks. It’s nice knowing you’re getting a bit more than just caffeine.Overall, Bloom has created a great option for anyone looking for clean energy, good flavor, and a healthier approach to staying energized throughout the day. Highly recommend!",5,2026-05-05,the United States,True,2.0
B0DK6116J5,Alani Nu,"Alani Nu CHERRY TWIST Energy Sticks, Energy Drink Powder, 200mg Caffeine, Pre Workout Performance with Antioxidants, On-The-Go Drink Mix, Biotin, B Vitamins, Zero Sugar, 5-10 Calories, 10 Pack",Alani Nu energy drink,R3UZFLR0V79FHR,Good energy and focus,It gave me the energy and focus in the gym. I didnt felt any itchiness. The flavor is amazing but the packet is more sweeter than the canned version.,4,2025-11-19,the United States,True,5.0
B0DK6116J5,Alani Nu,"Alani Nu CHERRY TWIST Energy Sticks, Energy Drink Powder, 200mg Caffeine, Pre Workout Performance with Antioxidants, On-The-Go Drink Mix, Biotin, B Vitamins, Zero Sugar, 5-10 Calories, 10 Pack",Alani Nu energy drink,RC5YHQZB01CM3,Boost of energy with great taste,"This was such a great find!  Alani on the go packets are the best.  Keep a few in my purse and in desk drawer for convenience.  Ingredients,  taste and vitamins are all positive.  Gives some nice energy with great taste.  Good value and super convenient for on the go or travel.  Very effective to give you the boost of energy you need.",5,2026-01-18,the United States,True,4.0
B0DK6116J5,Alani Nu,"Alani Nu CHERRY TWIST Energy Sticks, Energy Drink Powder, 200mg Caffeine, Pre Workout Performance with Antioxidants, On-The-Go Drink Mix, Biotin, B Vitamins, Zero Sugar, 5-10 Calories, 10 Pack",Alani Nu energy drink,R273Y23IN87KHZ,Delicious Alani packets I can't find anywhere else,"I could not find this flavor of Alani Nu powder anywhere and was delighted when Amazon had it in stock. As a lover of Alani, these packets give me the caffeine I need while helping me drink more water. It mixes into water easily and tastes just like an Alani drink (with less bubbles). I would definitely purchase this again.",5,2026-03-04,the United States,True,
B0DK6116J5,Alani Nu,"Alani Nu CHERRY TWIST Energy Sticks, Energy Drink Powder, 200mg Caffeine, Pre Workout Performance with Antioxidants, On-The-Go Drink Mix, Biotin, B Vitamins, Zero Sugar, 5-10 Calories, 10 Pack",Alani Nu energy drink,RRHCOBM0A1TWN,Save so much money drinking Alani this way!,"LOVE the taste of these! A few flavors of them are popular in our house! We save so much money now that we are buying these instead of the cans. Mixes easy in water, just give a quick shake or stir. My husband uses them with our SodaStream to add the fizzy but i prefer without the carbonation. The energy from them works for us. Seems to have just the right amount of caffeine to get through my afternoon slump.",5,2026-03-10,the United States,True,
B0DK6116J5,Alani Nu,"Alani Nu CHERRY TWIST Energy Sticks, Energy Drink Powder, 200mg Caffeine, Pre Workout Performance with Antioxidants, On-The-Go Drink Mix, Biotin, B Vitamins, Zero Sugar, 5-10 Calories, 10 Pack",Alani Nu energy drink,R2TYSHEQNAQ1KT,Convenient and tastes great,Great way to keep caffeine/energy drinks at work. Convenient and tastes great,5,2026-03-26,the United States,True,
B0DK6116J5,Alani Nu,"Alani Nu CHERRY TWIST Energy Sticks, Energy Drink Powder, 200mg Caffeine, Pre Workout Performance with Antioxidants, On-The-Go Drink Mix, Biotin, B Vitamins, Zero Sugar, 5-10 Calories, 10 Pack",Alani Nu energy drink,RVHPULUVZ6O6J,Tastes like a cherry limeade,"Actually pretty good energy drink mixes. Tastes like cherry limeade. But be aware, these are big packets. If using a water bottle 25oz or more use the whole packet, but if using a smaller bottle half to 3/4 is just right. Really does deliver a good no crash pick me up.",5,2026-03-29,the United States,True,
B0DK6116J5,Alani Nu,"Alani Nu CHERRY TWIST Energy Sticks, Energy Drink Powder, 200mg Caffeine, Pre Workout Performance with Antioxidants, On-The-Go Drink Mix, Biotin, B Vitamins, Zero Sugar, 5-10 Calories, 10 Pack",Alani Nu energy drink,R1ZM0G4RM9SL8S,Quick Boost - Used in Moderation,"The taste is refreshing, provides the right amount of energy and I love that it’s the same great taste as the can without all the carbonation. It’s not an everyday drink, I use it in moderation due to amount of sodium and caffeine, and ensure I remain hydrated and eat right. It’s a good tasting sugar free drink when I need a caffeine boost.",5,2026-04-12,the United States,True,
B0DK6116J5,Alani Nu,"Alani Nu CHERRY TWIST Energy Sticks, Energy Drink Powder, 200mg Caffeine, Pre Workout Performance with Antioxidants, On-The-Go Drink Mix, Biotin, B Vitamins, Zero Sugar, 5-10 Calories, 10 Pack",Alani Nu energy drink,R17GM6Y8DFJ7OO,Effective,Cheaper and more efficient than buying energy drinks. Also tasty.,5,2026-04-21,the United States,True,
B0DK6491TM,Alani Nu,"Alani Nu PINK SLUSH Energy Sticks, Energy Drink Powder, 200mg Caffeine, Pre Workout Performance with Antioxidants, On-The-Go Drink Mix, Biotin, B Vitamins, Zero Sugar, 5-10 Calories, 10 Pack",Alani Nu energy drink,R1KEKYR49GYY77,Love alani,Great value but strong flavor. I recommend only using half a pack for 32oz of water.,5,2026-03-23,the United States,True,2.0
B0DK6491TM,Alani Nu,"Alani Nu PINK SLUSH Energy Sticks, Energy Drink Powder, 200mg Caffeine, Pre Workout Performance with Antioxidants, On-The-Go Drink Mix, Biotin, B Vitamins, Zero Sugar, 5-10 Calories, 10 Pack",Alani Nu energy drink,R134X0OM1WLOXT,I wasn't crazy about it.,The taste was a NO for me. Maybe it's because it didn't come with the carbonation that you get with the can? It still gives you that kick of energy you expect with Alani but it didn't break down well in my water. Probably won't be purchasing again. I'm just gonna stick to cans.,3,2026-04-07,the United States,True,2.0
B0DK6491TM,Alani Nu,"Alani Nu PINK SLUSH Energy Sticks, Energy Drink Powder, 200mg Caffeine, Pre Workout Performance with Antioxidants, On-The-Go Drink Mix, Biotin, B Vitamins, Zero Sugar, 5-10 Calories, 10 Pack",Alani Nu energy drink,R2KT4DV76D12U3,Tastes good,"Great taste, mixes easily, and keeps me alert.",5,2026-04-23,the United States,True,
B0DK6491TM,Alani Nu,"Alani Nu PINK SLUSH Energy Sticks, Energy Drink Powder, 200mg Caffeine, Pre Workout Performance with Antioxidants, On-The-Go Drink Mix, Biotin, B Vitamins, Zero Sugar, 5-10 Calories, 10 Pack",Alani Nu energy drink,R3OLFJWJ309JRG,It worked!,Works! VERY SWEET! Isn’t fizzy but I just carbonate some water in my soda stream and I have a free alani! I work in behavioral health night shifts so these have kinda become a staple 😅I never add a full packet because it becomes way too sweet for me. I just use half at a time and my product lasts even longer!,5,2026-05-05,the United States,True,
B0DK6491TM,Alani Nu,"Alani Nu PINK SLUSH Energy Sticks, Energy Drink Powder, 200mg Caffeine, Pre Workout Performance with Antioxidants, On-The-Go Drink Mix, Biotin, B Vitamins, Zero Sugar, 5-10 Calories, 10 Pack",Alani Nu energy drink,R3LL4ZNQKV3VHM,Tastes good and easy to use,My son is obsessed and these are perfect for his water bottle when he goes on long bike rides!,5,2026-05-08,the United States,True,
B0DK6491TM,Alani Nu,"Alani Nu PINK SLUSH Energy Sticks, Energy Drink Powder, 200mg Caffeine, Pre Workout Performance with Antioxidants, On-The-Go Drink Mix, Biotin, B Vitamins, Zero Sugar, 5-10 Calories, 10 Pack",Alani Nu energy drink,R22EB8O0SW9H8H,Great Way to Caffeinate & Hydrate,Great way to get caffeine in and drink a lot of water. I can put this in a 30oz Owala and get through halfway and keep adding water to it and still has great flavor.,5,2026-05-09,the United States,True,
B0DK6491TM,Alani Nu,"Alani Nu PINK SLUSH Energy Sticks, Energy Drink Powder, 200mg Caffeine, Pre Workout Performance with Antioxidants, On-The-Go Drink Mix, Biotin, B Vitamins, Zero Sugar, 5-10 Calories, 10 Pack",Alani Nu energy drink,R2YZD8PMDA5R5H,Good for caffeine emergencies,"They taste okay, they have a good caffeine content of 200mg per packets. They are great when you need a pick me up but it’s not my first choice to drink. It’s great to keep in a work locker or just to have for caffeine emergencies.",4,2026-05-09,the United States,True,
B0DK6491TM,Alani Nu,"Alani Nu PINK SLUSH Energy Sticks, Energy Drink Powder, 200mg Caffeine, Pre Workout Performance with Antioxidants, On-The-Go Drink Mix, Biotin, B Vitamins, Zero Sugar, 5-10 Calories, 10 Pack",Alani Nu energy drink,R1AOP495K3OQED,I only need 1/4 a packet,These always make me feel so much more like a person. I only drink about one fourth of a packet on the days im really dragging and its very helpful. Love the packets so i can choose how much i use,5,2026-05-09,the United States,True,
B0DNNCRDP2,Liquid I.V.,Liquid I.V. Hydration Multiplier Sugar Free + Energy - Pomegranate Punch | Electrolyte Powder Drink Mix | 1 Pack (14 Servings),Alani Nu energy drink,R1QBCN7EONTKOT,Hydration Multiplier,Great source of hydration. Taste is good. Not sure of energy increase yet.,5,2026-02-10,the United States,True,2.0
B0DNNCRDP2,Liquid I.V.,Liquid I.V. Hydration Multiplier Sugar Free + Energy - Pomegranate Punch | Electrolyte Powder Drink Mix | 1 Pack (14 Servings),Alani Nu energy drink,RIQWPDNJJ994I,Tasted terrible ! Waiste of money!,It was terrible tasting to me. I have tried one package in a water bottle and was unable to drink after the first sip. Can’t get rid of it no one wants it. What mite of money.,1,2026-03-01,the United States,True,
B0DNNCRDP2,Liquid I.V.,Liquid I.V. Hydration Multiplier Sugar Free + Energy - Pomegranate Punch | Electrolyte Powder Drink Mix | 1 Pack (14 Servings),Alani Nu energy drink,R5HTZA83U4YTX,Sugar free with the electrolytes to keep you going,my go to for hydration,5,2026-03-21,the United States,True,
B0DNNCRDP2,Liquid I.V.,Liquid I.V. Hydration Multiplier Sugar Free + Energy - Pomegranate Punch | Electrolyte Powder Drink Mix | 1 Pack (14 Servings),Alani Nu energy drink,R336HD2DQ1NNE0,Works but not great taste,"I love liquid IV, and the caffeine does pep you up, but the flavor of the pomegranate is awful",3,2026-03-26,the United States,True,
B0DNNCRDP2,Liquid I.V.,Liquid I.V. Hydration Multiplier Sugar Free + Energy - Pomegranate Punch | Electrolyte Powder Drink Mix | 1 Pack (14 Servings),Alani Nu energy drink,R3NTC0YUTS76WP,Energy in the form of caffeine,"Taste reminded me of a stronger propel. Dissolves good. Taste is anlong par with anny other soluble. Always check to see what’s in it. There’s a higher concentration of salt(sodium) but I’ve tried other water additives and a lot are the same, slight differences.",4,2026-03-27,the United States,True,
B0DNNCRDP2,Liquid I.V.,Liquid I.V. Hydration Multiplier Sugar Free + Energy - Pomegranate Punch | Electrolyte Powder Drink Mix | 1 Pack (14 Servings),Alani Nu energy drink,RBZEMULTOXVNI,Great Taste!,Great taste! Love this for my pots diagnoses! Thank you Liquid IV!,5,2026-04-24,the United States,True,
B0DNNCRDP2,Liquid I.V.,Liquid I.V. Hydration Multiplier Sugar Free + Energy - Pomegranate Punch | Electrolyte Powder Drink Mix | 1 Pack (14 Servings),Alani Nu energy drink,R1BZGZ84R215Z5,Tastes good,"Daughter loves the flavor, and the extra little boost before soccer",5,2026-05-01,the United States,True,
B0DNNCRDP2,Liquid I.V.,Liquid I.V. Hydration Multiplier Sugar Free + Energy - Pomegranate Punch | Electrolyte Powder Drink Mix | 1 Pack (14 Servings),Alani Nu energy drink,R2E5EI5LJWM7Z6,Great product.,Great product 👌 anytime 😊. Go for it.,5,2026-05-02,the United States,True,1.0
B0DPY3CYY9,,"BUM Sugar-Free Energy Drink, Grape - Lightly Carbonated & No Artificial Colors, Natural Caffeine & Citicoline for Energy & Focus, Brain Boost & Workout Sports Beverage - 12 oz, Pack of 12",Celsius energy drink,ROHCEN6JROWNN,Not as flavorful as it should be.,"The grap flavor has the good old cheap grape soda flavor profile right, but it is like you poured your grape soda over ice and forgot about it just a little too long and it's watered down.  I ordered a case but likely wont order grap again unless they reworked the recipe.",3,2026-03-09,the United States,True,
B0DPY3CYY9,,"BUM Sugar-Free Energy Drink, Grape - Lightly Carbonated & No Artificial Colors, Natural Caffeine & Citicoline for Energy & Focus, Brain Boost & Workout Sports Beverage - 12 oz, Pack of 12",Celsius energy drink,RJIGZ4I4HC1HO,"showed up on time and undamaged, great variety pack",showed up on time with no dents or damage. I love this variety pack since all four flavors are awesome and I don't have to pick just one for like 2 weeks.,5,2026-03-20,the United States,True,
B0DPY3CYY9,,"BUM Sugar-Free Energy Drink, Grape - Lightly Carbonated & No Artificial Colors, Natural Caffeine & Citicoline for Energy & Focus, Brain Boost & Workout Sports Beverage - 12 oz, Pack of 12",Celsius energy drink,R1DN8SCGC06VRT,"Amazing flavor, just the right amount of caffiene, and solid focused feeling.","Try it, you won't be dissapointed",5,2026-03-31,the United States,True,
B0DPY3CYY9,,"BUM Sugar-Free Energy Drink, Grape - Lightly Carbonated & No Artificial Colors, Natural Caffeine & Citicoline for Energy & Focus, Brain Boost & Workout Sports Beverage - 12 oz, Pack of 12",Celsius energy drink,R2L2P5ZQF8WOPN,Good flavor clean,"Good flavor but doesn’t give a ton of energy, however it is clean",4,2026-04-04,the United States,True,
B0DPY3CYY9,,"BUM Sugar-Free Energy Drink, Grape - Lightly Carbonated & No Artificial Colors, Natural Caffeine & Citicoline for Energy & Focus, Brain Boost & Workout Sports Beverage - 12 oz, Pack of 12",Celsius energy drink,R1IYFL1T2F7O4B,no fake sugar taste- get you juiced,"Delicious, no fake sugar taste",5,2026-04-05,the United States,True,
B0DPY3CYY9,,"BUM Sugar-Free Energy Drink, Grape - Lightly Carbonated & No Artificial Colors, Natural Caffeine & Citicoline for Energy & Focus, Brain Boost & Workout Sports Beverage - 12 oz, Pack of 12",Celsius energy drink,R1X23QGNOXS2CT,yum,"tastes just like grape soda, with a little less carbonation",5,2026-04-15,the United States,True,
B0DPY3CYY9,,"BUM Sugar-Free Energy Drink, Grape - Lightly Carbonated & No Artificial Colors, Natural Caffeine & Citicoline for Energy & Focus, Brain Boost & Workout Sports Beverage - 12 oz, Pack of 12",Celsius energy drink,R39TAQNLEFYE5H,"good stuff, highly recommend, gonna switch to this brand from now on","delicious and actually gives enough energy without drowning you in caffeine. I normally drink preworkout powder on workout days and a sparkling energy drink on rest days. i used to drinj other brands but gotta give Bum energy some love so i tried it and it is actually really nice. very good flavor, much better than most energy drinks and gives enough energy which even some of the other higher caffeine energy drinks can make me feel tired afterwards. the citicoline def makes it more brain awake",5,2026-04-24,the United States,True,
B0DPY3CYY9,,"BUM Sugar-Free Energy Drink, Grape - Lightly Carbonated & No Artificial Colors, Natural Caffeine & Citicoline for Energy & Focus, Brain Boost & Workout Sports Beverage - 12 oz, Pack of 12",Celsius energy drink,R2QU9C3L38Q4A8,Good,Taste phenomenal!,5,2026-05-05,the United States,True,
B0DQ6R3VX5,,"PRIME Energy CHERRY LIMEADE, Zero Sugar Energy Drink, 200mg Caffeine and 355mg of Electrolytes for Hydration, Vegan, Gluten Free,16 Fluid Ounce, 12 Pack",Ghost energy drink,R1AGV9SMHTBBIQ,GREAT Drink….why?,"My husband and I have been drinking Monsters for quite some time. We each have our fave flavors. I came here to buy more and they were out of a flavor, and Prime popped up as something I might like.After going through all the different Prime drinks and flavors, I bought Cherry Limeade and Dripsicle. We both fell in love with Dripsicle..and we both agree it tastes just like a Bomb Pop…you know- that awesome little popsicle that is SO good on a hot summer day!Our refrigerator is so cold that drinks sometimes have a little slushy ice in them- add the caffeine and it makes for a great wake up with breakfast! The fact that these are sugar free is an extra benefit because both of us are Diabetic.The next morning we both had the Cherry Limeade and I loved it right off the bat- my husband wasn’t as sold even tho he loves that drink from that fast food restaurant, but he still likes it a lot.Now, we still like our Monsters- they have flavors that Prime doesn’t, but more and more I am drinking more Prime than Monster Zeros.Bottom line- GREAT flavors, Zero sugar, caffeine ~ all at a great price! We will definitely be buying more!",5,2026-01-04,the United States,True,5.0
B0DQ6R3VX5,,"PRIME Energy CHERRY LIMEADE, Zero Sugar Energy Drink, 200mg Caffeine and 355mg of Electrolytes for Hydration, Vegan, Gluten Free,16 Fluid Ounce, 12 Pack",Ghost energy drink,RMHQ3K0T2LX2T,Like I tasted the powder from an old/stale drink packet,"Got this because I like another flavor, and cherry limeade seemed like an easy flavor to nail plus it was on sale. That’s a win right? Nope, definitely NOT a win. There is this muted quality to the flavor and then when the aftertaste hits it’s ?powdery? like if I had tasted an old powder packet version of the flavor. The caffeine still gives a good boost, but it’s like chugging cough syrup and I grimace after. I don’t care how on sale the cherry limeade flavor is - never buying it again.",2,2026-02-06,the United States,True,
B0DQ6R3VX5,,"PRIME Energy CHERRY LIMEADE, Zero Sugar Energy Drink, 200mg Caffeine and 355mg of Electrolytes for Hydration, Vegan, Gluten Free,16 Fluid Ounce, 12 Pack",Ghost energy drink,R10G0AJN1QMAME,Great flavor,My son loves this,5,2026-03-15,the United States,True,
B0DQ6R3VX5,,"PRIME Energy CHERRY LIMEADE, Zero Sugar Energy Drink, 200mg Caffeine and 355mg of Electrolytes for Hydration, Vegan, Gluten Free,16 Fluid Ounce, 12 Pack",Ghost energy drink,RHH1CV2PZVEYC,Hawaiian punch,It's ok.  Hilariously it tastes exactly like hawaiin punch with caffeine.,4,2026-03-23,the United States,True,
B0DQ6R3VX5,,"PRIME Energy CHERRY LIMEADE, Zero Sugar Energy Drink, 200mg Caffeine and 355mg of Electrolytes for Hydration, Vegan, Gluten Free,16 Fluid Ounce, 12 Pack",Ghost energy drink,RICPJIT8W3OWH,The best drink brand to ever hit our palates.,The flavors are so delicious and well balanced. No weird aftertastes like some other brands. To me it’s the best energy drink out there. 10/10,5,2026-04-15,the United States,True,
B0DQ6R3VX5,,"PRIME Energy CHERRY LIMEADE, Zero Sugar Energy Drink, 200mg Caffeine and 355mg of Electrolytes for Hydration, Vegan, Gluten Free,16 Fluid Ounce, 12 Pack",Ghost energy drink,R2R10NU1INN1IL,This drink has a funky smell to it.,"The product itself I love prime but, this flavor the Cherry Limeade, I can’t bring myself to drink it because, to me it smells like dry pee, so when I take the can up to my nose, if I get the scent of it, I can’t drink it, but ish I would have bough a different flavor like grape or just plain cherry.",1,2026-04-18,the United States,True,
B0DQ6R3VX5,,"PRIME Energy CHERRY LIMEADE, Zero Sugar Energy Drink, 200mg Caffeine and 355mg of Electrolytes for Hydration, Vegan, Gluten Free,16 Fluid Ounce, 12 Pack",Ghost energy drink,R2PP0Y3E00UWYH,Outstanding,Great taste- good rush of caffeine,5,2026-04-24,the United States,True,
B0DQ6R3VX5,,"PRIME Energy CHERRY LIMEADE, Zero Sugar Energy Drink, 200mg Caffeine and 355mg of Electrolytes for Hydration, Vegan, Gluten Free,16 Fluid Ounce, 12 Pack",Ghost energy drink,R1MYZ6AAFLCD96,Awesome drink,Can't wait to drink all these at once lol. Electrolytes and caffeine ftw,5,2026-04-25,the United States,True,
B0DSGP2GML,Monster,"Monster Energy Juice Viking Berry, Energy Drink, 16 Ounce | Energy + Juice, Pack of 15",Monster energy drink,R14K7MXFD561EC,Best flavor yet,"Monster’s Viking Berry flavor is a bold addition to their energy drink lineup, and it definitely makes a statement. As someone who enjoys trying new flavors, I found this one to be a refreshing twist with a solid energy kick.Flavor:The taste is a mix of wild berries—think blackberry, blueberry, and maybe a hint of raspberry. It’s sweet but not overwhelmingly so, with a slight tartness that keeps it from being syrupy. There’s also a faint herbal undertone, which gives it a slightly different edge than your typical fruit-based energy drinks. If you like berry flavors with a little attitude, this one delivers.Energy Boost:Like most Monsters, it’s packed with caffeine, taurine, B-vitamins, and all the usual suspects. I felt the boost within about 15–20 minutes, and it kept me going for a solid few hours without the jittery crash. It’s ideal for a mid-afternoon slump or before a workout.Design & Vibe:The can design is eye-catching—dark, with Nordic-inspired artwork that totally leans into the “Viking” theme. It looks cool and stands out on the shelf, which is always a plus.Downsides:It is high in sugar so if you're sensitive to that or prefer more subtle flavors, it might be a bit much. Also, like with most energy drinks, it’s not something I’d recommend drinking daily due to the high caffeine and sugar content (unless you're getting the sugar-free version, if available).Bottom Line:Viking Berry is a solid, flavorful option for energy drink fans who want something fruity but not basic. It’s got the classic Monster energy punch wrapped in a bold berry flavor with a unique twist. Definitely worth trying at least once—especially if you're into themed, collectible cans.",4,2025-06-12,the United States,True,4.0
B0DSGP2GML,Monster,"Monster Energy Juice Viking Berry, Energy Drink, 16 Ounce | Energy + Juice, Pack of 15",Monster energy drink,R3BF0FQH6EX1A8,Favorite Monster energy juice,"This is my favorite Monster energy drink. I can only find the single cans in the stores. The price of this 15 pack is worth it. This Monster doesn't give me the jitters. The flavor is amazing for a Monster energy juice. The vitamin content is great, the carbonation is normal for any energy drink. I highly recommend this Monster energy juice.",5,2026-03-19,the United States,True,2.0
B0DSGP2GML,Monster,"Monster Energy Juice Viking Berry, Energy Drink, 16 Ounce | Energy + Juice, Pack of 15",Monster energy drink,R24KMFZ8R25IT7,"Good product, poor shipping QA.",The media could not be loaded.,5,2026-03-28,the United States,True,
B0DSGP2GML,Monster,"Monster Energy Juice Viking Berry, Energy Drink, 16 Ounce | Energy + Juice, Pack of 15",Monster energy drink,R1J7OGSKFQLBN2,Viking Berry is great,Theese have a good berry flavor and are my 2nd favorite monster juice drink… gives you a boost of energy without excess caffeine.,5,2026-03-30,the United States,True,
B0DSGP2GML,Monster,"Monster Energy Juice Viking Berry, Energy Drink, 16 Ounce | Energy + Juice, Pack of 15",Monster energy drink,R3A0TFQWWASJB6,Awesome taste.,I love the taste of these so much. I buy every other month. I go caffeine free one month and caffeine the next. Taste so good. But watch out it has sugar. But the diet does not taste the same at all.,5,2026-04-03,the United States,True,
B0DSGP2GML,Monster,"Monster Energy Juice Viking Berry, Energy Drink, 16 Ounce | Energy + Juice, Pack of 15",Monster energy drink,RER3NTKASZK4H,Viking Berry Monster,Excellent source of caffeine.  Great taste great value for the money.  Enough sugar. No leakage.  Smooth. Good energy. Great quality variety is good,5,2026-04-07,the United States,True,
B0DSGP2GML,Monster,"Monster Energy Juice Viking Berry, Energy Drink, 16 Ounce | Energy + Juice, Pack of 15",Monster energy drink,RJ6T02C41XQRX,Newer flavor that doesn't disappoint,Great flavor never a waste to purchase,5,2026-05-05,the United States,True,
B0DSGP2GML,Monster,"Monster Energy Juice Viking Berry, Energy Drink, 16 Ounce | Energy + Juice, Pack of 15",Monster energy drink,R2UB97MOQCGLIJ,Taste great but expensive!,One of the best tasting monsters! Expensive though!,5,2026-05-08,the United States,True,
B0DTLYVG3Y,Alani Nu,"Alani Nu STRAWBERRY SUNRISE Sugar Free, Low Calorie Energy Drinks, 200mg Caffeine, Biotin B Vitamins, Zero Sugar, 10 Calories, 12 Fl Oz Cans, 12 Pack",Alani Nu energy drink,RIAZICF76E6AF,Price,Good product but way over priced,4,2026-03-12,the United States,True,1.0
B0DTLYVG3Y,Alani Nu,"Alani Nu STRAWBERRY SUNRISE Sugar Free, Low Calorie Energy Drinks, 200mg Caffeine, Biotin B Vitamins, Zero Sugar, 10 Calories, 12 Fl Oz Cans, 12 Pack",Alani Nu energy drink,R2G33JH3UX6T70,Energy Without the Jitters,"This flavor is awesome. The strawberry flavor is good, not overly artificial. And Alani doesn't give me the jitters unlike other drinks.Would love it if they did a bakery collection (blueberry muffin, lemon meringue, etc.) because their pumpkin pie around Halloween was amazing.",5,2026-04-08,the United States,True,
B0DTLYVG3Y,Alani Nu,"Alani Nu STRAWBERRY SUNRISE Sugar Free, Low Calorie Energy Drinks, 200mg Caffeine, Biotin B Vitamins, Zero Sugar, 10 Calories, 12 Fl Oz Cans, 12 Pack",Alani Nu energy drink,R2E9IAX302T6RS,Great flavor,My favorite Alain flavor.  So happy this is now a permanent flavor.,5,2026-04-08,the United States,True,
B0DTLYVG3Y,Alani Nu,"Alani Nu STRAWBERRY SUNRISE Sugar Free, Low Calorie Energy Drinks, 200mg Caffeine, Biotin B Vitamins, Zero Sugar, 10 Calories, 12 Fl Oz Cans, 12 Pack",Alani Nu energy drink,R5OFYUOR19MY0,I love the flavor of Strawberry Sunrise.,"I work nights, and it helped me when I was personally losing energy. The flavor is so good, too. I love this one and the cotton candy.",5,2026-04-13,the United States,True,
B0DTLYVG3Y,Alani Nu,"Alani Nu STRAWBERRY SUNRISE Sugar Free, Low Calorie Energy Drinks, 200mg Caffeine, Biotin B Vitamins, Zero Sugar, 10 Calories, 12 Fl Oz Cans, 12 Pack",Alani Nu energy drink,R1Y8A8BIK806B3,Yummy!,Delicious flavor!,5,2026-04-16,the United States,True,
B0DTLYVG3Y,Alani Nu,"Alani Nu STRAWBERRY SUNRISE Sugar Free, Low Calorie Energy Drinks, 200mg Caffeine, Biotin B Vitamins, Zero Sugar, 10 Calories, 12 Fl Oz Cans, 12 Pack",Alani Nu energy drink,R3RY1NPLU2O1B8,Best alani,The best summer flavor!!!,5,2026-04-20,the United States,True,
B0DTLYVG3Y,Alani Nu,"Alani Nu STRAWBERRY SUNRISE Sugar Free, Low Calorie Energy Drinks, 200mg Caffeine, Biotin B Vitamins, Zero Sugar, 10 Calories, 12 Fl Oz Cans, 12 Pack",Alani Nu energy drink,RI5K8Y942N7YL,Honest Review,"This is my favorite flavor so far. It’s not overly sweet and provides a noticeable boost in alertness without causing jitteriness. It’s an excellent option for night shifts, especially when traditional coffee isn’t as effective.",5,2026-05-06,the United States,True,
B0DTLYVG3Y,Alani Nu,"Alani Nu STRAWBERRY SUNRISE Sugar Free, Low Calorie Energy Drinks, 200mg Caffeine, Biotin B Vitamins, Zero Sugar, 10 Calories, 12 Fl Oz Cans, 12 Pack",Alani Nu energy drink,RSIIFSNFBVP7U,So good!,Great tasting strawberry flavor! Good value for the cost.,5,2026-05-10,the United States,True,
B0DWCX9R49,Monster,"Monster Energy Ultra Variety Pack, Blue Hawaiian, Ultra Vice Guava, Ultra Fantasy Ruby Red, Sugar Free Energy Drink, 16 Ounce Can (Pack of 15)",Monster energy drink,R2MO6JWMEUIE0K,Subtle energy with no racing heart or other issues,Really good flavor and a great price. I substitute this each day instead of that second cup of coffee. Still get the caffeine no heart palpitations great product,5,2025-10-26,the United States,True,1.0
B0DWCX9R49,Monster,"Monster Energy Ultra Variety Pack, Blue Hawaiian, Ultra Vice Guava, Ultra Fantasy Ruby Red, Sugar Free Energy Drink, 16 Ounce Can (Pack of 15)",Monster energy drink,R2OBSUEFCE53CL,Love,"Love these flavors, so I had to buy the 15pack. I got it on sale, so it was super worth it! No damage was done to the box or cans!",5,2026-01-20,the United States,True,
B0DWCX9R49,Monster,"Monster Energy Ultra Variety Pack, Blue Hawaiian, Ultra Vice Guava, Ultra Fantasy Ruby Red, Sugar Free Energy Drink, 16 Ounce Can (Pack of 15)",Monster energy drink,R2UK40WX0225T2,Love the variety!,"We drink a lot of monster energy drinks and this variety pack is my favorite! Full size cans and zero sugar. Easy to open, bright colored cans. They do not cause jitteriness for either of us, but we are used to caffeine too. Sturdy cans do not leak or bend easily. I actually like to use them for my metal art recycling projects because they are so colorful and full of designs!",5,2026-01-26,the United States,True,3.0
B0DWCX9R49,Monster,"Monster Energy Ultra Variety Pack, Blue Hawaiian, Ultra Vice Guava, Ultra Fantasy Ruby Red, Sugar Free Energy Drink, 16 Ounce Can (Pack of 15)",Monster energy drink,R189H0FGYFJLLJ,blue Hawaiian is the best,"I mostly just liked the blue Hawaiian which I'd tried a few time prior to ordering . I mostly ordered this because for me at least the other 2 flavors are hard to find or always out so I went in blind with this lol. These are 16 oz and you get 3 flavors (guava,blue Hawaiian, grapefruit). was disappointed in the grapefruit or rather underwhelmed considering it was often sold out when I try to order cans at stores local. Guava is good. I drink these sometimes but when it comes to energy drinks I prefer can size to be 12 oz max. anything more I usually never finish the cans or get tired of it and usually  I get that icky /stomach feeling due to the sweetness etc even tho they use sweetners for these too much of that gets to you. they were fizzy and did give me energy and of course I love the zero sugar part . I don't think I'd buy again but it's just due to flavor preferences and the can size being too much for me.",4,2026-02-04,the United States,True,1.0
B0DWCX9R49,Monster,"Monster Energy Ultra Variety Pack, Blue Hawaiian, Ultra Vice Guava, Ultra Fantasy Ruby Red, Sugar Free Energy Drink, 16 Ounce Can (Pack of 15)",Monster energy drink,R1519S5NYV9897,Best energy drink by far,Great flavor diversity without having that caffeine after taste  gave extreme energy boost without crashing later made me better at sports and school love the product this is a 100% must buy,5,2026-03-10,the United States,True,
B0DWCX9R49,Monster,"Monster Energy Ultra Variety Pack, Blue Hawaiian, Ultra Vice Guava, Ultra Fantasy Ruby Red, Sugar Free Energy Drink, 16 Ounce Can (Pack of 15)",Monster energy drink,RNCHIZH0UE2TE,Love the flavors,Love the flavors,5,2026-04-17,the United States,True,
B0DWCX9R49,Monster,"Monster Energy Ultra Variety Pack, Blue Hawaiian, Ultra Vice Guava, Ultra Fantasy Ruby Red, Sugar Free Energy Drink, 16 Ounce Can (Pack of 15)",Monster energy drink,R34EEXLL14PYRT,Great flavors to try,Zero sugar is always good. Great way to try multiple flavors to see which kinds you like. All 3 taste great and give you energy.,5,2026-04-22,the United States,True,
B0DWCX9R49,Monster,"Monster Energy Ultra Variety Pack, Blue Hawaiian, Ultra Vice Guava, Ultra Fantasy Ruby Red, Sugar Free Energy Drink, 16 Ounce Can (Pack of 15)",Monster energy drink,R1PZR5GF4HQKQH,Good flavors,These are delicious! Plus zero sugar cannot be beat! The colors and super cute too! No leaking and love that there’s a variety of flavors.,5,2026-05-03,the United States,True,
B0DWQC12R5,Alani Nu,"Alani Nu VARIETY PACK (CHERRY SLUSH, JUICY PEACH, ORANGE KISS), Low Calorie Energy Drinks, 100mg Caffeine, Biotin, B Vitamins, Zero Sugar, 10 Calories or Less, 8 Fl Oz Cans, 12 Pack",Alani Nu energy drink,R11G5UH113FUX8,Cherry slush is great!,"Value pack, cherry slush is so good",5,2026-03-06,the United States,True,
B0DWQC12R5,Alani Nu,"Alani Nu VARIETY PACK (CHERRY SLUSH, JUICY PEACH, ORANGE KISS), Low Calorie Energy Drinks, 100mg Caffeine, Biotin, B Vitamins, Zero Sugar, 10 Calories or Less, 8 Fl Oz Cans, 12 Pack",Alani Nu energy drink,RF7GO33H5ZH90,Love the minis!,Love the minis and that I can have great flavor in a small can,5,2026-04-08,the United States,True,
B0DWQC12R5,Alani Nu,"Alani Nu VARIETY PACK (CHERRY SLUSH, JUICY PEACH, ORANGE KISS), Low Calorie Energy Drinks, 100mg Caffeine, Biotin, B Vitamins, Zero Sugar, 10 Calories or Less, 8 Fl Oz Cans, 12 Pack",Alani Nu energy drink,R2WARAN7RWMKVT,Good flavors.,Great alternative to other energy drinks with great flavors.,4,2026-04-12,the United States,True,1.0
B0DWQC12R5,Alani Nu,"Alani Nu VARIETY PACK (CHERRY SLUSH, JUICY PEACH, ORANGE KISS), Low Calorie Energy Drinks, 100mg Caffeine, Biotin, B Vitamins, Zero Sugar, 10 Calories or Less, 8 Fl Oz Cans, 12 Pack",Alani Nu energy drink,R189HCURVJ4G9T,Perfect Balance of Size and Flavor,"These Alanis are a great size! We usually order the minis for our daughters because they love these drinks, but we don’t want them to have too much.These are the perfect portion and come in a nice variety of flavors, which makes them a great option.",5,2026-04-14,the United States,True,
B0DWQC12R5,Alani Nu,"Alani Nu VARIETY PACK (CHERRY SLUSH, JUICY PEACH, ORANGE KISS), Low Calorie Energy Drinks, 100mg Caffeine, Biotin, B Vitamins, Zero Sugar, 10 Calories or Less, 8 Fl Oz Cans, 12 Pack",Alani Nu energy drink,R26UVCGD0JK5RU,Delicious and fun size,Who doesn't love this stuff?! Great tasting energy drinks I've tried. Love they are the mini cans but still have 100mg of caffeine!,5,2026-04-15,the United States,True,
B0DWQC12R5,Alani Nu,"Alani Nu VARIETY PACK (CHERRY SLUSH, JUICY PEACH, ORANGE KISS), Low Calorie Energy Drinks, 100mg Caffeine, Biotin, B Vitamins, Zero Sugar, 10 Calories or Less, 8 Fl Oz Cans, 12 Pack",Alani Nu energy drink,R3VUFUYLPCJKBB,Tiny but delish!,Perfect size and like the flavors.,5,2026-04-15,the United States,True,
B0DWQC12R5,Alani Nu,"Alani Nu VARIETY PACK (CHERRY SLUSH, JUICY PEACH, ORANGE KISS), Low Calorie Energy Drinks, 100mg Caffeine, Biotin, B Vitamins, Zero Sugar, 10 Calories or Less, 8 Fl Oz Cans, 12 Pack",Alani Nu energy drink,R3EDUB408NM8GG,Mini must have!,"I love the alani minis!! They’re the perfect size and amount of caffeine. I barely finish one of these cans in 2 days, let alone the big ones. They pack just enough punch to keep me energized without getting so jittery. Plus they all taste so yummy!",5,2026-04-23,the United States,True,
B0DWQC12R5,Alani Nu,"Alani Nu VARIETY PACK (CHERRY SLUSH, JUICY PEACH, ORANGE KISS), Low Calorie Energy Drinks, 100mg Caffeine, Biotin, B Vitamins, Zero Sugar, 10 Calories or Less, 8 Fl Oz Cans, 12 Pack",Alani Nu energy drink,R2KWHOBKZAD6UV,Best energy drink! No jitters!,"Delicious! I love all the alani flavors. I’m usually really sensitive to caffeine and energy drinks, but Alani doesn’t make me jittery or give me palpitations like other energy drinks do! All the flavors are SO good! Perfect little size!",5,2026-04-28,the United States,True,
B0DZKGWX5G,Alani Nu,"Alani Nu SHERBET SWIRL Sugar Free, Low Calorie Energy Drinks, 200mg Caffeine, Biotin B Vitamins, Zero Sugar, 10 Calories, 12 Fl Oz Cans, 12 Pack",Alani Nu energy drink,R1EC9HNKMZ9BMO,So delicious!,"This is my favorite alani! So good, taste just like sherbet. Very smooth, gives me my pep in my step most days. Ive been a return customer an embarrassing amount of times and will continue.",5,2026-02-12,the United States,True,1.0
B0DZKGWX5G,Alani Nu,"Alani Nu SHERBET SWIRL Sugar Free, Low Calorie Energy Drinks, 200mg Caffeine, Biotin B Vitamins, Zero Sugar, 10 Calories, 12 Fl Oz Cans, 12 Pack",Alani Nu energy drink,R2HOTNGWLFYM4C,YES,I love the AlaniNu. They’re a bit expensive but they’re healthier than other options on the market. It tastes really good! I LOVE the sugar free. It helps alot when I work my 12 hour overnights. My coworkers and I are always drinking these as they’re a healthy option versus coffee.,5,2026-03-16,the United States,True,
B0DZKGWX5G,Alani Nu,"Alani Nu SHERBET SWIRL Sugar Free, Low Calorie Energy Drinks, 200mg Caffeine, Biotin B Vitamins, Zero Sugar, 10 Calories, 12 Fl Oz Cans, 12 Pack",Alani Nu energy drink,RS88657OILQOF,Good buy,"Love an alani, great flavor, and arrived already cold",5,2026-03-19,the United States,True,
B0DZKGWX5G,Alani Nu,"Alani Nu SHERBET SWIRL Sugar Free, Low Calorie Energy Drinks, 200mg Caffeine, Biotin B Vitamins, Zero Sugar, 10 Calories, 12 Fl Oz Cans, 12 Pack",Alani Nu energy drink,R3N7K50NNP8LN5,Yum,Solid flavor.,4,2026-03-21,the United States,True,
B0DZKGWX5G,Alani Nu,"Alani Nu SHERBET SWIRL Sugar Free, Low Calorie Energy Drinks, 200mg Caffeine, Biotin B Vitamins, Zero Sugar, 10 Calories, 12 Fl Oz Cans, 12 Pack",Alani Nu energy drink,R19I2WDT6EMA48,Good,I wanted the sherbet they sent me the breeze. Flavor was good. I drank it.,5,2026-04-04,the United States,True,
B0DZKGWX5G,Alani Nu,"Alani Nu SHERBET SWIRL Sugar Free, Low Calorie Energy Drinks, 200mg Caffeine, Biotin B Vitamins, Zero Sugar, 10 Calories, 12 Fl Oz Cans, 12 Pack",Alani Nu energy drink,R3M92J4I3SNM4J,Delicious,So so so good,5,2026-04-13,the United States,True,
B0DZKGWX5G,Alani Nu,"Alani Nu SHERBET SWIRL Sugar Free, Low Calorie Energy Drinks, 200mg Caffeine, Biotin B Vitamins, Zero Sugar, 10 Calories, 12 Fl Oz Cans, 12 Pack",Alani Nu energy drink,R1YVP7G81DDXP1,The BEST flavor!,This is hands down my favorite flavor!,5,2026-04-16,the United States,True,
B0DZKGWX5G,Alani Nu,"Alani Nu SHERBET SWIRL Sugar Free, Low Calorie Energy Drinks, 200mg Caffeine, Biotin B Vitamins, Zero Sugar, 10 Calories, 12 Fl Oz Cans, 12 Pack",Alani Nu energy drink,RN24PO80LUM5D,So yummy!,One of my favorite flavors. Love love love 💗🧡💚,5,2026-04-18,the United States,True,
B0DZLW1TXV,Ghost,"GHOST Hydration Drink, Welch’s Grape - RTD Sports Drink with Electrolytes, Natural Vitamins & Minerals - All Day Lifestyle Hydration Beverage - Zero Caffeine & Zero Sugars - 16.9 Fl Oz, 12 Pack",Ghost energy drink,R2KFGKG1D6Q0DP,,The great flavour is absolutely amazing. It reminds me of my childhood drinking Welches grape juice.,5,2025-08-06,the United Arab Emirates,True,
B0DZLW1TXV,Ghost,"GHOST Hydration Drink, Welch’s Grape - RTD Sports Drink with Electrolytes, Natural Vitamins & Minerals - All Day Lifestyle Hydration Beverage - Zero Caffeine & Zero Sugars - 16.9 Fl Oz, 12 Pack",Ghost energy drink,RQZXBZ70K6MV0,Salty.,It is salty. I should have known it was going to be salty when it listed electrolytes in its ingredients. Electrolytes mean salt.Why won’t anyone create a diet grape energy drink that is noncarbonated and doesn’t have salt in it? I would pay five dollars a bottle for something like that. I’m desperate.I took one sip of this and gave the other bottles away.,3,2025-10-14,the United States,True,
B0DZLW1TXV,Ghost,"GHOST Hydration Drink, Welch’s Grape - RTD Sports Drink with Electrolytes, Natural Vitamins & Minerals - All Day Lifestyle Hydration Beverage - Zero Caffeine & Zero Sugars - 16.9 Fl Oz, 12 Pack",Ghost energy drink,R3TJFVTK3GVD71,"Perfect Welch's Grape Flavor, not exact taste of the energy drink version","I LOVE the Ghost Grape Energy Drinks, but I don't need that much caffeine.  Was hoping these would taste exactly like the energy drink.  The reality is they taste almost exactly like real welch's grape juice, with a slight late aftertaste, but does not have the carbonated bite of the energy drinks.  So, if you're just looking for a welch's grape flavored 0 sugar, super low calorie drink then it's a 5/5 banger.  If you're looking for a pure alternative to the energy drink that tastes the same, it's 3 of 5 stars.  Therefore, 4/5 overall.  I do hope Ghost continues these non-stimulating, no caffeine versions of their energy drinks.",4,2025-12-09,the United States,True,5.0
B0DZLW1TXV,Ghost,"GHOST Hydration Drink, Welch’s Grape - RTD Sports Drink with Electrolytes, Natural Vitamins & Minerals - All Day Lifestyle Hydration Beverage - Zero Caffeine & Zero Sugars - 16.9 Fl Oz, 12 Pack",Ghost energy drink,RDZ465858HBHF,Healthy fluid replacement to prevent dehydration.,Not too sweet but with a good taste.,5,2026-03-11,the United States,True,
B0DZLW1TXV,Ghost,"GHOST Hydration Drink, Welch’s Grape - RTD Sports Drink with Electrolytes, Natural Vitamins & Minerals - All Day Lifestyle Hydration Beverage - Zero Caffeine & Zero Sugars - 16.9 Fl Oz, 12 Pack",Ghost energy drink,R1YIES3FCBHS60,So need this,Absolutely love this stuff. Taste is great easy no sugar vitamins helps you hydrate great value for your money. Everything about this is worth it and I mentioned it before but the taste is wonderful.,5,2026-03-16,the United States,True,
B0DZLW1TXV,Ghost,"GHOST Hydration Drink, Welch’s Grape - RTD Sports Drink with Electrolytes, Natural Vitamins & Minerals - All Day Lifestyle Hydration Beverage - Zero Caffeine & Zero Sugars - 16.9 Fl Oz, 12 Pack",Ghost energy drink,R1HWLDORD7CR31,For my diabetic uncle,"My uncle was hospitalized due to several issues, mainly stemming from a severe dehydration issue. The price for this was on point, the flavor worked for him, and its effectiveness at keeping him properly hydrated with electrolytes kept him alive. I tried using the packets, but he wasn’t willing to do the extra step of adding it to his water.",5,2026-03-28,the United States,True,1.0
B0DZLW1TXV,Ghost,"GHOST Hydration Drink, Welch’s Grape - RTD Sports Drink with Electrolytes, Natural Vitamins & Minerals - All Day Lifestyle Hydration Beverage - Zero Caffeine & Zero Sugars - 16.9 Fl Oz, 12 Pack",Ghost energy drink,R39S3QCKC34ILD,Very good!,Delicious,5,2026-04-15,the United States,True,
B0DZLW1TXV,Ghost,"GHOST Hydration Drink, Welch’s Grape - RTD Sports Drink with Electrolytes, Natural Vitamins & Minerals - All Day Lifestyle Hydration Beverage - Zero Caffeine & Zero Sugars - 16.9 Fl Oz, 12 Pack",Ghost energy drink,R1VZCPF53WG8N0,Great tasting Hydration Drink,Great tasting Hydration drink that I tried when out cycling so ended up buying more from Amazon.,5,2026-04-16,the United States,True,
B0DZLW1TXV,Ghost,"GHOST Hydration Drink, Welch’s Grape - RTD Sports Drink with Electrolytes, Natural Vitamins & Minerals - All Day Lifestyle Hydration Beverage - Zero Caffeine & Zero Sugars - 16.9 Fl Oz, 12 Pack",Ghost energy drink,R2A9SHI1FNRAPM,My favorite hydration drink,Ghost nailed the Welch's grape flavor. One of my favorites,5,2026-04-26,the United States,True,1.0
B0F6DYMJDF,Celsius,"CELSIUS Fizz Free Dragon Fruit Lime, Sugar Free Energy Drink, 12 Fl Oz (Pack of 12)",Celsius energy drink,RRP7U68RR50KR,New Favorite,"I really enjoy these drinks. I cannot drink carbonated drinks at all and can be very hard to find energy drinks that are not carbonated. People love bubbles but unfortunately they make me sick. The Celsius tastes good, low sugar, and does not make me have jitters. My energy level is increased and I do no crash or feel sick later.",5,2026-02-28,the United States,True,6.0
B0F6DYMJDF,Celsius,"CELSIUS Fizz Free Dragon Fruit Lime, Sugar Free Energy Drink, 12 Fl Oz (Pack of 12)",Celsius energy drink,R1IJV7NA85FWZI,Will be buying again,"I've been sharing these w  few ppl because they've asked how it is. Holy moly, this flavor is soooo good! Definitely worth the money & want to buy again. I love that it's fizz free & so do others. My husband, who's picky about his energy drinks even likes this one. I feel it gives me the energy I need to get through my work shifts.",5,2026-03-16,the United States,True,2.0
B0F6DYMJDF,Celsius,"CELSIUS Fizz Free Dragon Fruit Lime, Sugar Free Energy Drink, 12 Fl Oz (Pack of 12)",Celsius energy drink,R2FSQ5W0K628N,The only way these could be better is if it came in a carbonated version.,Ordered these backseat of the dragonfruit lime flavor. This is one of my favorite flavors for celcius. The only reason it got a 4/5 star is because i thought it was carbonated and it is not!! It would be perfect if it was. I just mix it with a plain can of seltzer water for my carbonated fix. I get that people dont like fizzy drinks... just wish it came in a carbonated version.,4,2026-03-28,the United States,True,1.0
B0F6DYMJDF,Celsius,"CELSIUS Fizz Free Dragon Fruit Lime, Sugar Free Energy Drink, 12 Fl Oz (Pack of 12)",Celsius energy drink,R64SXPHS0TPZA,Energetic!,Amazing taste and great energy.,5,2026-04-02,the United States,True,3.0
B0F6DYMJDF,Celsius,"CELSIUS Fizz Free Dragon Fruit Lime, Sugar Free Energy Drink, 12 Fl Oz (Pack of 12)",Celsius energy drink,R2CLLS734JGBDE,Frizz-free Goodness!,Not my favourite flavour but I love frizz-free options and appreciate the variety in flavour options.,5,2026-04-03,the United States,True,1.0
B0F6DYMJDF,Celsius,"CELSIUS Fizz Free Dragon Fruit Lime, Sugar Free Energy Drink, 12 Fl Oz (Pack of 12)",Celsius energy drink,R1WOBH1Y41UJXP,"Great flavor no jitters, love Celsius",I absolutely love this flavor. It is very refreshing and the value for these is great. Will keep purchasing.,5,2026-04-18,the United States,True,1.0
B0F6DYMJDF,Celsius,"CELSIUS Fizz Free Dragon Fruit Lime, Sugar Free Energy Drink, 12 Fl Oz (Pack of 12)",Celsius energy drink,R1ROLUR1FM04QL,Energy drinks with the flavor choices.,Have order before in the past. Love the flavor and can only get it on amazon.,5,2026-04-28,the United States,True,1.0
B0F6DYMJDF,Celsius,"CELSIUS Fizz Free Dragon Fruit Lime, Sugar Free Energy Drink, 12 Fl Oz (Pack of 12)",Celsius energy drink,R1UTT38UNLXF95,Excellent,Very very good,5,2026-05-07,the United States,True,
B0F6F8M3KG,Celsius,"CELSIUS Fizz Free Pink Lemonade, Sugar Free Energy Drink, 12 Fl Oz (Pack of 12)",Celsius energy drink,R20XNYVD72XL3B,Yummy & Effective,One can was busted open but the rest was good. Energy level was long and consistent. Value was good. Flavor was good. I love the Fizz Free!!!! No jitters. Very effective! No carbonation means no burps for me.,5,2026-03-20,the United States,True,1.0
B0F6F8M3KG,Celsius,"CELSIUS Fizz Free Pink Lemonade, Sugar Free Energy Drink, 12 Fl Oz (Pack of 12)",Celsius energy drink,R2QWCP5A045TKI,Energized,They don’t sell this one in stores near me. They hit the pink lemonade flavor right on the head with this one.,5,2026-04-06,the United States,True,
B0F6F8M3KG,Celsius,"CELSIUS Fizz Free Pink Lemonade, Sugar Free Energy Drink, 12 Fl Oz (Pack of 12)",Celsius energy drink,R1GBPGAQJCY062,A refreshing change,This was a brand new flavor for me and it is excellent I like the non fizz as much as as the original fizz flavors.it’s crisp and refreshing!,5,2026-04-11,the United States,True,
B0F6F8M3KG,Celsius,"CELSIUS Fizz Free Pink Lemonade, Sugar Free Energy Drink, 12 Fl Oz (Pack of 12)",Celsius energy drink,R2Q5ZJBEZWXKF4,Good flavor,Love the flavor. Actually tastes like lemonade.,4,2026-04-12,the United States,True,
B0F6F8M3KG,Celsius,"CELSIUS Fizz Free Pink Lemonade, Sugar Free Energy Drink, 12 Fl Oz (Pack of 12)",Celsius energy drink,R3CLSJSZDTDRVE,Best energy drink on the market,"such a great deal! i love how they aren’t carbonated, no sugar, and have a ton of caffeine. this college student likes it!",5,2026-04-22,the United States,True,1.0
B0F6F8M3KG,Celsius,"CELSIUS Fizz Free Pink Lemonade, Sugar Free Energy Drink, 12 Fl Oz (Pack of 12)",Celsius energy drink,RW5S6A392WDBV,Better value and taste good,I purchase the Celsius package on Amazon because it is more bang for my buck as opposed to buying them at the gas station. This flavor is a little tart but still refreshing and good energy. 200 mg caffeine content.,5,2026-04-25,the United States,True,
B0F6F8M3KG,Celsius,"CELSIUS Fizz Free Pink Lemonade, Sugar Free Energy Drink, 12 Fl Oz (Pack of 12)",Celsius energy drink,R2EMPAGMXDQ60Y,Delicious,"This beverage offers a delightful flavor profile, exhibiting a balanced tartness without the excessive acidity sometimes found in lemonades. It is notably more enjoyable when served chilled rather than at room temperature.",5,2026-05-03,the United States,True,
B0F6F8M3KG,Celsius,"CELSIUS Fizz Free Pink Lemonade, Sugar Free Energy Drink, 12 Fl Oz (Pack of 12)",Celsius energy drink,R4CIZI78L9IHT,Easy to drink energy,Very tasty,5,2026-05-06,the United States,True,
B0FKKGB9HV,,"BUM Sugar-Free Energy Drink, Pina Colada - Lightly Carbonated & No Artificial Colors, Natural Caffeine & Citicoline for Energy & Focus, Brain Boost & Workout Sports Beverage - 12 oz, Pack of 12",Ghost energy drink,R23F5HO5SI9LXM,Nasty after taste,It’s hard to make sugar free good but these were hard to drink. I love a piña colada flavor but these were too battery acidic to even enjoy! I wanted to love them but can’t commit,1,2026-03-24,the United States,True,2.0
B0FKKGB9HV,,"BUM Sugar-Free Energy Drink, Pina Colada - Lightly Carbonated & No Artificial Colors, Natural Caffeine & Citicoline for Energy & Focus, Brain Boost & Workout Sports Beverage - 12 oz, Pack of 12",Ghost energy drink,R19VOLPFR2BBG3,AMAZING BEST ENERGY DRINK EVER,3rd best flavor. Citrus is top then cream soda,5,2026-03-28,the United States,True,
B0FKKGB9HV,,"BUM Sugar-Free Energy Drink, Pina Colada - Lightly Carbonated & No Artificial Colors, Natural Caffeine & Citicoline for Energy & Focus, Brain Boost & Workout Sports Beverage - 12 oz, Pack of 12",Ghost energy drink,R2MU176P16K8L5,SO GOOD,One of my favorite flavors!! I don’t get overstimulated by the caffeine and the cognozin helps me focus while I work.,5,2026-04-10,the United States,True,
B0FKKGB9HV,,"BUM Sugar-Free Energy Drink, Pina Colada - Lightly Carbonated & No Artificial Colors, Natural Caffeine & Citicoline for Energy & Focus, Brain Boost & Workout Sports Beverage - 12 oz, Pack of 12",Ghost energy drink,RFUGLQTSEGZSP,This flavor is not it.,"Love Bum, and other flavors, but the Pina Colada flavor is not for me. Very fake fruit and sugary taste. My husband will drink most any energy drink if it’s in the house and he has avoided these like the plague.",2,2026-04-21,the United States,True,
B0FKKGB9HV,,"BUM Sugar-Free Energy Drink, Pina Colada - Lightly Carbonated & No Artificial Colors, Natural Caffeine & Citicoline for Energy & Focus, Brain Boost & Workout Sports Beverage - 12 oz, Pack of 12",Ghost energy drink,R2PIOPG94SA1IO,Bum energy drinks . This flavor!!! My favorite,So delicious.,5,2026-05-02,the United States,True,
B0FKKGB9HV,,"BUM Sugar-Free Energy Drink, Pina Colada - Lightly Carbonated & No Artificial Colors, Natural Caffeine & Citicoline for Energy & Focus, Brain Boost & Workout Sports Beverage - 12 oz, Pack of 12",Ghost energy drink,R3MNXJCGDJMM5A,AMAZING!!!!!! 🍍🥥🌴,Amazing flavor will definitely buy again and again!!!!!!,5,2026-05-04,the United States,True,
B0FKKGB9HV,,"BUM Sugar-Free Energy Drink, Pina Colada - Lightly Carbonated & No Artificial Colors, Natural Caffeine & Citicoline for Energy & Focus, Brain Boost & Workout Sports Beverage - 12 oz, Pack of 12",Ghost energy drink,RQ3L2V0MBCM83,Will buy again,Delicious,5,2026-05-04,the United States,True,
B0FKKGB9HV,,"BUM Sugar-Free Energy Drink, Pina Colada - Lightly Carbonated & No Artificial Colors, Natural Caffeine & Citicoline for Energy & Focus, Brain Boost & Workout Sports Beverage - 12 oz, Pack of 12",Ghost energy drink,R3JF7RDQXLUT29,Quality ingredients delivering energy without crashes!,"I have enjoyed the Bum Energy Drinks for a few weeks now. I believe their Cognizin additive set it apart from other energy drinks. I have purchased both the pina colada flavor as well as the root beer and both are good but I do prefer the root beer over the pina colada. With having a fair amount of caffeine content but not overdoing it, provides a kick of energy without any jitters or crashes. All in all its effectiveness is well received and the flavors are good. I'd say it's a decent value for the money you spend and it offers quality ingredients with the Cognizin setting it apart from other beverages on the market. Well worth the price, choose the flavor you feel connects most to you and you'll be satisfied guaranteed.",4,2026-05-07,the United States,True,
B0FP3XLRB5,Zipfizz,"Zipfizz Daily Energy Drink Powder, Strawberry Kiwi, 20 Pack | 3-in-1 Sustained Energy, Rapid Hydration, and Essential Vitamins | Sugar-Free | Electrolyte Powder | Contains Vitamin B-12 & Antioxidants",Celsius energy drink,R3S4K84CYFLME3,Strawberry Kiwi is Good!,"New flavor to me… Strawberry Kiwi… I like it! Light and fruity, but not too sweet. I put over ice in a large cup with a straw and use 1 and 3/4, 20 oz bottles of water. I do this with all my flavors so they aren’t too strong. Very nice to sip on in the afternoons.",5,2025-10-24,the United States,True,
B0FP3XLRB5,Zipfizz,"Zipfizz Daily Energy Drink Powder, Strawberry Kiwi, 20 Pack | 3-in-1 Sustained Energy, Rapid Hydration, and Essential Vitamins | Sugar-Free | Electrolyte Powder | Contains Vitamin B-12 & Antioxidants",Celsius energy drink,RPHNE5ZVNS8BC,Love the fizz,"I LOVE ❤️ Zip Fizz love love love it!! This is one of my new favorite flavors it tastes amazing(, strawberry kiwi. )Excellent way to get your vitamin vitamins. Gives you true energy and not this burn out from sugar.!!This is a must by in my life I don’t ever run dry",5,2025-10-31,the United States,True,
B0FP3XLRB5,Zipfizz,"Zipfizz Daily Energy Drink Powder, Strawberry Kiwi, 20 Pack | 3-in-1 Sustained Energy, Rapid Hydration, and Essential Vitamins | Sugar-Free | Electrolyte Powder | Contains Vitamin B-12 & Antioxidants",Celsius energy drink,RDW7UQ6R9S35K,Buy it!,I have been drinking zip fizz almost daily for over 5 years now. It's such nice clean energy without the crash!,5,2026-03-15,the United States,True,
B0FP3XLRB5,Zipfizz,"Zipfizz Daily Energy Drink Powder, Strawberry Kiwi, 20 Pack | 3-in-1 Sustained Energy, Rapid Hydration, and Essential Vitamins | Sugar-Free | Electrolyte Powder | Contains Vitamin B-12 & Antioxidants",Celsius energy drink,R1LXQ6Q9X84TVI,Bo,Works like it is advertised!,5,2026-03-26,the United States,True,
B0FP3XLRB5,Zipfizz,"Zipfizz Daily Energy Drink Powder, Strawberry Kiwi, 20 Pack | 3-in-1 Sustained Energy, Rapid Hydration, and Essential Vitamins | Sugar-Free | Electrolyte Powder | Contains Vitamin B-12 & Antioxidants",Celsius energy drink,R2S4SHAV1UA318,Great taste,Great taste and tons of vitamins!,5,2026-04-13,the United States,True,
B0FP3XLRB5,Zipfizz,"Zipfizz Daily Energy Drink Powder, Strawberry Kiwi, 20 Pack | 3-in-1 Sustained Energy, Rapid Hydration, and Essential Vitamins | Sugar-Free | Electrolyte Powder | Contains Vitamin B-12 & Antioxidants",Celsius energy drink,R3NZMUN3O7FNL0,Pricey but tasty,"Super pricey :/ but it's delicious and the only way I'll drink water. Keeps me will hydrated and are easy to keep in my purse, in my drawer at work and in my car.",5,2026-04-21,the United States,True,
B0FP3XLRB5,Zipfizz,"Zipfizz Daily Energy Drink Powder, Strawberry Kiwi, 20 Pack | 3-in-1 Sustained Energy, Rapid Hydration, and Essential Vitamins | Sugar-Free | Electrolyte Powder | Contains Vitamin B-12 & Antioxidants",Celsius energy drink,R3L5T7FXH9PMKT,Doesn’t have much flavor,"Easy to use just add to 16 ounces of cold water, be sure there is a bit of room at the top of your bottle or cup as it does fizz up. I am disappointed in the flavor as it is very weak and has a funny aftertaste",3,2026-04-27,the United States,True,
B0FP3XLRB5,Zipfizz,"Zipfizz Daily Energy Drink Powder, Strawberry Kiwi, 20 Pack | 3-in-1 Sustained Energy, Rapid Hydration, and Essential Vitamins | Sugar-Free | Electrolyte Powder | Contains Vitamin B-12 & Antioxidants",Celsius energy drink,R1UF9G4PNH9120,Zipfizz hydration drink,"Ingredients are antioxidants and B 12, hydration, mix in any drink or water, work quick, give energy and focus.  Worth the money.",5,2026-05-04,the United States,True,
B0FSG4V4H8,,"Ultra Focus Pouches (Variety Pack, 3 Cans) Nicotine-Free, Caffeine-Free | Enfinity Paraxanthine | Vitamin B6 + B12, L-Theanine, Alpha GPC, Ginseng | Nootropic Energy & Clarity Pouches",Ghost energy drink,R3LZU6YXPPJ0EC,Best Zynn quitting aide I've tried,Ive tried quitting Zynn a few times and always fell off after a few days to a week. These have 100% reduced the cravings and side effects of getting off nicotine/tobacco. Cool mint is by far the best tasting flavor of the 3. Tropical as stated in other reviews is good initially but does have an odd aftertaste.Cans are expensive but for reference I was going through 1.5-2 cans of zynn in a day whereas I use 4-5 pouches of these per day. Fully worth the price while quitting.,5,2026-01-10,the United States,True,18.0
B0FSG4V4H8,,"Ultra Focus Pouches (Variety Pack, 3 Cans) Nicotine-Free, Caffeine-Free | Enfinity Paraxanthine | Vitamin B6 + B12, L-Theanine, Alpha GPC, Ginseng | Nootropic Energy & Clarity Pouches",Ghost energy drink,R1A1A2UQ71ZFBI,Cost VS Quality,"The Ultra pouches were not very high on my list when it came to quality and cost. I have tried the Alpha and the NZE pouches and based on flavor and cost these other pouches outperform the Ultra pouches. The flavors were not very pleasing to the pallet; the cool mint was the best. I found the pouches to be larger than other brands, although the pouches would not maintain very well after some moving around, they would break and the contents would be pasty and need to be discarded, leaving a funky aftertaste in the mouth. The cost at $45 for 3 cans is not cost effective for how long the product lasts, along with the unsavory flavors. My recommendation for those people looking to step away from Zin pouches or add these to your daily routine for the Nootropics is to find a lower cost brand that is better and more effective for the cost. Just my 2 cents.",2,2026-02-03,the United States,True,14.0
B0FSG4V4H8,,"Ultra Focus Pouches (Variety Pack, 3 Cans) Nicotine-Free, Caffeine-Free | Enfinity Paraxanthine | Vitamin B6 + B12, L-Theanine, Alpha GPC, Ginseng | Nootropic Energy & Clarity Pouches",Ghost energy drink,ROWGF2Q6HGV80,"Good Pouch and Flavor, Need Stronger Effects","I was looking for a nicotine replacement. These are a decent alternative. They are not as strong as even a 2mg or 3mg nicotine pouch. Flavor is great. The size and texture of the pouch is good. They do tend to consolidate to one side in the pouch, a tighter pouch might help hold the structure better. Everything is good id like for the effect to be increasingly stronger",4,2026-02-04,the United States,True,5.0
B0FSG4V4H8,,"Ultra Focus Pouches (Variety Pack, 3 Cans) Nicotine-Free, Caffeine-Free | Enfinity Paraxanthine | Vitamin B6 + B12, L-Theanine, Alpha GPC, Ginseng | Nootropic Energy & Clarity Pouches",Ghost energy drink,R2N6AAW7MX1Z4X,Staying Focused Through 12-Hour Days,"A buddy put me on to Ultras, and honestly the biggest benefit for me is the steady energy it gives me throughout the day. I work 12-hour shifts in a warehouse, and I recently switched to a position where I'm driving for 10+ hours straight, so staying focused is huge. These pouches give me the boost I need without the crash.I've cut back on Red Bulls like crazy. I used to drink three or more a day just because of gas-station deals, but now l don't need nearly as many. A couple of these pouches throughout the day does the job.I've been putting a lot of people on, and they've all been saying the same thing-more energy, better focus, and mental clarity.",5,2026-02-10,the United States,True,9.0
B0FSG4V4H8,,"Ultra Focus Pouches (Variety Pack, 3 Cans) Nicotine-Free, Caffeine-Free | Enfinity Paraxanthine | Vitamin B6 + B12, L-Theanine, Alpha GPC, Ginseng | Nootropic Energy & Clarity Pouches",Ghost energy drink,R28H6JZ97CKOZJ,They work so far,I don't smoke or drink. So these work wonders for me. I can be super tired and popp one of these in and the tired just wears Way. I feel like my focus is there better but for me it's not crazy strong but it does work. I don't think u can be a smoker or have nicotine cravings and try to use these to supplement. Just wouldn't work. But they taste great and they last me about an hour or 2,5,2026-02-12,the United States,True,5.0
B0FSG4V4H8,,"Ultra Focus Pouches (Variety Pack, 3 Cans) Nicotine-Free, Caffeine-Free | Enfinity Paraxanthine | Vitamin B6 + B12, L-Theanine, Alpha GPC, Ginseng | Nootropic Energy & Clarity Pouches",Ghost energy drink,RXBGCXOUPWQMX,"No noticeable energy/focus, just menthol","I really wanted these to work but I honestly didn’t feel anything from them. I’ve been off caffeine for about seven months as I’m transitioning to a healthier lifestyle, and I’ve never been a coffee or energy drink person, just soda and teas, so my tolerance should be pretty low. I put the first pouch in about five minutes after waking up specifically to see if I’d notice a clear effect, and after about 45 minutes there was no change at all. My eyes still felt heavy from just waking up and there was no real energy boost, which makes me question whether it’s just placebo or under-dosed ingredients. At the hour mark, I had to take it out, all the flavor was gone and the only thing coming out was bitter nastiness.I assumed maybe I got a dud pouch on day one, so I gave it a second try on another day and still felt nothing. Same story: I left it in for a long time and kept waiting for a little lift in focus or alertness that never came. For a product that’s marketed as an energy/focus pouch, that’s pretty disappointing and not what I was expecting. The marketing makes it sound like you’ll feel a clean, noticeable boost, but that just wasn’t my experience at all.Flavor-wise they’re…meh, but nothing special. The pouches are a bit bitter, and it feels like they’re trying to cover that up with a ton of menthol. On the mango flavor I could barely taste any mango at all—just menthol dominating everything. It’s not terrible, but it’s definitely not something I look forward to using. Between the lack of effect and the so-so taste, there just isn’t much reason for me to keep using them.Overall, I won’t be ordering these again. It feels like it’s mostly clever branding and marketing, and they did manage to get me to try them once, but that’s about it. If you’re looking for a noticeable energy boost, I’d recommend looking elsewhere.",1,2026-04-13,the United States,True,17.0
B0FSG4V4H8,,"Ultra Focus Pouches (Variety Pack, 3 Cans) Nicotine-Free, Caffeine-Free | Enfinity Paraxanthine | Vitamin B6 + B12, L-Theanine, Alpha GPC, Ginseng | Nootropic Energy & Clarity Pouches",Ghost energy drink,R3LHYK1TMHV2QE,40 bucks for 3 cans?,Yeah. Love the flavor but 100% wil not be ordering again. Refused to pay over 5 dollars a can for chew or nicotine pouches. Be damned if im gonna spend 40 on 3. Ill purchase again when the whole rollis less than 30.,3,2026-04-18,the United States,True,
B0FSG4V4H8,,"Ultra Focus Pouches (Variety Pack, 3 Cans) Nicotine-Free, Caffeine-Free | Enfinity Paraxanthine | Vitamin B6 + B12, L-Theanine, Alpha GPC, Ginseng | Nootropic Energy & Clarity Pouches",Ghost energy drink,R2O8EEAIO25FCD,Nasty bitter taste in 5 mins.,"Medicine, acidic type  taste after 5 minutes. loses flavor quickly . Small product size, thin. Expensive for bad sharp medicinal tase. No noticeable energy or  focus change. Wont buy any ultra again.",1,2026-04-28,the United States,True,2.0
B0FV9BGJG1,Liquid Death,"Liquid Death Sparkling Energy - Scary Strawberry, Zero Sugar Energy Drink, Unextreme Caffeine 100mg, Essential Vitamins, 12 Fl Oz (Pack of 12)",Celsius energy drink,RZ0VY3OP1Y1YP,Pretty good. Needs non-sparkling version.,Great idea. I would prefer a non-carbonated version or less carbonated. If they make this in the same consistency as a red bull or monster I am sold.,3,2025-12-14,the United States,True,3.0
B0FV9BGJG1,Liquid Death,"Liquid Death Sparkling Energy - Scary Strawberry, Zero Sugar Energy Drink, Unextreme Caffeine 100mg, Essential Vitamins, 12 Fl Oz (Pack of 12)",Celsius energy drink,RBOUX2WC9JC0R,Refreshing and packed with vitamins,"This Liquid Death Sparkling Energy drink is pretty good. I like that it includes B vitamins and comes in a pack of 12, making it convenient for regular use. The flavor, Scary Strawberry, is not too sweet and has a nice fizzy feel. The sugar-free aspect is a plus since I avoid sugar. The caffeine kick is just right to keep me alert without jitters. Overall, it's a solid choice for an energy boost that feels fresh and energizing.",5,2025-12-26,the United States,True,9.0
B0FV9BGJG1,Liquid Death,"Liquid Death Sparkling Energy - Scary Strawberry, Zero Sugar Energy Drink, Unextreme Caffeine 100mg, Essential Vitamins, 12 Fl Oz (Pack of 12)",Celsius energy drink,R37CLX2PUVEKUJ,"Does it's job, and it does it's job well","I didn't know what to expect buying a Liquid Death energy drink, but I was plesantly surprised. It didn't feel too bitter, but it also didn't taste like pure flavoring either like some other drinks.I also appreciate it being low calorie and not overwhelming me with caffeine, just being enough to keep me alert without being jitteryFinally there's the price. Liquid Death isn't always a cheap brand, but considering that other energy drinks like Redbull retaill a 12 pack of 12oz for around the same price that you can buy these at, so your not paying a premium just for an effective energy drinkFlavor-wise, I've only tried the Strawberry/Lemon flavor which was nice, but I'm not in a rush to try the other flavors given they haven't been reviewed so highly.",5,2026-01-13,the United States,True,5.0
B0FV9BGJG1,Liquid Death,"Liquid Death Sparkling Energy - Scary Strawberry, Zero Sugar Energy Drink, Unextreme Caffeine 100mg, Essential Vitamins, 12 Fl Oz (Pack of 12)",Celsius energy drink,RQ2JJ8F4JFIK9,"Scary Strawberry is good, Murder Mystery is not.","I've loved the Liquid Death line for a while now, so I was eager to try the energy drinks. I purchased both the Murder Mystery and Scary Strawberry flavours.The SS flavour was delicious, a perfect balance of flavoring, sweetness, and water. The MM flavour wasn't nearly as good - as others have said, it's too artificially sweetened in flavour. I can't place its flavours, but they in isolation are actually decent. It's just the artificial-sweetener taste, aftertaste, and subsequent lingering affect on tasting other things properly that I don't like.Now, to be clear, they claim not to use any artificial sweeteners as such, using Stevia Leaf Extract and Allulose instead. But whatever they did in SS just doesn't work in MM. I'll finish it, but won't buy it again unless they revamp the flavour. I'll probably get SS again though.",4,2026-01-18,the United States,True,2.0
B0FV9BGJG1,Liquid Death,"Liquid Death Sparkling Energy - Scary Strawberry, Zero Sugar Energy Drink, Unextreme Caffeine 100mg, Essential Vitamins, 12 Fl Oz (Pack of 12)",Celsius energy drink,R3AIW98XWLF2ZX,Love this energy drink,"Was skeptical but this Liquid Death Sparkling Energy surprised me. Taste is solid, not overly sweet, and the natural flavor comes through. The caffeine level feels reasonable at 100mg and the drink is sugar-free, which I appreciate. It's middle of the pack compared to other energy drinks, but that just means it doesn't push extremes. The flavor could pop a bit more, but I'd totally buy it again.",5,2026-01-22,the United States,True,11.0
B0FV9BGJG1,Liquid Death,"Liquid Death Sparkling Energy - Scary Strawberry, Zero Sugar Energy Drink, Unextreme Caffeine 100mg, Essential Vitamins, 12 Fl Oz (Pack of 12)",Celsius energy drink,R3NMUFZ3R4ME8X,Strawberry and Lemon flavor,"Turned into my go-to energy drink. Sugar-free, 100mg caffeine, and B vitamins actually make a difference. Pack of 12 is super convenient and the shelf life is solid. The Strawberry and Lemon flavor is refreshing and not too sweet, which I appreciate. It gives me a clean energy boost without the buzz or crash. Totally worth it.",5,2026-02-12,the United States,True,1.0
B0FV9BGJG1,Liquid Death,"Liquid Death Sparkling Energy - Scary Strawberry, Zero Sugar Energy Drink, Unextreme Caffeine 100mg, Essential Vitamins, 12 Fl Oz (Pack of 12)",Celsius energy drink,RRIPRZJEF382L,"Good, clean energy drink with great taste","I was pleasantly surprised by this one. The Scary Strawberry flavor tastes great — not overly sweet or artificial like a lot of energy drinks. It has less caffeine than most, but the energy feels smooth and steady instead of a big spike and crash later.I also like the cleaner ingredients compared to typical options. If you want a lighter energy boost with a great taste and no harsh drop-off, this is definitely worth trying.",5,2026-02-23,the United States,True,1.0
B0FV9BGJG1,Liquid Death,"Liquid Death Sparkling Energy - Scary Strawberry, Zero Sugar Energy Drink, Unextreme Caffeine 100mg, Essential Vitamins, 12 Fl Oz (Pack of 12)",Celsius energy drink,R1S6B1QT7G03CB,Love the new Liquid Death Energy Drink!!!,I love Liquid Death’s water line so I figured I would give their energy drink a try. I am an ingredient purist and love the healthier ingredients and have to say the flavor is really enjoyable. I didn’t feel jittery at all and feel like this is the right amount of caffeine for me to stay awake and present for my kiddo. New fan on the West coast and will continue to look for it in my local grocery stores.,5,2026-02-24,the United States,True,2.0
B0FVB3JXKR,Liquid Death,"Liquid Death Sparkling Energy - Murder Mystery (Cherry, Cream, Spice), Zero Sugar Energy Drink, Unextreme Caffeine 100mg, Essential Vitamins, 12 Fl Oz (Pack of 12)",Alani Nu energy drink,R23V2W6T25NO6H,Interesting addition to the Liquid Death portfolio,"Great idea, as I love the manufacturer and the other products. Unfortunately, this one has a sharp, rather unpleasant aftertaste. The flavor of the beverage is great. It's either the energy additive or the sweetener used. The smell and taste are good. The carbonation is in line with other similar LD beverages. I have no ill effects from their energy additive (i.e., no jitteriness, upset stomach, crashes, etc.).",4,2025-12-22,the United States,True,10.0
B0FVB3JXKR,Liquid Death,"Liquid Death Sparkling Energy - Murder Mystery (Cherry, Cream, Spice), Zero Sugar Energy Drink, Unextreme Caffeine 100mg, Essential Vitamins, 12 Fl Oz (Pack of 12)",Alani Nu energy drink,R3VN19W3XCCRAZ,"Good concept, okay execution","As someone who was introduced to energy drinks through Celsius but has been drinking Liquid Death products for a long time now, I was very excited to see the brand come out with their own energy drink. The idea of a less-caffeinated drink is very appealing, plus the flavors advertised sounded good, especially the Murder Mystery one. The drink tastes fine. It is sweetened with Stevia, which I have no issue with and shouldn't be off-putting to most people. The real issue is the flavor of the drink. As with their sparkling water flavor Rootbeer Wrath, the taste is gone almost as soon as you swallow. And the aftertaste on this flavor is weird. It isn't undrinkable by any means—just not as good as other competitors.",3,2025-12-28,the United States,True,20.0
B0FVB3JXKR,Liquid Death,"Liquid Death Sparkling Energy - Murder Mystery (Cherry, Cream, Spice), Zero Sugar Energy Drink, Unextreme Caffeine 100mg, Essential Vitamins, 12 Fl Oz (Pack of 12)",Alani Nu energy drink,R2KI8UN937D0D3,So good you’ll want to subscribe and save!,Guilt free energy!!! I love these! A better alternative to the super sugary energy drinks. It makes me feel very focused without any jitterbugs! Very good value for the money especially if you subscribe and save! They are a great size. They arrived perfectly no leaks or dents. Very effective and great tasting drink.,5,2026-01-08,the United States,True,5.0
B0FVB3JXKR,Liquid Death,"Liquid Death Sparkling Energy - Murder Mystery (Cherry, Cream, Spice), Zero Sugar Energy Drink, Unextreme Caffeine 100mg, Essential Vitamins, 12 Fl Oz (Pack of 12)",Alani Nu energy drink,R2JJ0VUZ2ELUX3,Murder Mystery is yummmm,"My favorite flavor of the new Liquid Death energy drinks!! Love how they make it more healthy with their science sorcery (allulose is a natural sweetener I didn’t know about, and it’s kind of amazing actually). Makes you feel good, only 5 calories, no weird stuff in it (unlike most energy drinks full of god knows what), and tastes like a cross between cherry coke and Dr Pepper. To me that’s frickin delish! Ps: Liquid Death - Please make the energy drink in cream soda flavor, it would be so bomb!!!",5,2026-02-19,the United States,True,3.0
B0FVB3JXKR,Liquid Death,"Liquid Death Sparkling Energy - Murder Mystery (Cherry, Cream, Spice), Zero Sugar Energy Drink, Unextreme Caffeine 100mg, Essential Vitamins, 12 Fl Oz (Pack of 12)",Alani Nu energy drink,RCAYOXJT76CCX,Sugar-free energy boost,"Not gonna lie, it tastes delicious and isn't overly caffeinated. Great clean energy without jitters. I love that it's sugar-free and the cans are the right size. Packaging is cool and the variety pack is fun to try. Easy to buy, good carbonation, and the drink's temperature is right. Really happy with this purchase.",5,2026-03-05,the United States,True,
B0FVB3JXKR,Liquid Death,"Liquid Death Sparkling Energy - Murder Mystery (Cherry, Cream, Spice), Zero Sugar Energy Drink, Unextreme Caffeine 100mg, Essential Vitamins, 12 Fl Oz (Pack of 12)",Alani Nu energy drink,R3755O67HW32ZC,Low Calorie Energy Without Jitters or Crash!,"These are great. They taste like Cherry Coke, give a nice amount of energy without jitters or a crash, and are only 5 calories! What’s not to love?! Seriously, a new staple for me.",5,2026-04-12,the United States,True,
B0FVB3JXKR,Liquid Death,"Liquid Death Sparkling Energy - Murder Mystery (Cherry, Cream, Spice), Zero Sugar Energy Drink, Unextreme Caffeine 100mg, Essential Vitamins, 12 Fl Oz (Pack of 12)",Alani Nu energy drink,R1SU88IMOXMKNP,Great value,Great value. Sugar free carbonated. Provides energy with no jitters. Made with real ingredients,5,2026-05-04,the United States,True,
B0FVB3JXKR,Liquid Death,"Liquid Death Sparkling Energy - Murder Mystery (Cherry, Cream, Spice), Zero Sugar Energy Drink, Unextreme Caffeine 100mg, Essential Vitamins, 12 Fl Oz (Pack of 12)",Alani Nu energy drink,R2L14Z9NHBTPMO,Tastes like cola,Wasn't sure to what to expect for the flavor but glad to see it's cola flavored. My friends say it's weak in flavor but I don't drink soda usually and it tastes pretty good to me.,5,2026-05-05,the United States,True,
B0FZXS2BFQ,Red Bull,"Red Bull Iced Vanilla Berry Energy Drink, 8.4 Fl Oz, Pack of 24 Cans (6 packs of 4)",Celsius energy drink,R1YFCQ5HPAMKMB,Mega lecker,Das beste,5,2025-09-17,Germany,True,
B0FZXS2BFQ,Red Bull,"Red Bull Iced Vanilla Berry Energy Drink, 8.4 Fl Oz, Pack of 24 Cans (6 packs of 4)",Celsius energy drink,R3GS11MZFF5TVD,Sehr zufrieden,Ist pünktlich angekommen und noch 1 Jahr haltbar. Richtig gut,5,2025-12-24,Germany,True,
B0FZXS2BFQ,Red Bull,"Red Bull Iced Vanilla Berry Energy Drink, 8.4 Fl Oz, Pack of 24 Cans (6 packs of 4)",Celsius energy drink,R3AEX7LGGURMWC,"Good product, heinous delivery drivers","Product is phenomenal. The delivery is what sucks. They throw the case in box upside down and then just throw the box down on the ground upon delivery, so you may end up with some flat Red Bulls because a delivery driver hates his job. I would go to a store and buy it if it was an option but you can’t find anywhere else that sells by the case unfortunately.",5,2026-02-20,the United States,True,
B0FZXS2BFQ,Red Bull,"Red Bull Iced Vanilla Berry Energy Drink, 8.4 Fl Oz, Pack of 24 Cans (6 packs of 4)",Celsius energy drink,RNIBSFE9N2RZ6,Best flavor!,"I LOVE this flavor, but I can’t find it in stores. It came out to a little under $3 per drink which isn’t horrible. Some of the pictures I saw on here there were some cans that got busted and it leaked all over the box but this wasn’t the case. Arrived in perfect condition although they could have put a little more packing paper in the box so they didn’t move around as much.",5,2026-03-05,the United States,True,
B0FZXS2BFQ,Red Bull,"Red Bull Iced Vanilla Berry Energy Drink, 8.4 Fl Oz, Pack of 24 Cans (6 packs of 4)",Celsius energy drink,R33FAZBL8UB7JL,Mein neuer Favorit unter den Red Bull Sorten,"Dieser Red Bull Iced Vanilla Berry ist inzwischen mein absoluter Lieblingsgeschmack. Der Geschmack ist sehr angenehm, nicht zu süß und überhaupt nicht herb. Er lässt sich richtig leicht trinken und ist perfekt für unterwegs oder wenn man einfach einen kleinen Energie-Kick braucht.Die Kombination aus Vanille und Beeren ist wirklich gelungen und mal etwas anderes als die klassischen Sorten.Die Lieferung kam außerdem schnell und alles war gut verpackt.Für alle Red-Bull-Fans kann ich diese Sorte definitiv empfehlen!",5,2026-03-07,Germany,True,
B0FZXS2BFQ,Red Bull,"Red Bull Iced Vanilla Berry Energy Drink, 8.4 Fl Oz, Pack of 24 Cans (6 packs of 4)",Celsius energy drink,R5C68W87B919B,"Yes, Please!!!","This #1 delight, is the bestest, smoothest, & most flavorful of all the Red Bull. Its not sour, its a TRUE DELIGHT; And also does the trick like all the other Red Bull.",5,2026-03-26,the United States,True,
B0FZXS2BFQ,Red Bull,"Red Bull Iced Vanilla Berry Energy Drink, 8.4 Fl Oz, Pack of 24 Cans (6 packs of 4)",Celsius energy drink,R2WKGCR5JZTLD7,Redbull,"Love this flavor, great energy.",5,2026-03-31,the United States,True,
B0FZXS2BFQ,Red Bull,"Red Bull Iced Vanilla Berry Energy Drink, 8.4 Fl Oz, Pack of 24 Cans (6 packs of 4)",Celsius energy drink,R3GQZQZK00GBVA,Lecker,Lecker lohnt sich,5,2026-04-11,Germany,True,
B0FZXS2BFQ,Red Bull,"Red Bull Iced Vanilla Berry Energy Drink, 8.4 Fl Oz, Pack of 24 Cans (6 packs of 4)",Celsius energy drink,RT86593M4NXIL,"Comes in boxes make sure you read. I didn't lol, but still love them","“This flavor is really good! The vanilla and berry mix well together and it’s smooth, not too strong or overpowering. It’s refreshing and gives a nice energy boost without a weird aftertaste. Definitely one of the better Red Bull flavors—I would buy it again",5,2026-04-13,the United States,True,
B0FZXS2BFQ,Red Bull,"Red Bull Iced Vanilla Berry Energy Drink, 8.4 Fl Oz, Pack of 24 Cans (6 packs of 4)",Celsius energy drink,R1SR77E6SBPZN7,Best flavor,One of the best flavors! Highly recommend,5,2026-04-13,the United States,True,
B0FZXS2BFQ,Red Bull,"Red Bull Iced Vanilla Berry Energy Drink, 8.4 Fl Oz, Pack of 24 Cans (6 packs of 4)",Celsius energy drink,R1AEVS6WS3VTGK,Good Buy,"Exactly what you think it is, minimal packaging 👍",5,2026-04-24,the United States,True,
B0FZXS2BFQ,Red Bull,"Red Bull Iced Vanilla Berry Energy Drink, 8.4 Fl Oz, Pack of 24 Cans (6 packs of 4)",Celsius energy drink,RKT9BQ37ONV5I,Awsome,Love the Flavor,5,2026-04-29,the United States,True,1.0
B0FZXS2BFQ,Red Bull,"Red Bull Iced Vanilla Berry Energy Drink, 8.4 Fl Oz, Pack of 24 Cans (6 packs of 4)",Celsius energy drink,R16G3LE8SIP0CB,"Red Bull Ice, Vanilla, Berry","Der beste Red Bull. 🔥🔥🔥🔥 Der ist aber leider auch jetzt wieder im Automaten ausverkauft, deswegen ist diese Version am besten auszuwählen bei Amazon. Sehr schnelle Lieferung, ganze zwei Tage eher geliefert. Und unkompliziert mit GLS.",5,2026-05-10,Germany,True,
B0FZXWP3VB,Red Bull,"Red Bull Zero Sugar Variety Pack, Zero Energy Drink, Iced Vanilla Berry, & White Peach, 8.4 Fl Oz, 12 Cans (2 Packs of 12)",Celsius energy drink,R12PZOMGEGVAJM,Great value and product IMO,"Great value, easy shipment.  Red Bull and other similar drinks are allegedly not super healthy for you, so I mix 50% water and 50% Red Bull and go through 1 can about every 3 days.  A good little lift, perhaps less bad for my health.  The flavored ones are better, but I'll by this again.",5,2026-03-20,the United States,True,2.0
B0FZXWP3VB,Red Bull,"Red Bull Zero Sugar Variety Pack, Zero Energy Drink, Iced Vanilla Berry, & White Peach, 8.4 Fl Oz, 12 Cans (2 Packs of 12)",Celsius energy drink,R1C9OPP8SRGKPB,"Sugar-Free Red Bull, Zero Regrets","All the lift, none of the sugar crash. The variety pack keeps it interesting—Zero is clean and classic, Peach adds a smooth twist, and Iced Vanilla Berry is surprisingly good. Crisp, consistent energy without the heavy sweetness. Easy win.",5,2026-03-29,the United States,True,
B0FZXWP3VB,Red Bull,"Red Bull Zero Sugar Variety Pack, Zero Energy Drink, Iced Vanilla Berry, & White Peach, 8.4 Fl Oz, 12 Cans (2 Packs of 12)",Celsius energy drink,R2YCOCE9LSL6AP,"Iced vanilla berry good, sf monkfruit bad",Big fan of the sf iced vanilla berry. Peach is okay. I do not like the sf monkfruit redbull i have found out.,4,2026-03-29,the United States,True,
B0FZXWP3VB,Red Bull,"Red Bull Zero Sugar Variety Pack, Zero Energy Drink, Iced Vanilla Berry, & White Peach, 8.4 Fl Oz, 12 Cans (2 Packs of 12)",Celsius energy drink,R2ETA7UNRSBOP2,Yummy,We love these! great taste and value!,5,2026-04-10,the United States,True,1.0
B0FZXWP3VB,Red Bull,"Red Bull Zero Sugar Variety Pack, Zero Energy Drink, Iced Vanilla Berry, & White Peach, 8.4 Fl Oz, 12 Cans (2 Packs of 12)",Celsius energy drink,R3LGUFQELUWGAM,Delicious and effective,I absolutely love the taste and energy boost of a cold Red Bull. They are so effective in getting me going. I prefer these over all of the others that I’ve tried. The sugar free version lacks nothing in sweetness. Never flat always carbonated. And so many varieties to choose from.,5,2026-04-14,the United States,True,
B0FZXWP3VB,Red Bull,"Red Bull Zero Sugar Variety Pack, Zero Energy Drink, Iced Vanilla Berry, & White Peach, 8.4 Fl Oz, 12 Cans (2 Packs of 12)",Celsius energy drink,R3EK9WP73ER7P4,Great price and variety!,Loved it - best price around delivered right to my door!,5,2026-04-30,the United States,True,
B0FZXWP3VB,Red Bull,"Red Bull Zero Sugar Variety Pack, Zero Energy Drink, Iced Vanilla Berry, & White Peach, 8.4 Fl Oz, 12 Cans (2 Packs of 12)",Celsius energy drink,R1OUMJ7CHX7MTZ,"Red Bull, mmm.","Mmm, Red Bull. I actually don’t like the original standard flavor, but all other flavors of Red Bull are delicious.",5,2026-05-02,the United States,True,
B0FZXWP3VB,Red Bull,"Red Bull Zero Sugar Variety Pack, Zero Energy Drink, Iced Vanilla Berry, & White Peach, 8.4 Fl Oz, 12 Cans (2 Packs of 12)",Celsius energy drink,R154M2NBR59319,Amazing,"These flavors are amazing. We thought we would try them at our drink station and they didn’t last long. It is a great variety for your daily energy we drink them with a splash of lemonade, one squirt of blue raspberry flavoring, one squirt of coconut flavoring, and add cold foam on top. Better thern any scooters energy drink.",5,2026-05-03,the United States,True,
B0G2Z2L3Z7,Monster,"Monster Energy Juice Bad Apple, Energy + Juice, Energy Drink, 16 Ounce (Pack of 15)",Monster energy drink,R18BNAMUUK89QI,The Bad Apple Monster,"The Bad Apple Monster is an outstanding example of how a simple, familiar idea can be transformed into something creative, meaningful, and memorable. By taking the well-known phrase “one bad apple spoils the bunch” and turning it into a literal monster, the concept immediately resonates with audiences. It feels clever without being confusing, and imaginative without being overcomplicated. From the moment you encounter the Bad Apple Monster, it’s clear that this is not just another generic creature, but a thoughtfully designed symbol with depth and personality.One of the strongest aspects of the Bad Apple Monster is its visual design. Apples are usually associated with health, sweetness, and simplicity, so seeing one twisted into something monstrous instantly creates a sense of unease. The contrast between the familiar and the corrupted is what makes the monster so effective. Whether the apple appears bruised, rotten, cracked open, or dripping with decay, every visual detail reinforces the idea that something once good has gone wrong. This visual storytelling makes the monster easy to recognize and hard to forget.Beyond its appearance, the Bad Apple Monster succeeds because of what it represents. It works on a symbolic level, suggesting how negativity, corruption, or bad behavior can spread and influence others. This makes the monster feel relevant and relatable rather than random. It can represent a toxic person in a group, a harmful idea, or even a personal flaw that grows if left unchecked. Because of this, the Bad Apple Monster can be interpreted in many different ways depending on the context, which adds to its strength as a concept.The Bad Apple Monster is also versatile. It can function effectively as a villain in a story, a cautionary figure in a lesson, or a creative character in artwork or games. In a narrative, it could be the source of corruption, slowly infecting everything around it. In an educational or moral context, it could serve as a visual reminder of the importance of accountability and positive influence. This flexibility makes it more valuable than a monster that exists purely to scare.Another impressive quality of the Bad Apple Monster is how it balances being unsettling with being engaging. While its rotten or corrupted features may be disturbing, there is also something oddly fascinating about it. This balance keeps it from becoming overwhelming or off-putting. Instead, it draws people in, encouraging them to look closer and think more deeply about what the monster represents. This is a difficult balance to achieve, and the Bad Apple Monster handles it well.Creativity is at the heart of this concept. Monsters often rely on extreme size, violence, or complexity to stand out, but the Bad Apple Monster proves that originality matters more. By grounding the monster in a familiar object and then subverting expectations, it achieves impact through clever design rather than excess. This makes it accessible to a wide audience while still feeling unique.Overall, the Bad Apple Monster is a highly effective and well-executed concept. Its strong symbolism, striking design, and versatility set it apart from more generic monsters. It leaves a lasting impression not just because of how it looks, but because of what it represents. The Bad Apple Monster is proof that powerful ideas don’t need to be complicated—they just need to be thoughtful, creative, and well realized.",5,2026-01-20,the United States,True,7.0
B0G2Z2L3Z7,Monster,"Monster Energy Juice Bad Apple, Energy + Juice, Energy Drink, 16 Ounce (Pack of 15)",Monster energy drink,R35M6D8DWY433R,Almost like the real thing,"I think that it tastes really close to real apple juice. It's a little tart compared to the real thing, but not lip puckering.My only complaint is that I wish it came in a zero sugar or sugar free option. If I remember they're like 300 calories. Liquid calories don't keep you full. If you are dieting, but need caffeine for whatever reason this tasty option is not a good one, unfortunately.",4,2026-02-24,the United States,True,2.0
B0G2Z2L3Z7,Monster,"Monster Energy Juice Bad Apple, Energy + Juice, Energy Drink, 16 Ounce (Pack of 15)",Monster energy drink,R1HVB5OA4GP5VD,"Literally Just Caffeinated, Slightly Carbonated Apple Juice","Came to this drink after my “Rockstar Raspberry Lemonade No Carbonation” seemed to be discontinued. I LOVE this drink. It tastes exactly like a sweet (not overly artificial flavor) apple cider. The cider part due to its soft carbonation which is also refreshing. It has a great mouth feel, like a very light syrupy consistency. This is how I start every morning and can feel a mood difference when I can’t have it. If you love apple juice or any juice really try this out. There is also a little bit of “spices” towards the end of the drink. This is in no way overpowering or offputting if that’s not your thing (it’s not my thing). They are reminiscent of the bits at the bottom of your average hot cider. Overall great drink - really tasty and refreshing!",5,2026-03-12,the United States,True,6.0
B0G2Z2L3Z7,Monster,"Monster Energy Juice Bad Apple, Energy + Juice, Energy Drink, 16 Ounce (Pack of 15)",Monster energy drink,R2850AX8SILA0Q,Best Monster flavor,"It's actually a really good energy drink taste really good not like the other monster's, there are not that many monster's that I like but this one it is one of them.",5,2026-04-09,the United States,True,
B0G2Z2L3Z7,Monster,"Monster Energy Juice Bad Apple, Energy + Juice, Energy Drink, 16 Ounce (Pack of 15)",Monster energy drink,R3GR9D0ANTYVSH,"Great energy boost, full of flavor.",These are sooo good.  I wish they made a sugar free version.  One a day everyday to get me through nursing school.  Tasty.  Nice energy boost.,5,2026-04-12,the United States,True,
B0G2Z2L3Z7,Monster,"Monster Energy Juice Bad Apple, Energy + Juice, Energy Drink, 16 Ounce (Pack of 15)",Monster energy drink,RB6O4I3NIBUZ3,Perfect. Refreshing.,"These are my favorite since trying in the UK two years ago (Sept 2024) before it became available here, in the US. Its a red apple taste and I LOVE them!",5,2026-04-24,the United States,True,
B0G2Z2L3Z7,Monster,"Monster Energy Juice Bad Apple, Energy + Juice, Energy Drink, 16 Ounce (Pack of 15)",Monster energy drink,R21SUHD0TELPC5,Genuinely addicted to this flavor,The can design is badass and it tastes nice and crisp compared to some other juice flavors I've had. Sad that it keeps having inconsistent availability. Buying it in cases like this is most convenient.,5,2026-04-29,the United States,True,1.0
B0G2Z2L3Z7,Monster,"Monster Energy Juice Bad Apple, Energy + Juice, Energy Drink, 16 Ounce (Pack of 15)",Monster energy drink,R9JJ6FNVN889G,It's decent,It came on time and the flavor is like normal monster but with a hint of green apple at end,5,2026-05-07,the United States,True,
B0G3T9HQP5,Alani Nu,"Alani Nu Winter Wonderland, Sugar Free, Low Calorie Energy Drinks, 200mg Caffeine, Biotin, B Vitamins, Zero Sugar, 10 Calories, 12 Fl Oz Cans, 24 Pack",Alani Nu energy drink,RJC8WINJY6N67,Love this one,My fav,5,2026-02-23,the United States,True,
B0G3T9HQP5,Alani Nu,"Alani Nu Winter Wonderland, Sugar Free, Low Calorie Energy Drinks, 200mg Caffeine, Biotin, B Vitamins, Zero Sugar, 10 Calories, 12 Fl Oz Cans, 24 Pack",Alani Nu energy drink,R11TAEJB857YP3,Good deal,Arrived with no damaged cans,5,2026-02-25,the United States,True,
B0G3T9HQP5,Alani Nu,"Alani Nu Winter Wonderland, Sugar Free, Low Calorie Energy Drinks, 200mg Caffeine, Biotin, B Vitamins, Zero Sugar, 10 Calories, 12 Fl Oz Cans, 24 Pack",Alani Nu energy drink,R3RU622CFLN827,Alani,Delivered so fast! I love this flavor,5,2026-02-26,the United States,True,
B0G3T9HQP5,Alani Nu,"Alani Nu Winter Wonderland, Sugar Free, Low Calorie Energy Drinks, 200mg Caffeine, Biotin, B Vitamins, Zero Sugar, 10 Calories, 12 Fl Oz Cans, 24 Pack",Alani Nu energy drink,R208SB2AHWQHHZ,My favorite flavor,I love this flavor and it’s just good and refreshing. Very hard to find so I stocked up when I found it on sale. Honestly though I don’t notice if it actually gives me more energy. It’s just good. So good,5,2026-03-20,the United States,True,
B0G3T9HQP5,Alani Nu,"Alani Nu Winter Wonderland, Sugar Free, Low Calorie Energy Drinks, 200mg Caffeine, Biotin, B Vitamins, Zero Sugar, 10 Calories, 12 Fl Oz Cans, 24 Pack",Alani Nu energy drink,R2DA9Q9SSJTAGI,Great flavor!,Alani definitely improved their winter flavor from last year. Last years winter flavor tasted like a spruce tree and this year is more a cranberry flavor.,5,2026-03-25,the United States,True,1.0
B0G3T9HQP5,Alani Nu,"Alani Nu Winter Wonderland, Sugar Free, Low Calorie Energy Drinks, 200mg Caffeine, Biotin, B Vitamins, Zero Sugar, 10 Calories, 12 Fl Oz Cans, 24 Pack",Alani Nu energy drink,R1KDF9NWALUD66,Taste great,This flavor is the best.,5,2026-04-05,the United States,True,
B0G3T9HQP5,Alani Nu,"Alani Nu Winter Wonderland, Sugar Free, Low Calorie Energy Drinks, 200mg Caffeine, Biotin, B Vitamins, Zero Sugar, 10 Calories, 12 Fl Oz Cans, 24 Pack",Alani Nu energy drink,RPQ2M6V5YXPJT,The BEST flavor!,My FAVORITE flavor! Love that I get the option to buy in bulk on amazon!,5,2026-05-05,the United States,True,
B0G3T9HQP5,Alani Nu,"Alani Nu Winter Wonderland, Sugar Free, Low Calorie Energy Drinks, 200mg Caffeine, Biotin, B Vitamins, Zero Sugar, 10 Calories, 12 Fl Oz Cans, 24 Pack",Alani Nu energy drink,R2J4XJYU4PKQL,Good,Great buy,5,2026-05-07,the United States,True,
B0G5B6MM22,Monster,"Monster Energy Ultra Punk Punch, Sugar Free Energy Drink, 16 Ounce (Pack of 15)",Monster energy drink,R3RN9AO95H1F77,Best Monster flavor I've tried.,I have a found a new favorite. I've tried several flavors and they were good but this one is cravable sweet flavor with just the right balance. It will be hard to find a flavor I like better.,5,2026-04-15,the United States,True,4.0
B0G5B6MM22,Monster,"Monster Energy Ultra Punk Punch, Sugar Free Energy Drink, 16 Ounce (Pack of 15)",Monster energy drink,R2LTHQ2GHWC9IF,Best monster out there,Top monster flavor for me! Might be my favorite energy drink of all time! If you like fruit punch in any capacity you will love it!,5,2026-04-18,the United States,True,2.0
B0G5B6MM22,Monster,"Monster Energy Ultra Punk Punch, Sugar Free Energy Drink, 16 Ounce (Pack of 15)",Monster energy drink,R1JBFEU7MYPEML,"better than Hawaiian punch, keeps you awake too.",one of my favorite flavors but without massive amounts of sugar,5,2026-04-26,the United States,True,1.0
B0G5B6MM22,Monster,"Monster Energy Ultra Punk Punch, Sugar Free Energy Drink, 16 Ounce (Pack of 15)",Monster energy drink,R3GYRXQWI8V6IB,Gives me some zip.,Very tasty and refreshing and it gives me a little zip in my daily routine.,5,2026-05-01,the United States,True,1.0
B0G5B6MM22,Monster,"Monster Energy Ultra Punk Punch, Sugar Free Energy Drink, 16 Ounce (Pack of 15)",Monster energy drink,R1IGWT9RDW3Q7K,Taste,Great taste,5,2026-05-03,the United States,True,1.0
B0G5B6MM22,Monster,"Monster Energy Ultra Punk Punch, Sugar Free Energy Drink, 16 Ounce (Pack of 15)",Monster energy drink,R336BBFIMA42I8,Best one,Best flavor yet!!Can’t believe it’s sugar free,5,2026-05-04,the United States,True,1.0
B0G5B6MM22,Monster,"Monster Energy Ultra Punk Punch, Sugar Free Energy Drink, 16 Ounce (Pack of 15)",Monster energy drink,R1N11Y36NPVAH4,Drink,Good product,5,2026-05-07,the United States,True,
B0G5B6MM22,Monster,"Monster Energy Ultra Punk Punch, Sugar Free Energy Drink, 16 Ounce (Pack of 15)",Monster energy drink,R23J8IF8AMT68Q,A Little overpriced but good product!,This is a good product and the taste is great however the only downside side is they have gotten more expensive then what I can get them for at my local grocery store so probably won’t be buying these anymore on Amazon anymore but either way it’s a good choice for flavor and it being sugar free is a plus.,5,2026-05-10,the United States,True,
B0G5BBHY3H,Monster,"Monster Energy Strawberry Shot, Green, Original, Energy Drink, 16 Ounce (Pack of 15)",Monster energy drink,R2RD32JMOJ7AJ9,Love it!,I LOVE Monster! I only drink the original one but this strawberry one is delicious. You’d forget that it’s an energy drink. Shipping was fast and the box it came in was super durable. I was expecting a beat up box but nope! This is a bit expensive but I think I’d do it again lol It’s just that good,5,2026-03-26,the United States,True,
B0G5BBHY3H,Monster,"Monster Energy Strawberry Shot, Green, Original, Energy Drink, 16 Ounce (Pack of 15)",Monster energy drink,R3BUMNQ3KUN7FE,One of the best monster flavors,I don’t actually drink monster energy drinks. I’ve been buying these for my son and this was a new flavor that came out that bypassed him and he was very excited to see that Amazon came out with a 24 pack for him to indulge in.My son‘s actual favorite flavor is the orange dream sickle but this one is definitely unacceptable replacement when he cannot get his hands on that sweet orange dream sickle flavor.,5,2026-04-07,the United States,True,1.0
B0G5BBHY3H,Monster,"Monster Energy Strawberry Shot, Green, Original, Energy Drink, 16 Ounce (Pack of 15)",Monster energy drink,RMG9MGTDF8NCM,Best flavor but expensive,Taste exactly how they should. Love this flavor! Arrived well. I thought they might leak or be flat but arrived perfectly fine! Very expensive though for 15 cans though.,5,2026-04-14,the United States,True,
B0G5BBHY3H,Monster,"Monster Energy Strawberry Shot, Green, Original, Energy Drink, 16 Ounce (Pack of 15)",Monster energy drink,R1QABRWCAPFPGO,"Meh flavor, get it on clearance","Syrupy sugary sweet compared to original flavor, very ARTIFICIAL strawberry flavor. Plenty of carbonation, nothing flat or leaking when it arrived. Great caffeine kick, keeps you awake and alert. Not the best cost per can, but also not redburr expensive.",4,2026-04-14,the United States,True,
B0G5BBHY3H,Monster,"Monster Energy Strawberry Shot, Green, Original, Energy Drink, 16 Ounce (Pack of 15)",Monster energy drink,R3803DC4CNK47R,Smooth taste,Not bad for a monster with shot of strawberry good energy value for the effectiveness. Can size as well smooth taste.,5,2026-04-16,the United States,True,
B0G5BBHY3H,Monster,"Monster Energy Strawberry Shot, Green, Original, Energy Drink, 16 Ounce (Pack of 15)",Monster energy drink,R2NL5HEUBUTV2O,Why?,"This has to be a psyop. They cancel their reserve flavors, which were the best ones they had. Then they sell stuff like this?Spoiler alert: You won't taste any strawberry flavor.  Maybe if you BELIEVE you're supposed to taste strawberry, you'll trick your taste buds.  I love strawberry flavored things...but these drinks just taste like regular green monsters.Very disappointed.",1,2026-04-23,the United States,True,
B0G5BBHY3H,Monster,"Monster Energy Strawberry Shot, Green, Original, Energy Drink, 16 Ounce (Pack of 15)",Monster energy drink,R55R7BURW152D,Taste really good,Love this flavor one of my favorite 😁 I'm going to start buying on here better value save money 💰 would recommend,5,2026-04-25,the United States,True,
B0G5BBHY3H,Monster,"Monster Energy Strawberry Shot, Green, Original, Energy Drink, 16 Ounce (Pack of 15)",Monster energy drink,R3VD1YADCSOJMB,Love it,My favorite flavored monster! It’s not as sugary like regular monster. Definitely will buy again,5,2026-05-06,the United States,True,
B0GD2TYNT5,Pureboost,"Pureboost Sugar-Free Clean Energy Booster, Acai Alert 10 Count, Refreshing Energy Drink Mix with B12 Vitamins, Electrolytes, Antioxidants, No Sucralose",Alani Nu energy drink,R1K2Y4DWEHSDDL,Great option if wanting to stop energy drinks!!,"I have been looking for a healthier, and frankly,  more affordable option then energy drinks.  I thought I would use them here and there but upon using my first day I noticed the difference in energy it gave me.  Far better then what I was experiencing with energy drinks.  Awake without the jitters.Please know I was a 1-3 energy drink each day for probably 3 years and every other day beyond that.  I thought I would never be able to stop.  It has now been 2 weeks since I have had one and do not crave one at all and feel so much better!!On the taste, it had a very vitamin and a bit tart taste when I first started drinking it. But now I enjoy the taste, would say I started to enjoy the taste on day 3. I would highly recommend if you are an energy drink junky like I was and wanting a change for the better! So happy for the change this product has brought to my life!",5,2020-02-01,the United States,True,4.0
B0GD2TYNT5,Pureboost,"Pureboost Sugar-Free Clean Energy Booster, Acai Alert 10 Count, Refreshing Energy Drink Mix with B12 Vitamins, Electrolytes, Antioxidants, No Sucralose",Alani Nu energy drink,RFYNTOR8DY2M0,Good flavor nice fizz great energy and focus,"Im new to energy drinks so I don’t have experience of many other products for comparison but I do know I enjoy these little packets. After I ordered them I was a little apprehensive regarding if I’d like the taste but no problem there. Each to their own, of course,  but I really enjoy the flavor and the slight fizz is nice, too. (I wasn’t expecting that from a powder.) And I can certainly tell I’ve taken a pick-me-up. I drank A LOT of coffee for many years and I like this so much better. Provides a Nice level of energy and increase in focus  but without sour stomach, jangly nerves or later harsh depleted feeling. In other words, just the good stuff. (To be fair, I was pretty outrageous with my coffee consumption and most of the negatives I just listed were probably due to my ridiculous behavior.) Short version: this will be the first thing on amazon I’ve put on recurring order. Oh, I also had a question and the vendor was pleasant and helpful.",5,2020-04-21,the United States,True,
B0GD2TYNT5,Pureboost,"Pureboost Sugar-Free Clean Energy Booster, Acai Alert 10 Count, Refreshing Energy Drink Mix with B12 Vitamins, Electrolytes, Antioxidants, No Sucralose",Alani Nu energy drink,RY85NY1G4VUBG,be careful with too much B12,"These have a pretty good flavor and are a great alternative to soda. They have some slight fizz. I have been using them about a year and drink 1-2 a day. I recently had blood work, snd my B12 was too high. I was trying to figure out why bc my daily vitamin doesn’t have it, but then, I realized it’s very high in this",3,2024-08-14,the United States,True,1.0
B0GD2TYNT5,Pureboost,"Pureboost Sugar-Free Clean Energy Booster, Acai Alert 10 Count, Refreshing Energy Drink Mix with B12 Vitamins, Electrolytes, Antioxidants, No Sucralose",Alani Nu energy drink,R3LFS62QBSXT5A,More healthy than other energy drinks,"My coffee habit has been replaced with Pure Boost!  The best thing about Pure Boost is that it gives me a good boost in the morning, like coffee, but without long lasting affects that make it hard to sleep at night.  There is no sucralose, an ingredient in many energy drinks that has  been proven to damage DNA.  Pure Boost cobtains vitamins and minerals so I don't need extra supplements. It also contains turmeric to ward off inflammation, ginger root for digestive health and grapefruit seed extract with antiviral, antibacterial and antifungal properties. It's an energy drink without any negative attributes but plenty of positive ones.",5,2024-11-08,the United States,True,
B0GD2TYNT5,Pureboost,"Pureboost Sugar-Free Clean Energy Booster, Acai Alert 10 Count, Refreshing Energy Drink Mix with B12 Vitamins, Electrolytes, Antioxidants, No Sucralose",Alani Nu energy drink,R1U7AJCTSWFTWM,Fantastic for the gym,"Highly recommend for a gym pre-workout for anyone looking for no jitters, no itch, just energy. Also good throughout the day as a pick me up!I love the taste, it's tart and and doesn't taste like artificial sweeteners which are an automatic no for my taste buds. It's clean energy, no jitters, no buzzing, no crash and I use it to boost me up for the gym, especially on 4:30 am days.I'm giving 4 stars instead of 5 just because when used on an empty stomach it can cause some upset for some people (just like any B vitamin complex, green tea can also have the same effect!) I like to go to the gym on an empty stomach and learned if I only used half a packet it didn't affect me at all and I still got a great boost, so there's definitely a work around and the product works so well it's worth it! (Plus only using 1/2 or 3/4 of a packet at a time saved me some money in the long run, so win-win)Now that I started intermittent fasting, this will break your fast because it has 25 calories and also 2 grams of carbs so if you're doing keto or fasting it's something to be aware of to fit it into your day properly.All in all fantastic product that I've been using for years",4,2025-02-04,the United States,True,14.0
B0GD2TYNT5,Pureboost,"Pureboost Sugar-Free Clean Energy Booster, Acai Alert 10 Count, Refreshing Energy Drink Mix with B12 Vitamins, Electrolytes, Antioxidants, No Sucralose",Alani Nu energy drink,R3L6LRWHI6JGKS,"Tastes great, less fizzing","Why did you pick this product vs others?:I usually get zip fizz, but decided to try Pure Boost this time.  I really like the acai flavor, it is not at all overpowering, too sweet, and honestly, I like it not to fizz!  I'll buy it again for sure, it is also cheaper (well, it was this.time ?.?.)",5,2025-06-30,the United States,True,
B0GD2TYNT5,Pureboost,"Pureboost Sugar-Free Clean Energy Booster, Acai Alert 10 Count, Refreshing Energy Drink Mix with B12 Vitamins, Electrolytes, Antioxidants, No Sucralose",Alani Nu energy drink,R188M822WRFOT7,I'd give it 6 stars,"This is a tasty, convenient and fairly clean energy booster for on-the-go.  I love the ingredient profile and the taste.  I've used Pureboost for years, all the flavors (except greens IMHO) are outstanding.  And I appreciate that recently they've stopped using synthetic forms of vitamins B6 and B12 and gone to the natural, more bioavailable (and more expensive to include) forms of P5P and methylcobalamin, and also switched to folate.  These upgraded ingredients are fairly uncommon in energy drinks or powders.  It also has no sucralose (big for me from a gut perspective) but does include erythritol (which I am personally fine with).  Made in the USA.  Great for an afternoon pick me up.  No aftertaste.  I cannot say enough about this product, especially this flavor and the immune boost flavors as well.",5,2025-07-09,the United States,True,10.0
B0GD2TYNT5,Pureboost,"Pureboost Sugar-Free Clean Energy Booster, Acai Alert 10 Count, Refreshing Energy Drink Mix with B12 Vitamins, Electrolytes, Antioxidants, No Sucralose",Alani Nu energy drink,R1FA5F47RDHFAR,"NOT CLEAN - Contains Erythritol (which is linked to heart attack, stroke)","Advertises as ""clean"" energy - and advertises ""no sucralose"" but actually uses Erythritol as its primary sweetener, which is arguably worse than sucralose.I used this for a couple of months until I read the label and realized it.FYI - Erythritol is linked to a higher risk of heart attack and stroke and may affect blood clotting.  According to many doctors, it's considered worse than sucralose.",1,2026-03-31,the United States,True,1.0
B0GT6VRQRH,Alani Nu,Alani Nu Cotton Candy Sugar Free Energy Drink (Pack of 12),Alani Nu energy drink,R3DMYFL6H6Q2IZ,as described!,My favorite drink! always arrives super fast,5,2026-04-17,the United States,,
B0GT6VRQRH,Alani Nu,Alani Nu Cotton Candy Sugar Free Energy Drink (Pack of 12),Alani Nu energy drink,R2H9SX4SU7K44S,Don’t miss out!,"Favorite flavor! Shipped extremely fast- no box damage, great price! It’s a win",5,2026-04-20,the United States,,1.0
B0GVTW2RRC,Celsius,"CELSIUS Sparkling Electric Vibe, Functional Energy Drink 12 Fl Oz (Pack of 12)",Celsius energy drink,R274CC37L0NMG4,Don’t search “Electric Vibe” alone on Amazon 😂,It’s pretty good for a summer drink. However I’m not sure I would get it again and pick it over other flavors at the store. Maybe a lil too sweet and candy-like flavor for me.,5,2026-04-30,the United States,True,7.0
B0GVTW2RRC,Celsius,"CELSIUS Sparkling Electric Vibe, Functional Energy Drink 12 Fl Oz (Pack of 12)",Celsius energy drink,R11F587AOQIXWX,Fruit punchy vibes with a nice grape flavor,So good! One of my favorite celsius so far.,5,2026-05-03,the United States,True,1.0
B0GVTW2RRC,Celsius,"CELSIUS Sparkling Electric Vibe, Functional Energy Drink 12 Fl Oz (Pack of 12)",Celsius energy drink,R1SZ1D32P2F10L,review,flavor is amazing! best one yet,5,2026-05-05,the United States,True,1.0
B0GVTW2RRC,Celsius,"CELSIUS Sparkling Electric Vibe, Functional Energy Drink 12 Fl Oz (Pack of 12)",Celsius energy drink,R1RRL78FJESD4T,Skittles and vitamins,This one is a miss for me. It tastes like a combo of Flintstones vitamins and lemon skittles. Still has the caffine kick so it comes in clutch as a last resort. But the flavor is more metallic/medicinal flavor than any one specific *tropical* fruit.,2,2026-05-08,the United States,,2.0
B0GVTW2RRC,Celsius,"CELSIUS Sparkling Electric Vibe, Functional Energy Drink 12 Fl Oz (Pack of 12)",Celsius energy drink,R1AKCD95HJLETK,Best Flavor of Celsius,Honestly my all time favorite flavor of Celsius. I wish they would not make this limited edition.,5,2026-05-10,the United States,True,
B0GVTW2RRC,Celsius,"CELSIUS Sparkling Electric Vibe, Functional Energy Drink 12 Fl Oz (Pack of 12)",Celsius energy drink,R1BA1O965AEWCY,Love them,Best flavor,5,2026-05-12,the United States,True,
